{"version":12,"hash":{"type":"Buffer","data":"SPeJApJwz+p5SV9rK6s8t5buimsYqautrNVYmiI0u7LBg8y/0cGfJzlvsh5VSgGK6TxtUDEhvmYUl9IoDne1zppz67dBCjQOdciV8Kk0XW48GyJ5m9ge34z/iqTXobJKYnb4VtVXJs1RIgy2H3oBs2gx+CNaRIfSvF+LYLsaGj0="},"indexValueMap":{"95/ZfznIM11BR1QLLbmMhtZL5cQKtHpivjxgclLB/w8=":{"valueMac":{"type":"Buffer","data":"V6wnCBI5mRBe/VKyKAnAMkMZJqoKw/7JInbT2xgcves="}},"OjwVIhe+YCoOmcZSudlHYP6X1AdPgik5yzVBbERth3c=":{"valueMac":{"type":"Buffer","data":"3a4Zj+58lF8vP1irulAhiXHzVBCO6KpsvMY1OxULY3E="}},"Olah9aCfXVtnmCkugrSa+eYjzoFu9k/dyJEDSrYeP1k=":{"valueMac":{"type":"Buffer","data":"GSXYVTB6O4RhJiYlHRtVgMLCf3UDcxe5pQ/rzHnjgi0="}},"ZtJYYOXpIIi06mmp5FkIo9fHHVcRFgWoik/X53KMHcg=":{"valueMac":{"type":"Buffer","data":"YAwwg1gGyhD4HZDbGHqW/6j2rQBWKAgZZfB5yinpBiQ="}},"YjuegiXSQJjaFPw4uGl1bXystQLVJ6HeraiZl3RqKnc=":{"valueMac":{"type":"Buffer","data":"KzdayZml9UdlW5iiSTLQpZuPiAH7mVc0+88D1zUGrsc="}},"fFn5s4gVdT3yKrx4my2NvQnUOl/J04SQWl0wJ3XtvRM=":{"valueMac":{"type":"Buffer","data":"LAi/dG9++Nj+azZt5V3HMvmvkBqx9xH/R8XMhFpoMQA="}},"gbFvUUyANBWWYcuEK3KbvQfAWQSDVYcj3BDnWpm6Row=":{"valueMac":{"type":"Buffer","data":"mhb1EK7f1K889svX3wBW1IHe/n3v3N12HpJMlQHcdk0="}},"SQi0tAWnVJBusz8SQujboJiwbBjbnwitZTnDFsmbYsg=":{"valueMac":{"type":"Buffer","data":"IsvqU5/FDUi0a6oWmCAsQS+7BIz9eR5ZU3zFYSTwYDY="}},"QgIGQIvrhHLcJJdXIjWfxKH6PKyp3uZwoCH4EGZVOZ8=":{"valueMac":{"type":"Buffer","data":"RDr0c5/H3m3MQtutELGajQ2qWhtUdV9oaZOcqprN03s="}},"w6mexKvwLPCLJOSwzJerYvgotaZy/oTuoCbmWqNRPak=":{"valueMac":{"type":"Buffer","data":"do6L+hGdu+wbDp616Gs/mm9cOkniYcTL7iio9qioYdE="}},"zYZSE5ACu11iziXAzTqX60OHkaX8L0zdyZoIa8bKJVc=":{"valueMac":{"type":"Buffer","data":"CjnNy8ESj3nkpMkKiBoU6Tf1a6LBSEh3BmwQPyzDj74="}},"jyTg1kciTi5C6XzMzw50fg4hOlFMzGd5BDakt2IcGxQ=":{"valueMac":{"type":"Buffer","data":"9VzAhIavljuezrhsqdOgPHAmOQqAM8c5EcL4AP6p87Q="}},"0r135/L9xsPlmayngZjUBYqrDBYU0Cq20oAq64zsGKs=":{"valueMac":{"type":"Buffer","data":"jeZSQhKo63Nvs8439WrF84say77GPkt59R8ijcgVnxc="}},"4b1kbuK/XUX4FdyTQ8YVrgZa61/wGVbBxPs1nPX1D3I=":{"valueMac":{"type":"Buffer","data":"3oRod0vhgU/fHJtAZ0UEtCamttDbW/PwNkTTHGynlKk="}},"OXOvenE7OiWVg/SqTMNNehxpq8FH7ZjvoMUwHk/3FG8=":{"valueMac":{"type":"Buffer","data":"Lb77po6v+LdoOIs8iStZJfBNtFBqxt0v0R/Ts+27RFQ="}},"dLYG0abC0WB0svsrHU34On7RGT2wYJupcn/YuSuXjPs=":{"valueMac":{"type":"Buffer","data":"FBo4tb9BELmXoeXFdBZTgoC0fgkwbuMsbm0+BKBcHGQ="}},"wLHMF+r+wE4c96mT6jE2qHIks514fxpzVvtWyih8wqI=":{"valueMac":{"type":"Buffer","data":"oqcgFuLNmHV3pstpVyU9ZGo+ZtiZAhLAJbxXbjCqXVg="}}}}