{"version":21,"hash":{"type":"Buffer","data":"gf4YvYKB0Cz9lgVAcUrGkIMWdKc8XpkNlpUXnPJyGSiH64/k58lCuO+YbKeQjVdn58T4xdUX5dimmpfX2EJ8PHE+3B538fSJvhbPazkzs0RiRBVAlblpjKaj81B+dnhVRE9b/BYUZOkgWIneIueLst7q3Ec19txpVgruoERdD0U="},"indexValueMap":{"/eAIVqlyEBUxQfN4CR6ekkHmEvZFZUNCG48F4MJTlXI=":{"valueMac":{"type":"Buffer","data":"BEH9NAR2HPUd2lH/lBjn3xLvvq/2aZ/XKNu/daDfnMY="}},"jIJAkNHoGHZQEuNEfCFogFuHUqkvNSgNBuzcM352CaA=":{"valueMac":{"type":"Buffer","data":"XYQibiuvbv7EUTLlxSBTeokhAadFkWzOHi3mVebfGyo="}},"IwgwEJjKkFqj2sbQbGWvdCRN6dilNMLn8VV5/gXTc7E=":{"valueMac":{"type":"Buffer","data":"0M2uGaAQoqvNoMAqROHEc58pVqxcSfNMMCB9SoWwYZk="}},"PHEyKq31D5c3kLB3x2SQTjNMzpj+vbFxqQAvlcZrfKg=":{"valueMac":{"type":"Buffer","data":"NNazvPSgJmGSc2E4Q7cBczLUujv4KhT1PeosB3XHIt4="}},"msbLLPRiOaGAuh6FnBmoNl8lGyxsbO/cSMwfChqJDS8=":{"valueMac":{"type":"Buffer","data":"9Ln5AfH65Upj7bn7UoQOvr9NkKvf3Yz4JeCdH/8pQBI="}},"OU4T2RrQYxp5S71LXXN/jA5u81wXELEZ9SzSwMAL1CQ=":{"valueMac":{"type":"Buffer","data":"6SNOQzdR6+va9qYLDY9M0ps7NOFJPNVcYyUmA1FxK0Y="}},"yoqYUC+GXty3eLjJKU5GSznfOmQkikCLyhR7VITyfD8=":{"valueMac":{"type":"Buffer","data":"uDWgAeJJyGWFUP7gxtTBGztiHR/yRckz4UxYqXEz4Z0="}},"o2VYvP0+LCaBU7ImU9TUFoWxjhj/3QVW1Cc+DnUzDlw=":{"valueMac":{"type":"Buffer","data":"HFQXwYUUMZTc442cpAyvFISguxbDUcJP7KPDK9s+FDY="}},"NB7X41pvrfb1EPfKp6Q44wca33uLi2NQErBIJ910llY=":{"valueMac":{"type":"Buffer","data":"B7ZgTiOYCkjCXk5CtgmqPG2uHgRm3LEF9ADZlFb6BMg="}},"WX6o4yweemr4xeBY8ceKHM6X9Tz1Ri4NYfgEEpKpeKU=":{"valueMac":{"type":"Buffer","data":"nuo0MZWJRtjs/P/gZiQXTaJL7Ee7K5AZ81bH66LLH7I="}},"zaHha9xMHPsHvUvaLyvLlX61fIwRCqVVg1MQvHMSqmg=":{"valueMac":{"type":"Buffer","data":"eH4KSj2BUvw7A9M0YSXvD+dhkwcmAoQUvaMBduK9Pb0="}},"Oz1sOnhmyb3BHlciFMz8hgEfQAVATOVkwVOXH4A4n34=":{"valueMac":{"type":"Buffer","data":"dbT2yHx4QrNRSMycP/hRRtYzDCgSRZNI1QE4fdJxbjI="}},"BUd8iw3izViG6h8OyjSv7qW6I3T4vD7dFXp2Fv6k0s8=":{"valueMac":{"type":"Buffer","data":"0sNeXv+QWYR5VQuDAxs5CHdL/o0SOvNgsfbZiIu2xwg="}},"WCs5EMFzzow0nyFpq3L146TDdMear5wt1QexoUVkZv0=":{"valueMac":{"type":"Buffer","data":"7NyBoAbEIMr2qZoVZYCPkMfeKH7Q+Pn3h0F6ni4JjbA="}},"m0yql52iVktMUOHREBK3ALbwAARKZ64PAWS2G1fFFKA=":{"valueMac":{"type":"Buffer","data":"ZL27hd7W2+J4uuGctCxpSn/tdfOSIZC9N8/rWJ9tLvw="}},"oDmjNnPFLz4z+C478TYM4Ir/6A7Vcxt95+AkoajduLw=":{"valueMac":{"type":"Buffer","data":"3/xj8xjDA83SHhIoj+PbPad5gQwzUyG5OcGgzdo7Q2A="}}}}