{"version":298,"hash":{"type":"Buffer","data":"mkIZyibB6cKXqV+JscoAoLEgmBFhIJRFsZSgeTw4euymueb+2f4hbBRaGddGx3JHlWcE8iEL6p0x/qQUD7LdaqXHQ3FVYKTNTXxTpHG1npJkq4ewNd003qRkT5oo7jPq7BUB5crkchO0pQJGanOn0svJCWqY8WloucYOynwFg+s="},"indexValueMap":{"AB4o6DP/nKq7xMLYTtqvVsZx6232WD7kTJyaBdO0Jkc=":{"valueMac":{"type":"Buffer","data":"MKk+OkRVjyJQq6NVfuXbbNXPg5sQrdmmlKOFCY3Bjhk="}},"AJis9mtu8DHQ6OeN4q09dXwkMyky0fMvT85GZfLvsQk=":{"valueMac":{"type":"Buffer","data":"lvi4YvkcvryDDMFy2n0kwk1GfW5nYagdH0zAF5pbgFM="}},"Aa0Fnr35D/i2ywoklbTOE8buASkiLSZJl1kOonNqWy8=":{"valueMac":{"type":"Buffer","data":"N+yz+2JmHGpvRN8VEohjFthb1hCgdge6OESBT8Gy2fk="}},"Alo16+9ga08XrOnLGC3mZK3vu49hLucvrHmUj6MLk4A=":{"valueMac":{"type":"Buffer","data":"iXOcHoO70+5cJWgD1yp0K/RG+z0iRtYjEp7+U6AhJXQ="}},"Al7U2gUQVNQL2Abhw+yCLXR45FgUH/qkBpzX/+jHF9Q=":{"valueMac":{"type":"Buffer","data":"viwG0Wv6916bl3BsQUDGsOkC43yCdTZ7Ym5yReA8+H0="}},"A2jsxC6ZAyiZRf/fCgxL2dBeNsCqqLubYtbH4TZWdXs=":{"valueMac":{"type":"Buffer","data":"mloj2D6DOw0Bcrw/+6mjgNAXhQE3yMn+ZOo9Rn5sXoM="}},"A6uqvCq9Vz92ejd9XIwIkE1s5h11oS9DkMSKIO29Hs4=":{"valueMac":{"type":"Buffer","data":"UDnRlCehiaRtu26huls6/5h/keEQrfyJXugVD5rMeck="}},"A9J1h3en6kmFS6KHIEr9qr9k31jYbPNsIw6uGTqyQCM=":{"valueMac":{"type":"Buffer","data":"RjDeYSGSDWtDuXcEPiVjsBfNNhxWsbVEFnH3Ux9GykQ="}},"BPcLbfQFAYfkNRRf1PItHw7qTU9z+NSXwD5nwLuHPiM=":{"valueMac":{"type":"Buffer","data":"b6gfAtOSGC79PGRftOL8hsTaOD02T78l2rk3b2kP4A4="}},"Ba10xTDzXivwk2EhYgh/cRb4ee+N1BCiWopTBNp/Lo4=":{"valueMac":{"type":"Buffer","data":"a8Iv7K8hx6Oh1lEiI1hPjmzY1S4+5GOSCiDfUsgfoQE="}},"ByRg3cN79P1XSlxhXEdF83yaOHLnQwFVl74nl46llcY=":{"valueMac":{"type":"Buffer","data":"NxE6edWVLcbzhFeCnGi0BHk4oW75aw8RjuY5LEvUV5o="}},"B6GoyhF2l7UgkjBWWQqtQAw8ICR/IVF+BYsP800DliM=":{"valueMac":{"type":"Buffer","data":"D9jSyXIspOW9/dpVC21lP2/hlia+0U56neq/X8y0LV8="}},"B+68MoySBD7V+WPsweOOFo+2wwMSjaM/xO2X/ocSvm0=":{"valueMac":{"type":"Buffer","data":"CZ8O+hifVVCEe/KZIr6ll3JCs8QMNJe8fKJu/F8K2ic="}},"CN3+guXlxuLtnoeRIFp1YLZHuqbX7SWO2KUNrAYaTKs=":{"valueMac":{"type":"Buffer","data":"qz3YWx4ahbO4xO2MeoCJreOr424rrgdQFvIf0M7TFOk="}},"CkqTmmdu9pMvBUj+xOCbiODClsSqXiEboxqtukt9aAY=":{"valueMac":{"type":"Buffer","data":"2Snmb3i9nVzgMXswMnEIQQXpdW7zHk0iFBaxKa3rVVw="}},"C3O31hUNUydGybWclPkHvjINPA6rFAOODQCxrPFjzxU=":{"valueMac":{"type":"Buffer","data":"tzH/qTLL+7CI38QJfVDjMp/ISxMRVvutbttAT34PFFE="}},"D9Xyn0qKgSwAIDPdyagQEBHKobA1f3/GSW/ePWC7nxc=":{"valueMac":{"type":"Buffer","data":"OOj2T5NX2IPsClAMIiPiSXMHG53WK7mk9FpQIscSxhs="}},"ENSuz87GYruPK8mP3W/0GIdQuejr1T8U3I6aWWbjigg=":{"valueMac":{"type":"Buffer","data":"sayArLW6NTP9rTxQNBlhawnmDl2a7BBV9HopadxHCAw="}},"EkjYv7kzAEfak4UYZop81BT31YMijSpZoKptL68W80Y=":{"valueMac":{"type":"Buffer","data":"OKYRWMHraUiKfQ2sKq/rYQQRBjOa8XQodW2CCZZkQa8="}},"FESuzHKry7U1rdv6JESfP0vCYLvSljQSApq0Vp66fFc=":{"valueMac":{"type":"Buffer","data":"LJmOE5fI7EB8UKalptFRc/yWG4SLR30mtm38cnxqxik="}},"Fenhp6rcAZGBTvwbmpU+r3v5kE+D5jfS9k6Yj7C2uuQ=":{"valueMac":{"type":"Buffer","data":"id9IxeATJsmJj+uEfV7KGaLkbo8Ueouiu9nsh0XC4QE="}},"GdIP6GNGoXSWMfE9n6e7JN1hxWtkArW9Rp6Ny67MPfQ=":{"valueMac":{"type":"Buffer","data":"OGsbnwy4OBWUtJ0JQL6anqqRBDwM2HF84J94jmeU29E="}},"GemipOjYEAbK7npQPSKkV44G2a6VfhCqWqNtP8C+4HM=":{"valueMac":{"type":"Buffer","data":"U/hYFgkGMO/5WcmQoz2vGyIDEd/gCJkGNQh5PTNCBUY="}},"G4BQpGOHsQ4TwOQNI13mnaBQK6D4k/QJBhiNdar9yWs=":{"valueMac":{"type":"Buffer","data":"6inTpjufCeQIumMkBsC0jWtRWMu1NrQ/l0xSkDuCU1w="}},"G6PDZmsd1Oq6LhAYlFFNUDhaAwiLeCaPsy3vRnh7oac=":{"valueMac":{"type":"Buffer","data":"e6uiFmKdbm1PCzN6Q7oqB1kBbGhENaf8sUuljLM2uks="}},"HTRsbriSDD5YzID4KtGR8qvsxgi+Bpx3yEb0dnQolKc=":{"valueMac":{"type":"Buffer","data":"8grsThaoTRh3T4bJkttrrHtWIn8QwHLBN29p8ofK/O0="}},"Hj0T3vYpI6end37U6CxDjUm/pjUwiiiqX/jYB5Vh1JA=":{"valueMac":{"type":"Buffer","data":"jwAOrDNd8kPB83pG7FA1ZKEk551LG9AznTtneDj4ocE="}},"H9WxyhaWL0RN6jkePNKeSDCERHMV7xW4haXQ9ynaGtk=":{"valueMac":{"type":"Buffer","data":"w/Q29WlV+4wporDfVyCLkO29sCrCs932PpXZbYgqFVg="}},"IGka8y0nR69NtQTthJHr3iPFZLbtdJRbK056Sa8WnIY=":{"valueMac":{"type":"Buffer","data":"aKOOolWLcn90JTosTWc9XrJRaOJ9fEZGO77BUAqQ1uM="}},"Ii5xNkYvfN0VTTwKVnWQSP+RIXvPvsP8Vj1aE0qN5Z4=":{"valueMac":{"type":"Buffer","data":"vwL0DUyUdjDX4AJYRaUJ7XQFpsWds4io5dhtUz+RKtU="}},"In9eKgIJupTDGYKbCsBcwOnLTE23qZVFX7kmV0vLp7M=":{"valueMac":{"type":"Buffer","data":"ODnBliQW7qD/ib6cVnGP5GyGbdx5zHUbuIHQmwdi3NQ="}},"Iovy2/ZbNQ5pznDr8rZJBV236/KePejApkwnm1yavmo=":{"valueMac":{"type":"Buffer","data":"o4KIXa/E4JZYH4emHg5ApRhXT3KeQUsW+lNPIKXkgNc="}},"IthwxoyYSJGkDzAyef0TBotIqW0PJbg94No24pblFYw=":{"valueMac":{"type":"Buffer","data":"RU3rAAJrq2W/QLbA7Yr09dAPNGsLwyPeZYO/mXsGOR8="}},"IxS+et2nGZCET2BjZETVJxp21HD3xdrUhB0FEg/XEeo=":{"valueMac":{"type":"Buffer","data":"AKRwsgCemsgrEkyfZY7Kbx4Q5ERXEgrMkchET8Sub/I="}},"I1YbZX7H88/hqS1HGvbwAn4ztzosUcXGiS6Ab29yssU=":{"valueMac":{"type":"Buffer","data":"XfR0rWDS3f/jrWQpeLlxhw8cOq5jsLVyXNdG5OqDL64="}},"JB13ENm12RppoLbrd1zImisYE4hXlkhCWjgLba81FoU=":{"valueMac":{"type":"Buffer","data":"QjMNi1gTQ0QE/JJ5NOlpz3nlbuzSd9vcSnRoaHh5d10="}},"JglMAnu9PL6e6MQvzebnANGJSRhBrMQVRtFxtCWk034=":{"valueMac":{"type":"Buffer","data":"1bvoxmJCyQSVJU3HK4Ojj7K79m+Whjh6vUpt3I/upII="}},"KMqHH1DF/xS9fW25T9BaFxPPLrck0hYI1g1aCWr9wmY=":{"valueMac":{"type":"Buffer","data":"iR4iqDMvWuWd4sGxiih1A52VCc+keZsYOHOJ04E2NIM="}},"KZ+XfWXBtE+4LY/ylqwsxZUxqKXvfSEJclFc0lQPEq0=":{"valueMac":{"type":"Buffer","data":"3sxWbbDWYpqPZTtWtHawT+2nuQMcByKjtQ4cZ0PP/rc="}},"LBFbA4mYFUDrd0e8UNdpkHK7aWPsPGS4nnhR78cJtVQ=":{"valueMac":{"type":"Buffer","data":"1cRyqPq8LdRCQd9RGGKIgyWe/K7IC0zqKmbZcRh8LlY="}},"LQ47sEedW6WoVeB7sxHjjHiVrx3rEzwWut+PygGGBeA=":{"valueMac":{"type":"Buffer","data":"N1n8EPHQUkoq7yEAgR9talgI/pSsh+natyGzyXVd+KI="}},"LgPOxHTebF7BN4ZXHSxx+mikno+IapgaZEaqcdHEvEY=":{"valueMac":{"type":"Buffer","data":"a2VXPsuVsjPObEPss/oeQc5T2FiodHJ2z8bKmcpCnA0="}},"Lv/KWUUmmcRocKxj0b94EZz1Ng4YcEMJiv8FFuULryc=":{"valueMac":{"type":"Buffer","data":"RydB+LNx1O/f/g8/iu56pslaziF5wkZFtE/qlwKY+xk="}},"LyCTUJ+sS3wM+wjo+EgyQQCH6cg2y1xRTprFlnk4Pdc=":{"valueMac":{"type":"Buffer","data":"eF+Q4wis/94Srlx/jPmrecT/oVH1wKkdM4Sno4df1pw="}},"L9E5ISpxmCE2qif/+5VvPp4hzaFnN/Bovrs2SbN46cg=":{"valueMac":{"type":"Buffer","data":"c6yai7WtOKb2LktnuOTxFUmIXf09Ahi7t82gAtjN4BA="}},"MK02+bhR0ckkUskUhkY9OTMdGD55WGdY0Fj8a34ELZU=":{"valueMac":{"type":"Buffer","data":"du1xiXRifvFOKsBGPnHP551wa9noP3j0aPgMYy6rFP4="}},"MVga96x7/Ka/hgBDSL8ociSFXYCMXntmegtiZLJZDqU=":{"valueMac":{"type":"Buffer","data":"oFfy26Wk6JlZdJGZeBUi1TK6Na5Iu8hv7YB5miSoUX0="}},"Mi6uRFYhTBArTRqAdoZ868ZjIzJgXv0SojW/gQuoyB0=":{"valueMac":{"type":"Buffer","data":"5Bx0tPfz9cn6z8pAWlJYNdQ6Mbgzq/SlG4b36oUxxL4="}},"MyBscBO7mZV5OA/0DUaZ1aU7PdwWZS8zJHAzBDC6XJU=":{"valueMac":{"type":"Buffer","data":"5NUDg1tt1f5JBG3sTO9cKszcDFQTaYjQbatRcwqmBAc="}},"NNkuhXOugC67WStMpMp3/IR9T58K5Drk7N33xwZ6tXY=":{"valueMac":{"type":"Buffer","data":"3nZrs3UVwgNJNVc3/fdFVAO8w0CQ6Tm+plcv9czxILY="}},"ODF6QmHfb9E/LH1zQwGKVzUYxRSm+Aotq26KV6/Adt8=":{"valueMac":{"type":"Buffer","data":"cfO+nAJEIBywpr6+EKYuYmgFWsT9y+R8EGIeuy5ibsQ="}},"Om9u6DiEWXenpbYNIROX+4Sa60cC2jtkChyMuZZPueA=":{"valueMac":{"type":"Buffer","data":"SDNfM4yod3Xm9l9h9QwUm5+TXNvl5TonOgQVclqvLlc="}},"Ow5laGubHgi8AmBCpga/VR5hK9yyEE65msoE4iuoQ7g=":{"valueMac":{"type":"Buffer","data":"e+0uD8L2UT/VEHGSCIXKuppgg5BCawfesyDiV091jGQ="}},"PJK6rC3dgD6nbxlM0WzbtSCotKDU8QJtSM0Rw0DuIvQ=":{"valueMac":{"type":"Buffer","data":"B0HRySxB/Z3hUnH5SCwtVRz8gz+1PmZNoHXvIU2Paco="}},"PLgd/6NqNnvEA3IAuF1y6pDn1Y0o7ElaXFusZDU8ZTE=":{"valueMac":{"type":"Buffer","data":"XxzdcoMFN3k6sVxDBXv41O2EnSkgvbtOOhVw85UdUwA="}},"PiEJOZTO3yEE7qbjl4E3lvb/tRxqIidbxRCadN7C/+M=":{"valueMac":{"type":"Buffer","data":"3jnMaEkIvqtSD+mwNxyJzGdDll1KikmIXMrk2noKFog="}},"QM63XycBWkTlayEn0yYEbaKcdHcID/P/4DXR5ZmQF18=":{"valueMac":{"type":"Buffer","data":"AGSXPdePrXqzkOxOiDBgjzVzvKprvWtCQ5vlBlNgRjc="}},"QYH8bXE/ND34ePfGE5iMd54On6+xMMQc5CSJeDfGqCo=":{"valueMac":{"type":"Buffer","data":"QLV03g85UIQM8Ir18Yv2c05NumkVKhdApLIRETccrtU="}},"Qcb4KveGWXUhGxCognIWVYbmIMco9sYVmy7cGSiFPjo=":{"valueMac":{"type":"Buffer","data":"2SZrj7EyU8nlPeZWlJEJqBAgPskMuFH9Oh3J0CDtM3M="}},"QvcJcAEu48gdJLOd94rgA/uneNSi4EZB7PKlwMb9I1A=":{"valueMac":{"type":"Buffer","data":"jiEsXLpGGk/MML71QgH1qsn3RI+2nkcHBeZ7Id0Q+EY="}},"RDgsdVIFQyWkNlxDeHfXnuPL7zz37ch/l7okjTWAOHg=":{"valueMac":{"type":"Buffer","data":"5M2oEYr1V1JUS3pc7fOB1Gg2qDisArqtWV/QSFuShUE="}},"RI8KaMhngmdSFhJtxKHpY3CJu4RjSNXcilveKS1YwKQ=":{"valueMac":{"type":"Buffer","data":"thOp83Zp+/f2k05w56l2uRYN163qbGWjxPj4l7tAVR8="}},"RNdpgEUqAcxUdB5zigLe1/9+pdCUzNATukRmBp3CCHs=":{"valueMac":{"type":"Buffer","data":"BdMyCja7SXsWw7GZcupxeEcMgq4JUduFCRBEHxmI1tc="}},"RNhDUIVz1iNLcka7RMVVYXKwi/ukwUVqDTnIotJvmAo=":{"valueMac":{"type":"Buffer","data":"0Y1S/RzMOtVU3RaXecJF+t9c7JSyPM6dQRV5B5kHLKY="}},"RUWL1uiTEfHxxI7y2saQ06YZPF23+awp3e9azokU/5A=":{"valueMac":{"type":"Buffer","data":"P7oLiRTzBL4CaoniU0BUMW+vvuOexLFcI+k7bZjTsJQ="}},"RZVcZwDPUEx6cQBn2h2ESv4MMyB63G8UJPbqjZE7qDA=":{"valueMac":{"type":"Buffer","data":"igY6n6383E3NcFIDUkQ2Ii3md65ZM6H61K5dcMoaKwk="}},"SL3+eAZQZrRlMfMf1zTd4IitjP4k5FdLvh02ASnQ5FM=":{"valueMac":{"type":"Buffer","data":"gOQ9ze1mO1UsjeJc+mBbadwIpJ6leRNZq4k+GpvZCeQ="}},"SoLGj7ouTmUtM7UY+AwULGXfFebACEKAiS+04iI2umM=":{"valueMac":{"type":"Buffer","data":"6RhX8Blueacc8p5ckXfiSMz69EYtwApvYT0p8DRObkk="}},"SzKMrE4c4ctavsix9El9VpcJ8YGMPKFiUtqSV+9RPZk=":{"valueMac":{"type":"Buffer","data":"AfztdxP3RQCFywRlWgs6/0oVkWWNl4V3f34yr4AWJaY="}},"S6hZcxBVapN45AQLr8/kUnmIrOC1nT4ObNo5QKk2gSY=":{"valueMac":{"type":"Buffer","data":"vRBZe7Q0VXJU0qZzkcwbh54Wx2h7SU2fnfVq81VZ2A4="}},"S/Gen8pYkF0jWDsEcDmIspVutf3RpW8XQ+OTKmWsrEY=":{"valueMac":{"type":"Buffer","data":"am+Yjpjd19xvlt/Ae5aiBSvdTLRbsBFRnYN/kd7TSq4="}},"TBfTixriaufYvUaxrjtLlEo7FL8f7OSkswpFIZiYAv4=":{"valueMac":{"type":"Buffer","data":"3BXn+g12UwlpQGNpJ63VQsYtUrvQqvr7aI95L13WT2g="}},"TLbnB8YTUPu/XcMYnuWjjJiLi2Sio2ZNXwn5o3EMFXk=":{"valueMac":{"type":"Buffer","data":"4SrsB5ImfojWaadWIxb1WGbK52vk7lXTf/XQokvuEeM="}},"Td5Fs4KtMiXur9VzTjQPy2cnFmGNCof0NA5gY7KeBK0=":{"valueMac":{"type":"Buffer","data":"qdrss+GKr49jvJ+A6sIRDf66T18H7Rou2Jp74CtGYMM="}},"TihGTeSh0UMg4kV91KrBz8uopMARU0abNB66QnI/niE=":{"valueMac":{"type":"Buffer","data":"VxvO0s8nlEDYG4A1jW3DMyuNBm7GkLspeMygGLzLVN0="}},"T2HFjXpdbTqIAEqFS3SGSW/wjijveTnFVUr8dBTV1dU=":{"valueMac":{"type":"Buffer","data":"hQpNZqeD7vFtgj232uWm1rf7l60MGinZi7eQ5qoIicg="}},"ULWYVF3zuF+zVgED2RCE80cOmQpg+p2qDOjCF5Vl5Lw=":{"valueMac":{"type":"Buffer","data":"4ZF1RHEOS/bxhlYp/UPdPBYHvokZhdtAdZjMx5LcYS8="}},"Uu/MTywbPtmwG6tHI1Tb/v7yGw8p4wUCIjBJKfZIBMI=":{"valueMac":{"type":"Buffer","data":"6JrOtq0/YwNwAcZDOIHMXZvHz2HuFxL4QonB1sSXMoQ="}},"VAOWIf9GFyqA0pZn+Yl4Q1cOPm7ddIKmrG6vH1kvsvc=":{"valueMac":{"type":"Buffer","data":"/QkDk/KsTYLm0QMdcSAT/5sM4td+gVyoJxgOLN5awL0="}},"VL+4jHODwNrNI75JEwoc0sR1jN8tU/UtbCeli2CM+7A=":{"valueMac":{"type":"Buffer","data":"VJzd32uHYVO7tissMypNYiJEx4BRrWdvBywfBUXpu5A="}},"WYYZbfzwD7jcr6WISSysmdskokhyW7tCRUrJjutOK1U=":{"valueMac":{"type":"Buffer","data":"NZYJa9trn1DU+vsXyqF4VJOhS5cakWqTS5ZZUBDS1y0="}},"Wk57OWumrMi4tt1RF4xTxvQMmDAmBGGaG+IhBKZMNCk=":{"valueMac":{"type":"Buffer","data":"uhYau616qUGJXizH1YeoC5eV2rTEhuW+K2sWNe9/UbE="}},"XnJALtXT/VYkU4gjnpCvHggRMVFSmBoknoLcNGyftIg=":{"valueMac":{"type":"Buffer","data":"EJZLj9Kc+Am/rGiG+wyGp2q6CevbcB+qrf1E2g8/quw="}},"XpocKvvvAlplLTmuZ9z0y32VLztELfsoDOWt1VFdPJI=":{"valueMac":{"type":"Buffer","data":"R4gqg3GD6FfY95BJBZMk+A+X1x/lY6+TPoAh2i6L+Vk="}},"X3b/9ITA6IRFqEsKl07BoKtwo9BGEHE0Q4mTAsCgGgY=":{"valueMac":{"type":"Buffer","data":"eeg6y44KNvW68O3QV8ukdqm81TRKxMvp1CB5hMxUyjE="}},"X79Ap/nfZk6YwH32Pd6tWY9oNZadzawA/LTSJeAj1xU=":{"valueMac":{"type":"Buffer","data":"5KqRZvzCI+opsi1mM4pk3ZRsco6Tj5czQYgS/cjzZRk="}},"YS/sOSNheX18S7cxaeVmGY0vay/qkujWWQMHw65nlT4=":{"valueMac":{"type":"Buffer","data":"V2zbgYv6ZJjnaZRc7QhtwkepHHz7LH7sAKLdSUZBFRs="}},"YXRTVSjC5PE1Dgf2y2GN6LTzUPw56ML92/u+tX1c9/s=":{"valueMac":{"type":"Buffer","data":"04JzD/c1jC2EgVhcdjrvaxLtLLinU3gqhJhEFvTD1I0="}},"YijKfbwURVJZy8xwDYH2YQ/gb39E4qv/SkgVzHMy5Iw=":{"valueMac":{"type":"Buffer","data":"LgfXv2Ei92QbntWDdjp39xFTU03FsBULVhVnTGpMK2Y="}},"Z/IFzC0RQPGhiSLPNuDkfU8MgIid+EWStdh8rY0yyZc=":{"valueMac":{"type":"Buffer","data":"kQ1uH9c2SvKQ3NjSQVothQHw7JrGD4FSjrGFgynvQRk="}},"aAwfzNQBDk12509/KI8/JbHbMJHhcsEvA+amydZH4eM=":{"valueMac":{"type":"Buffer","data":"eqs8KxZBW+IBal1l6ujwB47SbooPW0dPa9T2LfSmyZ8="}},"byYsg9gsVYxeIAHBPsgFXHBss2R8M1BineOiYIWi8QQ=":{"valueMac":{"type":"Buffer","data":"i8bc1s3mjmPw9R1td87pa1rTKyFXDwPJeZovHXoOCfU="}},"b2zFhBgf1WbUtqQg41PkOS5mwReGyNAJSLCf+9iS5/k=":{"valueMac":{"type":"Buffer","data":"lyT0fQpLauGr75vgfcs4LMe1Fx1KjtnUPB082sjJxvs="}},"cHlaV+cxE1Mc7F0XAhtIy4DvCuZfdwhRVSkK00StQ+I=":{"valueMac":{"type":"Buffer","data":"ISRssXkQ8eWslTC48p0JbvbFAsTcNp5Oge7upyfFZ0Q="}},"cR1nyOj5c/5vfwXLhhCa4tYfcC55ukexxw25hAqJMDo=":{"valueMac":{"type":"Buffer","data":"u1bf8Fpd+KKPMlRl+wdeY0Gu90QNF4UWFktV+8fiyxo="}},"dGMrt1ur20pZhqwVsTMeBbcD3zxyiB3o7RYJmFbdCbE=":{"valueMac":{"type":"Buffer","data":"MHM9UUJJ6gTBHtjJSaMIe9WR2+R0bohLa67A1ocKlM4="}},"dJL6db3GN4MX1eGSAhZ4CvJxT9ORvJ7HeObhgFGz0G8=":{"valueMac":{"type":"Buffer","data":"w5+YcRuFBbMEioOvjFrsfYDlnVJosNWPwVCEGP2AaiE="}},"dVSdQb7KO1rq/vHX5zsQxTAWEZ4IBjfZKzqIkmqXGOs=":{"valueMac":{"type":"Buffer","data":"L1ryuhvlhalAOKgTUuN6lbggF2Dh7YLwIx8QwqSgZ7g="}},"d9NqI1+Q6GcM2JjwqaUM2MK5Du0uOMYsVf7LbQrhRUk=":{"valueMac":{"type":"Buffer","data":"ZqVrKr+baP4DA43LYDMkhMx4/kCVgzocs0BpMWBqdz0="}},"efgtCbT5ra0i6VjKTP0GUkmCdWFYQxISf+5phweL0Hg=":{"valueMac":{"type":"Buffer","data":"yIv3W9yRO8IpDM2dvX/7DnTHlqlf2NFKafH72+BZSu8="}},"eh6tdXLV4sZrR2hbuWDNuzdN/COctwUeSp8ETQlpFE0=":{"valueMac":{"type":"Buffer","data":"TpCz+lBfqTO4ZepfHdu/zllNEfxcFyXSsMI1gpjHlUc="}},"ezgqjaqMhsKzg4lY23qXEX/oQi4JQO4Xv/OCSN0KQpE=":{"valueMac":{"type":"Buffer","data":"gxu9Siecaw0cDl1m8PcC3LjYJ55HGg8J6ujBRP5JQTc="}},"fJX+vNgBaev/CiytwiNINPWrYaU4Fk2itoCX81bQWQs=":{"valueMac":{"type":"Buffer","data":"G6qC8uoledcTKj4rcdrik2XBWoWwi7dUa3FuyNjPtJ0="}},"fR5UiKkq/C6U7CY4wHa3LqV7JSJhovyhzSS5TKNpulw=":{"valueMac":{"type":"Buffer","data":"3NuuLkBB6tH76rnN6Zzm3vXtC6tlkzf+/AyWEvmjNq4="}},"gmD7zEYLgTlAS/gZDFo7MsB3nZYJOn2qjeWTymDAHQI=":{"valueMac":{"type":"Buffer","data":"eqxsXMt2BSa1pdurfIRbJw784KxpMC1MKBfBPo6/p2U="}},"gokHn3PsuJ3BoJoKzZnvgu8SN6msQRzof2x7S4Ndp20=":{"valueMac":{"type":"Buffer","data":"ke31zrvNtHVnCloyHcJzjEbZKo0gUUY64coaB1RSjWw="}},"gq+9O340ZVq0Toq3CjBTSOZGwSP1S6nnukybRl6q868=":{"valueMac":{"type":"Buffer","data":"H8c0SpPFynaNOaD3sfB4+DRmaFJ0Db30fu3rJJgUAHo="}},"hAw1CtSe0QRE7gbC7nMTDit8y2K0o8PItup9PYtirwY=":{"valueMac":{"type":"Buffer","data":"vJ+BZrarG6nIyQspDDftR9D7Gw/MHoTilJ5+2kc7rvw="}},"hMbQjHIH8fPDjzFhmpHlJMMuNYWgUO7D3xiMsrxg3vA=":{"valueMac":{"type":"Buffer","data":"Iq8ka2WU7kMg4bW8nE/gZE01xYR1ErAPDjT5Dg6ddP4="}},"hzPmkZ0hvwvSpi8SbEIY4QKYW55csCh2aQmVrUq/uso=":{"valueMac":{"type":"Buffer","data":"+Vz6/wysgVQdjD/RAjBJjcc/45t+BjHMgHRWwIvltMg="}},"iGqCB0lRQpM43E9A+H8RGJ1mczh+o08t2+Yn+4Nebxc=":{"valueMac":{"type":"Buffer","data":"GZF00P/DW2Ikifm7r90BddD6NtK1kNHoNy3MQlT2iJs="}},"jMGhkTYZvZTitYpdkWVOQeLuZQ/E3CO0aONs5lLN6wU=":{"valueMac":{"type":"Buffer","data":"xAcwwbcZYASHYZYVm4NcaAxFk8a5E1C9X37bxDDr+mM="}},"jtcgxVNYqfH6igebH2gvEtHXY4FCkLW5dYK7xBu/qr0=":{"valueMac":{"type":"Buffer","data":"tprgitSDEWUPo756QNOBPUd4OsUZC78sOblHmv7DVWg="}},"kv5Xt6rdPaVhZMe8zYqVr1RJwHJRVuOaF/IAh6F+zpI=":{"valueMac":{"type":"Buffer","data":"RbzrrIEYf4c5Q+X2A9uCX+NrQenYovJ17YbNyeXjDpc="}},"lB60tVTjvMlMS5RjpD3HRHlYrFX7TqyshM9pOpVI9CA=":{"valueMac":{"type":"Buffer","data":"aHuZ0XLXRdDXAnG5sJjGUvx9zPqbQbwLiQJbfwoYu8s="}},"lHFum0HdWN9Z2k8kGFUdufvPfbUgkjstDi/t+KUBo5E=":{"valueMac":{"type":"Buffer","data":"MFFhdhsPuqtqWiJo3dUUWu9HSynsIo9J5c8Fx/v5e3c="}},"lKVx/BB1j7FJHSNfFGKQxgBWCwshb+JDm3xYtFz19ks=":{"valueMac":{"type":"Buffer","data":"cn3z/loHM7l5sWbeY5HidRRpoGVU/iOObM9CUumhsug="}},"lWpx65JR6ynUhR4iALJNIxD+bTpjXxkf6hZHkElIKj0=":{"valueMac":{"type":"Buffer","data":"g/WOoxB63DdEfjJ+5hREXpmqHUyJFBtTdpydvQOx4dc="}},"ldO0WnNdGNgS85DX6aD9RKpJ/FYUMCL8sxvMa9LpVMg=":{"valueMac":{"type":"Buffer","data":"O13bgB4owd0qMuZte/keRUloVsyHKwiuyc/siwwxYW8="}},"lsrWr4WdVQAHGF46e/3tZjX2SuGePTaFjM/8WZxLbi4=":{"valueMac":{"type":"Buffer","data":"wGILPUgEv+tmfogS56nmnV1uPqS4HvEIj9hdLnwHnWU="}},"l/ynG90bNiv7hkeV9w1lgaiZWgSjAKFx0QUbYoYe+Xs=":{"valueMac":{"type":"Buffer","data":"Q5nihCdi9fwuvBAxi/O6W9Qb6ZAu/uXIkQdHpJMPN0Q="}},"mZ3vGv0VXjdt+XoLwf0GmhLSn3JYlfgP6Ppm6WpDV6E=":{"valueMac":{"type":"Buffer","data":"oBZOV8dQiBO8gQWlHumXuh6WVxismN7jZxxp+Y4h+78="}},"mbctc8uChj81q995/UMZH1z4loFbbQDExZA9zSoVek4=":{"valueMac":{"type":"Buffer","data":"1MgXuBt8jP+MIMtffwR+RCEigDEwRK8idzh7Dpsmhk8="}},"mbf+Yp3yuk2SV2ra9FppTWGyoyuKFy29RoMLU9f/IYE=":{"valueMac":{"type":"Buffer","data":"goY5RUy0dR3VU1Ns7MPG/pu1Wp+e0jereV7cgaqmlUg="}},"mcSfW8AwP7g02OtWBqs7OZ+rKdiypkyMXyA9MlQ+45I=":{"valueMac":{"type":"Buffer","data":"efumw7yUtIwEOlhm7Xbs4QS/EC65r6nCfprDO8kqDH4="}},"mvyHDH1Mey5CPwifYz9SDbqcWD70Cb93T+eS8xZsGTI=":{"valueMac":{"type":"Buffer","data":"Q4C2Ihh37d5qiptqgVPJy3s014byxPTSmWKcupPnsUk="}},"nIfOuiQKY9BSNhsNGDQgX0Hk3uIzGx+P2B0c9Zqoc7A=":{"valueMac":{"type":"Buffer","data":"h0XpmeZwErWarje2dnGz7EZ/5ITWepS+knKYXUaCNn4="}},"ndvolDjxgPibjMCBhaTp6JPuDq1gFW5GPecoXS3YPiM=":{"valueMac":{"type":"Buffer","data":"zOqSWwpp5ZiZdYLNKLd+v3mJoiPSlEsl+wHAyvKZH2Q="}},"noPKAx51rSMUrgVcPOl/W/0mCgvaE67I/OZJ/IZPFX8=":{"valueMac":{"type":"Buffer","data":"LX6mfvfhb7POwEybPENw7QziOxYzQxhajfOG1A/QzUM="}},"nsPppAry23tV4LPadpo/ZMWZE8EGFWGgKODoxYRKYPk=":{"valueMac":{"type":"Buffer","data":"Mvel/ygM1/zx2Lq7y8xQDHcPcBoQnjJRECZ/2O2UQ4U="}},"nvueP2WMXGAX6ub5Tz1p1vcgFwVmB98DM8BuatHqLyo=":{"valueMac":{"type":"Buffer","data":"yvEvzenRgYIVXurXNIpymAsMCgxtWnaw1ZTEAjBP5FE="}},"n46IoV+2nmgFxCxQXmwDScY4gy75CqQsfwm8vFyU1/c=":{"valueMac":{"type":"Buffer","data":"LK2TdFXCKijzT9OAcPxiLDdqVF+z4+jHA4QQkQL2Y6A="}},"oB2QgEXWElxm0OuVvRHsdGct7B2x+D8O2cfycVGAZ7k=":{"valueMac":{"type":"Buffer","data":"2d94JFkJloti4KL1exMWY1oVRCkuk8ttnvUEKVjSOH4="}},"opbnOp/cBMemC/kHIsZyd1qpgm/6ziTY5gMF4NB6VFA=":{"valueMac":{"type":"Buffer","data":"461sStePcPZB/C17Rq/K8CH9u6WiZBaj8NYx1iqcoxo="}},"pCPu7hGbBDqEznyXP0plCGAKG3tCxkGffUW0NGY9R0s=":{"valueMac":{"type":"Buffer","data":"jUk46sk0xRDEvqkqGC6HHknxd3xq8b+komsZyjSCAtY="}},"pDN1ZEKShp4YaGbkJ56bw4Ekh4tVWhFNl7ktDviMNiQ=":{"valueMac":{"type":"Buffer","data":"f9LB1s3NAtd5mz74ZfMbog5xM4HR1ccQrSn3AjPmp9I="}},"pFWIvS9knp4Ym7se3mwXKNois+Rk1XiJFiaE4ME+t/s=":{"valueMac":{"type":"Buffer","data":"2kcOdy5ZD6hh0QRRHRtPAmfEfwEzp6U9Nz4XQvs0BMo="}},"pKBfekA3r7iZTF2t55ubHjZymbZEWmHQF1yiB1JIaK8=":{"valueMac":{"type":"Buffer","data":"auHa+1PD2nAK2a1HAY3G9R0c1gxtZUvBsyGUqaHVKOg="}},"ptcO/xSDjDXSMkH2LNqFJwxJfBY9/KOAF6XN4+yE5d8=":{"valueMac":{"type":"Buffer","data":"f0UZP7vXr+PStUF2h68cA4B/B6fNDiUYvMx1N9mGGHg="}},"qIqkyIgxW2tUaY0MozUW0Srn+gWs6D//7yrG47Tlyz0=":{"valueMac":{"type":"Buffer","data":"4CBB0YovPQHzRQADC25wlU3GLS3zuiHtZ9+dc1AlAL4="}},"qnnDm7vprWxHv+krIj9RmBgBQcTnoRSA2is7YM7ie9k=":{"valueMac":{"type":"Buffer","data":"0WUj99ykNcXj4jIzj2FnxpL1b8C7dVGmCCcSVxGUecs="}},"qtf7txlap29qiLA/W4esvTOj8PrkkDOqNtmTyZJWNKA=":{"valueMac":{"type":"Buffer","data":"AWWsY0mXAPBVUsQCx/CoP2K9jwNAVny6r6rdwIiNORs="}},"roUx1Tcmo3dpVnYAVIL/cWhfdquowIW6eAGnPRfNQro=":{"valueMac":{"type":"Buffer","data":"Uz3yC5BKSgzxWWbPZHLDFyg0cSNSaJkyi3kS7ojgaJI="}},"rpYJNtPpONMxefqXBiyWsdv85T3dWp6GvEh+1DsQw5g=":{"valueMac":{"type":"Buffer","data":"8mRYiStpC9Myd3W7v7DRmAubBtsJR/SpKjDv1CVKqNQ="}},"shMNDl2fwAcpZgU4NjJ0D4pBiBJBpt2R6DeTYE95iLo=":{"valueMac":{"type":"Buffer","data":"y9Y0sFWcaRSEcfBn9UzKUTWun7L6mCwMkOUceOj1lOs="}},"tEy1dnFzxmDnHRE3jiGdM+4nm7JgPBhQ4bTBuVRTHio=":{"valueMac":{"type":"Buffer","data":"PXZAnRNhqFyk1j7B9SjEOGHaBURO/ickKDcY+9EQp4A="}},"tFQsD692O3QNL8bi7/gSAfqvk5x1SVF93skFaRnWTKo=":{"valueMac":{"type":"Buffer","data":"ubHO8SdQtrRkKg/dPykCRRLWLw4Kp/ykDcFFIK7OX2w="}},"txdTCcHz9+F+qYaaIrJYq012d1481yPJwoKrwVZoj80=":{"valueMac":{"type":"Buffer","data":"lQJP4TgtU/2BY/OwlPO/X78D+UM69y4jFpE6Ep96fWg="}},"uA7doWUyUBmJmaF9hZKC37/HRMdadMr/S+VDrg+jP5E=":{"valueMac":{"type":"Buffer","data":"FebCCsluuNzrAoUer/TQHmZjkCxj8ikjAYRs5OKP0/g="}},"uJTMNeZSudf7+9BGLJcXTO6bnB7JIMqX5kViNVmtHwc=":{"valueMac":{"type":"Buffer","data":"nW2mk/Q01nNEaOB3K3wqZ6FHbJwOewkMNShiU+Kurkk="}},"vDRams3BlKM/v52Sw1DTf6yLbb5KolMwodmguRPD87M=":{"valueMac":{"type":"Buffer","data":"K13jFAxTjjHBspmakkwUm8RxwHQ9R+8o2NPlC4ISZyE="}},"vEfKsa31DMGsmqBli9p+mErZAn05djrR8KCgKqLHRhI=":{"valueMac":{"type":"Buffer","data":"g/Dy5/kJDdUQZr+KLdEe8zGRNa57mltO6RYakTEFVds="}},"vK0JaGft/e+sY8vJux8T/OHd/bK1/kb8YNlFUjo9jrk=":{"valueMac":{"type":"Buffer","data":"tgHteRTWYAE4rSupzXqKnYxAK569xwYCKsm9hfUocU0="}},"vNfhViBiZXDk6zqE7OCR7bdLab2Y+OKWrRjSynivJq8=":{"valueMac":{"type":"Buffer","data":"2HhWrhyNjDL/wXekmv2HFjnSYlG9s0Qhs2RAyZea/oE="}},"vijnLPseuemG3tlJHzOxxr/+fvT54P+lnhRFiQQ5we8=":{"valueMac":{"type":"Buffer","data":"jkmV6tbshHak4bkP79xhce/LWK7NZ87MEMRNNtv1Lgg="}},"v2XRldsux3fvqvAuXGmfKSf44nWrPCBdP61ga11E/BE=":{"valueMac":{"type":"Buffer","data":"RebXHizb/sIXffuSU89NllXM0WXwjyHMYpFk0EY1dTE="}},"waWqpr9WjQnq32W93D7BEbZ2cmE5d6rnVM/yDaTLdCM=":{"valueMac":{"type":"Buffer","data":"h85OnbjEm7YzrOFekju7RnLe1/Q7/ww6OOCLNP8Ps7Y="}},"wcaHPLT8zgjBBHuA+JiQybaZt/ipe1vH7jiUJEEpSZo=":{"valueMac":{"type":"Buffer","data":"jXy8Ju5g/57RU6PpmcalKHBGVNWipB7CsP4xQU2T12s="}},"wlW7fC8zhma+qfg7/CkCUhIUVBZMwZY7ADMPqCIEjNY=":{"valueMac":{"type":"Buffer","data":"AVSnthBanwB+IVffajV9IGNv1h4KkvytYLUw/C4wgak="}},"wqDL6vYPBTdU/5nWjyd7Q4O5o9Yptt+8Y1aewKtREmQ=":{"valueMac":{"type":"Buffer","data":"3dmP5ID4pIT6Y40iw/sdWPCucsgUWqRyx7w3vW8OpZ8="}},"w0CRlQMj0HItzwHOe6dxFMIcI48cDLy+nGIHYnv1Plo=":{"valueMac":{"type":"Buffer","data":"wq58tOUaVMJGaph2HkYiJ+WIw92W+gWUwaEEMlimqgc="}},"x+Zjy5AnJVHzLp+HDAJVOWigFvdkLfenTgxjpK7yrSA=":{"valueMac":{"type":"Buffer","data":"3nTCj4vmndOBpJTaKjKLjFk0YBG9o6o9Zf8nhmca6nc="}},"yGvAvpivzdzirt2GWSZxp0fxvwaUgG8k1LXCFvKYRGI=":{"valueMac":{"type":"Buffer","data":"uxcCtQ0XnxQ+1d5PVyzymWHTMHzSoBZnX8v9DgwL5ac="}},"yJ/umQvuZ9qnqJ3byv1SSCxj/udAUNPAYby6LKBTck0=":{"valueMac":{"type":"Buffer","data":"4yuzg2k4gaH7ppo0ri52WBLowpvOQk81Maug7qNIKqQ="}},"yOMCYen9U6jz9EbuKT0nWJlVPjMT2b4tjmfqgKAtwew=":{"valueMac":{"type":"Buffer","data":"iHhxeD4kdAOJS3rc8Gw8AiR3DD5Tt1w1nnrpg0Dloto="}},"ygdRxIw7PpxFmJuZD47pbD2PUBoCQ0uZb35XGLoeCRA=":{"valueMac":{"type":"Buffer","data":"6dFT+x9Bf0VsD3qS2P8DwRaF/4NhktFapJM30cr2cQM="}},"y2eQgdY9GIjrfuw7Qu+tTgv88cdTnPL79ND6CvqwhhI=":{"valueMac":{"type":"Buffer","data":"nWtsesjE4lT7hORBQYZZ1Js7Lo+Qzyo0otGOuNReYwE="}},"zWTZj3+bh64nz/uHFjCVe5Jv3I8r5DUuIEn4ciswUm4=":{"valueMac":{"type":"Buffer","data":"Zxv2XvdHmmNWbEMRbxRfzwpSDItKWGcZyMWlm9WazGQ="}},"zyB7Uaj4F6VR6ldRLdPYYsOuymNxXJcBeELf0tnXYdk=":{"valueMac":{"type":"Buffer","data":"3/vnDblx7yYvtnxhO5zorxc8eCupCM7BpUQyhGRMjgs="}},"0G+lDjwGaCn3sqVpZvRBZDCPaKkxLCneRFqaJXeFzHI=":{"valueMac":{"type":"Buffer","data":"Ek+2Fqy09z107zQt93T4Jq+AdY8Act8HekQzmtxJIVc="}},"0UeK/TzWu/Hbm+Mb2L6SK9wtKQciZilNolt0lcl6Dt4=":{"valueMac":{"type":"Buffer","data":"Bi4o3XDsluDEXq91csOl7Fo3yNUpi1mMMkveZdVMEN8="}},"0rWgiu1deKM3d0d3m+eLs4Uv6mJmSTRaYQp24NPNqnw=":{"valueMac":{"type":"Buffer","data":"b67mGyWAA/LHjijOuBbqNxv7J4KXOK+ilIU/DluUVLQ="}},"0/GQpSSmz141gMe8PEpZwLvIN1iRqk7J9PfzPXl84+I=":{"valueMac":{"type":"Buffer","data":"yYMFOFDpgAVoJGmEhEQQpdJARDnvY8CTJOs5E1an2T8="}},"1GLihAvccnnQTZ27o49+cyesH33Hf8c3HjudOPuVxvE=":{"valueMac":{"type":"Buffer","data":"L4uPLM8CgHjtVbasA2b8R4CHqFHmxTmc9uCmh1HVRNg="}},"1Ppx/6E463D4aztya11sGhsbDQhxoLzCAFw4DMMWdLM=":{"valueMac":{"type":"Buffer","data":"BK7O02BhWoPO+lg0Teo2uryfuktteSBvZ/uTLuUAcgQ="}},"1UlsI2GG3iIWcehc++CfTSwqe+GLnEzTKuaSlkbZ49A=":{"valueMac":{"type":"Buffer","data":"euurEBWrbFyd/pGeBkD9TpK/i9cuh/S+S7nziA81yvg="}},"1xcSSeaG1njNfDzGKrPIfAC6DZPlocnPD/6S133WXHc=":{"valueMac":{"type":"Buffer","data":"iAwHZLAUrOxJlm6cIkB4I688agbf0bT6Oayyrq1YAZ4="}},"15bAwjNiVpDYt0d5WW55uzZOciihqOZJ1mKp+DDJdM8=":{"valueMac":{"type":"Buffer","data":"DP257P6MWMOT/WciVJdcPll1/B6fS9YIH8Vqn7YHJ4o="}},"2CvmddEvQ0+Lj6TXL2bD1GvZWpDQ4K/eEmLyzt1igBo=":{"valueMac":{"type":"Buffer","data":"vrPCIhfPrzN4KVW45SPIpeEu6c6knBKsw2BSdK9M1U8="}},"2rzMHGZDtKhyHg8AaswQXwJl5mSiooFzOisvcYEi2b4=":{"valueMac":{"type":"Buffer","data":"7sjdhX/wqBp/v24+fXEziX1w7TL+ojeMm3/HCjsWWlI="}},"2vlE6brmRWRNAVMjePKQQXhCeQm40itMyVwuxXUleuM=":{"valueMac":{"type":"Buffer","data":"vwp8U6hxrbPL7Yhh34elH0jqi4WaLkDlAsy+2A2GhyQ="}},"28BpEDqczQEXMGgAP58EjQsZQFjgIHNq1HdIVXn/Bpc=":{"valueMac":{"type":"Buffer","data":"nLf1JE0/YcwSlRgJ/pWY4NW6cnpBXQrD+sq8P/60lEw="}},"3FRWlNr1erovN33gh7AXYqG+58AnCGRRLcC1jUh5tIU=":{"valueMac":{"type":"Buffer","data":"kBUnb7Mj2RWyoX+gTf5i9XEyQERQvXAiQh4IIEqygz0="}},"3IVKRpTrvdbI+j9JcWVZmyCsiaAwOSxJVI+99xEyyp0=":{"valueMac":{"type":"Buffer","data":"bdAfQ5NieKeypHbKr4fyEYX6w/jJRNfdIdFBpSfFgSk="}},"3JeUkSRKwz8S2EN8fHZVuqKsdKgiZL7waCbSsL3iPPs=":{"valueMac":{"type":"Buffer","data":"Vhroq6SdRo/wnCOo0sfKfQD0xhSlPDPN0w45deVuNl0="}},"3WhQzxUWTScOLs64tnSQJtLSZpVy9OlyM6MOoue/USM=":{"valueMac":{"type":"Buffer","data":"XfxE51nNx4vGqRaIiN3hkFBx6Vb6zKZh7/bC6SGC/d0="}},"3cOGyWyHHbYBBN3CCdgTQ/yBJ5B+ljep4qvw69nRJyw=":{"valueMac":{"type":"Buffer","data":"3jeMx6K/nGoVRBxh8w0KvBwtvc2kFPaXgWoUr0NEvJU="}},"3x7rSBj+BIWhpnqGxRHQtCisClq/2D5ttqz+646dd8s=":{"valueMac":{"type":"Buffer","data":"Tx3QIPac4AYGwZYQC3jxX0CQ2ADPl6bTEYrEd09wf8M="}},"4D0+dxEqBP9hDC8DF60NctkV0z9l90sXFI7izEEHiEs=":{"valueMac":{"type":"Buffer","data":"kwwxMcHnyeCvkqjs4RR9JboxM7PyuNlvbM8XAzVun5A="}},"4K+Ytl8lzeGTa/EVBxyKL0FptrMbspuPV55jEPEyvH8=":{"valueMac":{"type":"Buffer","data":"hLBpcLF4CN13oO+/KBNdUj0DzlomLH73ETFNmkBiiy0="}},"4OPHWr4HFfOcxxVf7JXfa2VOrWCsc2+UmG8Rkml+Irc=":{"valueMac":{"type":"Buffer","data":"QjqdKT0sz+xfMzs+xFTcINJXd323xANOjs7YISSoDlQ="}},"4TrcruKAIy+qqaxveF9qxuLDaNik2g82rZDNu/OJkFQ=":{"valueMac":{"type":"Buffer","data":"60dAn50C2YyzX2pXcUBFY2y/kJZNN46MdE5EJRnPDWk="}},"4lxaeKJpeBcnqM3ScWDq78rE114AIChLyGHzAEJYzmY=":{"valueMac":{"type":"Buffer","data":"IzgJ+vd1vV5aUgc5n/HoQlk4qASVUtITFHTkGNwO3xI="}},"4oaG0Q04yKMVlnQziTUbhgc5MXkkPiju9tA+1S8Uko4=":{"valueMac":{"type":"Buffer","data":"DlovzEW8vB2BCHHojtJBYF/FKwsNQGQiZK78Y/eXVlw="}},"4pFMrsxVgWVOwHIGjJBkNqvl/HfgxKoir1c5ZBkwRr4=":{"valueMac":{"type":"Buffer","data":"t06EEJC4s0XWQIzl6I50bKoFIDZIv6n/g9/HaTE9xeU="}},"5E7nzwY4mzHaHDfxOhna0gDbgWZfk74UihI0hvCU5sE=":{"valueMac":{"type":"Buffer","data":"v+rdpTe2qvW9HF/VOwOf9o+S3RhfXsgcEtROT46AAmE="}},"6CkLqThoz8hrKobKNtOxosPE/Eeu9V5wBWyqLvREcmc=":{"valueMac":{"type":"Buffer","data":"noj05fFuw0mH7pivJszwlWI1YN/xk7rSZTQk1xyi2ss="}},"6Ls/1Qs4ZsU/PdbPhVlahL97y2mHfTWew55isngJnLg=":{"valueMac":{"type":"Buffer","data":"+ToiWOgE/nk1G8DixSDw7Y/cWhY+q4zhFV6aJrn//uA="}},"6YnLw6ECF5ugtf1rbVIyCaYOY4LJvgXaZ6pczvJMINI=":{"valueMac":{"type":"Buffer","data":"9MND50VtC0beHuq4nWNhIEXdUizcDLKLMtZ9qW7zta0="}},"6kwQDtJz24Xb19vTq9K4U0HsYg6UqkzBMQ+VxQJOSlM=":{"valueMac":{"type":"Buffer","data":"MkJKIev6JUafPZAeOKjw4UO47GlMefAPk7fLA+3ZBDc="}},"7dHQsr5k28DKb7VZ7QHnP3LXBa9AMoa2/XUBHnpMw9o=":{"valueMac":{"type":"Buffer","data":"DHpnHxxurHKCz9oQyfxeFg23PYeOr/qLBrHuWFhOt+w="}},"793z8DZD8T7CRVWBNTns+eR5Yefm886fgBh+N5i9LIA=":{"valueMac":{"type":"Buffer","data":"PE43PK7r7Pmb6GM1ToXHmMJfm+5/lxxaAWxxl5uILBI="}},"8MFard+BLxarQzIbvfk78B+BBZWOq+wuWImJ3rPfu0M=":{"valueMac":{"type":"Buffer","data":"hG5HDSMpG+QbSUQP98WgPf26Gu6uhmXXTXTTNTfrDPU="}},"8NDyf1mfnPxYQv/N8w0CrBkpwSW+c0s80rF9+3lc41U=":{"valueMac":{"type":"Buffer","data":"FYxtcgbn786bHiWSCun6YEj7I3sRP8fjWCa++4nxPDc="}},"8VRI9PaT7KjHXxnir8+uqZEhsl+F8KzWB2pOvN9QvsU=":{"valueMac":{"type":"Buffer","data":"qm8y/dwmalj1gONHZl6yGDmnlI+CYJaPOq+aoy2NPw0="}},"8lufaItwViLwpAEKZygv/Ap/qgt2+y3NkzJseVQ2548=":{"valueMac":{"type":"Buffer","data":"vjr4TQb5ZuO/FDAJnkoSf7Iki86f2iE6QXBRWa+pdmM="}},"8xBH4g6SRyHCRKAPt1pZ+gm9HwIdN/fojhfWXIljleY=":{"valueMac":{"type":"Buffer","data":"zp6x/TdKM+M7mHMcVtxhMGIjpcNrrk7BvME8yZpLAHY="}},"84GPvoHBnADjbth0kBCj9zxdBSdPjfrxglObIfShtM4=":{"valueMac":{"type":"Buffer","data":"sF9FaAEp7RZ4Fwp24PRoiwFCkly4bBGLOwQB7HpYOpU="}},"9M4SbyVoJ7cwPh/d8W7VuKim1XFP4v+9/E1Je6jmEqU=":{"valueMac":{"type":"Buffer","data":"0cihhL4T3ETsMFHfvJHYdZYjGjmnnFcUr9v9goz1A8I="}},"9kq/+8+9YRAPkD1H7JyD2lySBOJCvd3+QROjsao5R1c=":{"valueMac":{"type":"Buffer","data":"OTZSlOpmpgLg8jWBu/3i4dLTnRhT5qmTJAfD53mVxiQ="}},"9sPu2VRK0xeEAdxZcgP2VyUiaMjtqSHxQcZ91vNVsCU=":{"valueMac":{"type":"Buffer","data":"gmMedUCrc1btA6XNHkX/2TJ5GuDNPqj8Js2Su4lQE+8="}},"99iqL1eVck/RD/JTebWJoyISmutLznVYvOj6+EAQFIk=":{"valueMac":{"type":"Buffer","data":"MMhNKg6Ze+6AxFEFqMWB80i4ZUykOdle7RoTIhBvpDQ="}},"+a06Hu5Dwx5a1iuz+AvUqsxN5DGR7bxOmkkdZNSI6HY=":{"valueMac":{"type":"Buffer","data":"C2Q2ecDTT3GtZaK71G+JD3QvOE3KjimYW4UH2FKGtok="}},"+oSnp0ObczEKlvW43f8/K3XrgYbtfBsKdl1DNif6osY=":{"valueMac":{"type":"Buffer","data":"Bg/LZrpiCEdv4G9Akubjp+WpzP/FRyXYlHpixRyWWx8="}},"+3aC/q9bWZ0nz318yAQatHhjiwz79MPG/8E8xyeVVmE=":{"valueMac":{"type":"Buffer","data":"SFp63upE8oaEprfQLVT5P/4WHezdplTxQv3tOTy1x5g="}},"+6sKMeO6a/xsRe4i9idLv32hkiXT45eZ7/SneBGXetU=":{"valueMac":{"type":"Buffer","data":"e80aVXhQAD25qZOWjduxMobFx2jzxegBEfxCUIzmoV0="}},"/GrfrarWX6xxVbwHUEuiZWzQHXF9fjYT4rk6/TIys3U=":{"valueMac":{"type":"Buffer","data":"n3ibIJ4nzB0srUKN5lm9V0zprV+LA+JskVuyi8Gz4yY="}},"/VFbo+GcjiZMmKubL7ujey+rpgeL6ZnJoEUU5oQLGBU=":{"valueMac":{"type":"Buffer","data":"BjOrQ25N15ORC6LT/lVnJig+fa8PVo1/tmpQ0V/epcU="}},"/5bsyGOtfgJE5V0tDlS0oWUxB46C8DLA9jFQosHmpU0=":{"valueMac":{"type":"Buffer","data":"W69QekuGXr/k7fEYSOZ+RZowuRBd1+fcqXPL1VM9TUw="}},"NqCJj3yNfG94PYEDsKGdOtYNlEnqwCEoaVgRuQhYhU0=":{"valueMac":{"type":"Buffer","data":"xAxARpdJvVC4XFfbkWphdZ6tPEAgUVqWS+/cb79ll6M="}},"8AZb0eE/XRxe8KmwkjcZy9SSNpG4F56AaAPD1KJf5TQ=":{"valueMac":{"type":"Buffer","data":"Odis+Umes4XOyXo1h1pcJByPTMeRQsNJP/hach5mEpA="}},"hfFS6n4RxQq5uK/jXg+hZDOok8lpqHcmyKwr59G65Go=":{"valueMac":{"type":"Buffer","data":"bgckaPSmxxrrgtB9eyPue2cg61o/aJgthqM257cMkas="}},"/oced19XF+eauipvKVgCeTWhrm+/pCWX84341hX7keo=":{"valueMac":{"type":"Buffer","data":"2AVPJqHqyTiEyhcWCy+uiyWftVdFaoCBqMDP6MkOwO8="}},"Hv8kwi1r+yHJF6YNWNL8bC/JTleknoJBvWBaTEv+/Z8=":{"valueMac":{"type":"Buffer","data":"aSKNvEWFYL7pEwcypo7IoMzOmwpulnc8XQ5qSfmEPhM="}},"cKimXNEODP4IzbNG3zPoExStJLBPTAbMbnbjwSqRxGg=":{"valueMac":{"type":"Buffer","data":"2lGU9DzLSfB/5/NNT8L1sHcou1Pp0wqa72lhHolbxUI="}},"bsITtv6DL/rMEqDMSeUupwqUvrr7gef+42qKnzZz6Ro=":{"valueMac":{"type":"Buffer","data":"ClviARHTx9/0D/7Z/jFAAxp72ulJfnd+3stGoGRgbqg="}},"YAOb+Xq0V+9Nyw07a45aFUCYVhTvkse6vnkMYgLTtFU=":{"valueMac":{"type":"Buffer","data":"PJvxtJFUleXpYAlJonqjzSqY7UleCTD/M+ukbXCvpVk="}},"uhC+IpasKkdxDWXszA/4PVevUj/i4vIrhzpVE2h5o98=":{"valueMac":{"type":"Buffer","data":"oVvMZ/3HiUXmHvJXzFFma72F/LCBd00lkathkQxYqkg="}},"h+zSJb9Kr1pbJae7OJxprtjnpHqdFBxEKQ1K5L2rquk=":{"valueMac":{"type":"Buffer","data":"Mx1GdHxC/G+Qpz55mOoMB/klJZex/HeRmaxRr1dqOsk="}},"lr6/ioiesnQDDzhSn+lpSf5uVZWJ4YhbM6qJ12ExgHo=":{"valueMac":{"type":"Buffer","data":"+2NyVU0pklLnJF61U4LZwFuLpwH13E3EnSl1xP9y+1Q="}},"lYoJwtf8x/zaAsBL1x0oHM7yeFEhFbrSAc/A7AdTo3E=":{"valueMac":{"type":"Buffer","data":"wWAvXIQubdjErTRxa2TW+7GiKIrsGR9Ug2f3USuQi/w="}},"TRhXxDGD7xCMLkj+v5b2AXeL757NyTDQXYQ0FMru28M=":{"valueMac":{"type":"Buffer","data":"+ilugLm5Y1Q2jCUc4NRW7Lu+y2GwwfXZ0KQ1mz1h8HI="}},"mDIPNl/VU0sPQkGGGNTwfPwPmT4+U+l/tj2a9GhY0qw=":{"valueMac":{"type":"Buffer","data":"fXNiLVN3KkyKPsOSEn/w2LzlWhUnKGypKg4aUxSbM10="}},"nOrayDUos88hkqGnXysWWdJ2CAfxscD/efl5JEJ+0C4=":{"valueMac":{"type":"Buffer","data":"XcLJ0o9rVTQZQ6oV1ZQPmHiil4DYTiHM0ZeGT4iGSJA="}},"8z7Du0PKXISJATUT9Dlcgj5KS+iVonBnNLpswMLcYmM=":{"valueMac":{"type":"Buffer","data":"jj7GOF6Ohi49OnsRgSdPmm7G8Xgjk/1slUyV+Zf6R5U="}},"UpvAMe5a4ETC3u5FEQfcMijhWWdR8/jDkmIrHGf5C1w=":{"valueMac":{"type":"Buffer","data":"JMQf+AT2MrxuuUd2eBT849AMEHT5A4yYgcZawDESfoo="}},"84BMD0kfWLdS61zNiJFekjWqY4qWd1gBCb+ojBqV9OU=":{"valueMac":{"type":"Buffer","data":"Qh5hpc7iEQNswEqPgwfsAW+rcTlLTlqkTNFOnPi0ses="}},"QlZtI/13E61Q0iDpdE+MkRxq0mIf34zBkas/EEn+W2U=":{"valueMac":{"type":"Buffer","data":"LY0RfjpAStaiK0/FkNhfuFUz24OVsbfOvooaDuMlGm4="}},"Nfl8T9SMnY+cW8bnPqLYhGjF/aJpXJ43ZyvF+vl2cJY=":{"valueMac":{"type":"Buffer","data":"NnFPaLvFQOuvatxzyG5n1Gcq12j/x8CTNHW2zDHxIQU="}},"VBM6vkOGRCEQptG0n+CgLXLbSy/nKlNJfwRS24B7cyI=":{"valueMac":{"type":"Buffer","data":"v1tbNO314oS6ouZO0tFApPiczgmTu2yYBcQdvdeHjnU="}},"jI8ICaJGMHL+MZxsmwAKKG6iEE/Qb6q01LZRLW3BRO8=":{"valueMac":{"type":"Buffer","data":"z32rAGOyzWlRV2vdZu4ppKV0teD1YHSh61gHloV5lXE="}},"wm3vx62tNc+ZPrwW7gSNOoMqYjKbzR4YYZxomuDmu7Q=":{"valueMac":{"type":"Buffer","data":"KrkEDGof2govURVqWOHOLm4ztZrP/Nz0AgYkZsE6Vu0="}},"HxylEIAKLWqEP5VW+1oLsgUbvNFhYlIkIbs9dGEWgo8=":{"valueMac":{"type":"Buffer","data":"WFdumoVYVh7k2PAsMfJUesfIQLgEjxBtQbaS8SwdVtg="}},"I7dqzBAyc8LWVWz4dPvHn3DmmxRKYygf2qnbkIWMEfs=":{"valueMac":{"type":"Buffer","data":"naLFZCYIObetiJN8f1XVegq6f2ZHKy4aID4GTcIa5+w="}},"jj/UyCZ5TUtAiRzr04pzqm0L9RXkYNhClP0nha+6zf0=":{"valueMac":{"type":"Buffer","data":"L4oNLJ7XzeErZIIDeNXitapq3qIaeFNhMeYBalH6310="}},"5aJrPG+joVQARMv4ktZYkYdIwJGPYxsMRjy4alPQu0Q=":{"valueMac":{"type":"Buffer","data":"+33xbc+Gxj8HW4Q0sXRNEAIBbblFzvfQEZ8yXWoWzA0="}},"M2209Ldu5/7wtuC2VuaCfkW2OiZ3n1rHz/sOZBxcxKI=":{"valueMac":{"type":"Buffer","data":"FiI1sJym55NFTxSlAcM3arNbaQWBEjSOOjSuo+FTN3Q="}},"gAUn00cOxQcTwJj3QBhwZyT3aK5crtLGZcQQKMnM0Sg=":{"valueMac":{"type":"Buffer","data":"QD5qWr4mfzqD78ISquPSxLkxP/LAeBYmn5YmOWKU/WM="}},"sYRf+XZeCoeICwP32zJj7YvTfvUxnf3nMgHgdIXZjXc=":{"valueMac":{"type":"Buffer","data":"3Nn3bio7j1Vp1Mfh7b8j7rjsdZenxZsrV6UyneteqEk="}},"qkod0vszXf2WQI3NDO/9RuYN625gdshZkqlbsWPi+TM=":{"valueMac":{"type":"Buffer","data":"4q2rb/nKgKQKLBdVgBIvuSJJNQZ9vlN71rk+PFphx9E="}},"YVHQA1Bi6eF+BNn7gNHQbNpaoMwdzvCPJKHkuyNJU3Q=":{"valueMac":{"type":"Buffer","data":"DRlGokDpeyA6l82CS3K1OfkYhD/5CCCc1M7A+fbaAmI="}},"YA5KAF8GynrNGw2IdI1/EE5nAihpNJBFxto5dBqjSvw=":{"valueMac":{"type":"Buffer","data":"5pdFYlGQ2EhOda7wBWwidRfb5Uz8K2p8YaxVyGULRiY="}},"IghUQXbHtZhnIVkTdyvPIzbB+wf6M/CySgq5vSpt6kk=":{"valueMac":{"type":"Buffer","data":"SBxq1i6qgNrSTzhj+XTJQ/w91TebDemBCb/hPvg6N+Q="}},"G+hzvZnn3MDmo5qgKQ9RdaeaqwrX7lGY7btTVW07QIk=":{"valueMac":{"type":"Buffer","data":"OryxCOIwTUrUlp/034xF3KLotlVcqDBmF3jjUeLdfRI="}},"ZXw3VlT6jiJBuuRRiQhK4xq9lxMSIIKxLL7Hxn+rTyQ=":{"valueMac":{"type":"Buffer","data":"Zu8gr0sbF684pp12arSqc69nx+B5h9XqoBDmrfZ89qE="}},"voHlqmAoN4Dvv3ia4k4sy2gIwk7Qk2f9DIHMhaSrbaE=":{"valueMac":{"type":"Buffer","data":"fwJZCf845SbqFr1C1X12u4Xxa9m62CYNTgpTKgsGteI="}},"dg4xAV/vsdD1U0z7A4xZsNHBwNNplG2zAnngTOvNOdk=":{"valueMac":{"type":"Buffer","data":"444VoUgeqzAs0Lp3dnAoJw82Bdmgr1vwtKz8l6nOP6I="}},"eQycSDsA0j/Bt6tVI2nWJu15cAet/9qoyuox0d8ljmA=":{"valueMac":{"type":"Buffer","data":"WOTTQ3Xh5lvDS3eFM/xA9Bi9L0vndEXn0yj5b2rKPAg="}},"OakZ8P4qe3TGQ8BecsDVcawRk2P8Qj149onKCgSSMb0=":{"valueMac":{"type":"Buffer","data":"Y/3Vd2N5ealDZhrfUwa9PS9nc1gH3H+r3tCeSYKye/k="}},"SBJ39lZ/VWjOY3HtM5ROMLvz/iVRyyzT6JJtqSY1b/Q=":{"valueMac":{"type":"Buffer","data":"sZ/orD+dOa0nZRYx7wiglgcofn8b11yYZ6Wfz3oOS64="}},"oZHw5jVGogz+0XrJ6ToHBN/DifjAcGV0hDJsoH88n8E=":{"valueMac":{"type":"Buffer","data":"7mzz/0Kx690rmIeQ0JYNk76cNS1MmjO6i++Sz4p8oD0="}},"18ZXZuXvkWdfns+BiMwGe3KgqaZOhZcR5P5ZXiYe8JM=":{"valueMac":{"type":"Buffer","data":"aKzcgz2Kamylpxd7X0W+1EKIni0BhDU6sCbVYW6U2fA="}},"sG+7C/bT6+W1D8527hJBrPgo/grl02gBXNyaTvkbGTQ=":{"valueMac":{"type":"Buffer","data":"5w2h0Eh4QeWyCx5xknNnbpW1/lNYKiuwQjUQxdwzBLg="}},"+at7qy12VnZYb3THrMl54kdG4JYQjg39DuzCwovBATw=":{"valueMac":{"type":"Buffer","data":"ypd0OnFEIvmuqzaUCzxj8qrwJ94DxZ0w9oje4qTs5uY="}},"/sUkWHnx6UvkSjW5HHcj38dEtMutOHmkS2ZBo/QBX+M=":{"valueMac":{"type":"Buffer","data":"uWT07pGbh5n6Xyht3jGwh/m6jI/0nvMY5iYNdwfvDeE="}},"4IHP2DVr+8n4sA7eXjyabGdZzmZIdEh8UuYJ3a+UJMw=":{"valueMac":{"type":"Buffer","data":"wouNxK7aEbiokzym1ksABET0VlQ/F4ROeNpVyccTsGQ="}},"4xGctL2C/6r/YIBAnY1ePfpCAoQye88QDOGrf0/KCTw=":{"valueMac":{"type":"Buffer","data":"HivW6KhJpfpxUzlnwWS2F4KA1XoPpm61+V2kz6yDZ7M="}},"rRXZzs2fZoSoBi+KQD6M6VB7XDYbhVoIZHyPcvqgk/Q=":{"valueMac":{"type":"Buffer","data":"r0tl3eLAWjCNWrdUOWhEE56ecUTWFHB2bvDdrGvuv2c="}},"bfckhd99Yn8i+Vod8sEHqHqZyAMJQxxSKd6eYn1dorQ=":{"valueMac":{"type":"Buffer","data":"jvLz0p91PIBSpNxBq/uQOUzxM2S2KC2w4Hvg8Q4MGoM="}},"eimSJ+Oxbb6W39syWq88jXp/emO1j60uTedzHjxe5oo=":{"valueMac":{"type":"Buffer","data":"oR3/53v7tUBNQ/BfSWxCFLif0N+sM5Z+HQ42b/q+EJw="}},"4jW8jw5+gzKxBlVVi6nWSL2DdpUgFqf6pulHFooCwv0=":{"valueMac":{"type":"Buffer","data":"X8jjDj2ZLMTdENfIY8QdilPXj6M57SSgUKnciWuBTGU="}},"Hq/VTPhOesWw/7yvqBXypb8Vrq1T1sLExYapdT3ttxQ=":{"valueMac":{"type":"Buffer","data":"dEAhRyeSFpCaXgDTw9q2O7tcxI1DsPQlWarpGGL1r8M="}},"HXctPEwSpK3O2dm/D0ktcd1iI1HrDYrdJ8pKoah36X8=":{"valueMac":{"type":"Buffer","data":"Ib7iQztwenAL9t2HSilaFnHjLEx40il/JclFRf4tsOs="}},"Nzs7Ph4UaVBzHmg9Mixqzsi+rbo03636tiJt8ZHLHFo=":{"valueMac":{"type":"Buffer","data":"yb9J0TDSi/wbyJmUCj/saqxKR7Zwk22x3mc2s6Gbot4="}},"lpbxz0qakZgaiIjky7miShFB/aAhsH7B/AKzqYQKgvw=":{"valueMac":{"type":"Buffer","data":"+JsfeJ2iUJmuQsh38VYDSkKS2Ew0BXJykiCM3/Y/lto="}},"MDVJ1LN2cFRKMpYcdCu4S9Pdw20isMILjIk2OgXZF3w=":{"valueMac":{"type":"Buffer","data":"mKn9V4Y4XLtpPVH1/QPU9AD1ONjU4FHWS2E9tB8Fr8Y="}},"QnsaJTi1es8X7wIzcfP4HSuAsrMbVjuWKoSqm0kec+Q=":{"valueMac":{"type":"Buffer","data":"jE6zMdROSK8aKSp3sfOONlxVvDN9Ar36GDTiRukIMDc="}},"X2mo+oa6aFon5gfCZL8dNs0Ll+IqN3UGWxSPolPTpEE=":{"valueMac":{"type":"Buffer","data":"ydEFeJ9dwPK9lRImDRMZ8fatHeHUeTST4veCl87XUOw="}},"lbBb0VRUXdOQ52RlVG6vnNWM38d3jhA06UPLl1zPwUI=":{"valueMac":{"type":"Buffer","data":"vQzIe/AiNaZMogT/pFh2K63eeIyHNzDBDt/RkcYXu8I="}},"Ypzmb1xZCqpwFVIRX2GgbLDMcJ28JVIwRxP8P3LP+pA=":{"valueMac":{"type":"Buffer","data":"lc+jKbAZpjKBCY74qNXR7ntkU1fU2IyKQZmGywRbEBU="}},"P83AVWmu4Wm3ghDMRP95Tm3yxxZx7xddvj7KNRN45qY=":{"valueMac":{"type":"Buffer","data":"VInbDCeIhwUxlZoG/AnOkB5bBvLs2tj8x6NyKqR0s2w="}},"7stqVFxkekcujUIK1X6zJujxXvv9jzmvKqT9ASF2/lg=":{"valueMac":{"type":"Buffer","data":"FBA3mEb0tJyQR4SHLW4RwYqYcaY0jR0e3fzwgO5I0No="}},"EDXzRbbgOub37+kYOSn5KApXyK4U6KTOF3T22m1/KH4=":{"valueMac":{"type":"Buffer","data":"Oj/023UG1aGAAmewWhi57OMyQseHIEWb/EBRVGwuu9M="}},"Z9xOp+yBETDe5igT2ZxBCZG0Xe7c1sG+K25O65kVWuo=":{"valueMac":{"type":"Buffer","data":"Upr9oSRsdYkCKCX64dlyv9B7Xg1jQEeWkF8v2xuL+og="}},"3BrtdO4o2LRy1qZMo4eMyD+HVKFXbGGBuNvCkYcD+TU=":{"valueMac":{"type":"Buffer","data":"gV+X7recsPmNHgFQoBq0cZaPKMzNgHUcRAJbqwWQBPU="}},"tJDP0Bs86ZOXHYmMgq6uICxL8GRAGEVT7VYJ2X/fzHs=":{"valueMac":{"type":"Buffer","data":"hmxUk5GPPiJtLcIUk5wLxZbsMen0PKZxmFsMY9pBzU0="}},"9pBN76Ekkf4z51DCvvuI5KVigmMgJf0ujA4y9wKC8UE=":{"valueMac":{"type":"Buffer","data":"XRd7pnLAjBhaH/wsJ8HmkhXgiYb+KgGoe6QYKsLI4iY="}},"0Cy0H2QtCYpzaWrAFliIa4JpRvlALD6MrIuGCh1T4gU=":{"valueMac":{"type":"Buffer","data":"0PMH5WP9dBEHwSd7k286fZEPWHvjWUHtzx7XLGVZaH8="}},"5TW3K5DA1dNKqO7r4nK2HYTSb9IoKC5AfUfP0rwz5TM=":{"valueMac":{"type":"Buffer","data":"2owLCGM1axkz5yNarE5w6irgV1Xja4Isc9htkWzofzI="}},"JXwRx5mMO0Cz5v4pMazX7uP9q5LRjW0H2HMfP5VpX3U=":{"valueMac":{"type":"Buffer","data":"md52LGukVUz6z7I00KlgA0iJ6qOiLbFIXr5YZi7ubFw="}},"AyEjiZTwxVTFuyxjNwL9+p3P5PsfABILwGklnpI4Uiw=":{"valueMac":{"type":"Buffer","data":"HHhNmI36eYN3kflMNKXVjoGrKBhiDI7LCM/X/YIBTto="}},"Bwrefr6HbdK6cYOUnahfqJGK4ObQQQqKYpdETuphLFw=":{"valueMac":{"type":"Buffer","data":"UuAzi9/Mm0uRPZn3hOIVXxdpazf7PPy9anKY3iRcMiQ="}},"4XmPFh23XSeeiAXz4WVxUb7KkkoxA8Vxihl3jchwzFc=":{"valueMac":{"type":"Buffer","data":"xyBSDrKcfynh5n6Gp8xsLaXo/RLwozMMri8yp34Qmps="}},"83xnj+fX0s3AWPNQXa7E5X7qvKx0xw10nWnHucSoGWk=":{"valueMac":{"type":"Buffer","data":"+oIW/w6dXpg4wMcPaRmwgbZaD/KVsVkIGIX6bt0pJ2g="}},"RmRlEBPRMlhgTnXfA/EZXzrV0KrNgrGgZV1NvqPKusE=":{"valueMac":{"type":"Buffer","data":"IR4ugJtZcJ9Qx6+iK57nDNoswdJawLQ7KWNoJopZFVQ="}},"12GCL37JhkIuKtuuNY2B/YP6I9rI3ezM/NBxBwjwfTo=":{"valueMac":{"type":"Buffer","data":"0LKRjtx/1zuLjjUqcaoWI/+1I+npRwF8WCafIK/KkEs="}},"sL9oDF7iFxX2uBNufzaTYYxEvcrVmp1JDO2/h6WpuIA=":{"valueMac":{"type":"Buffer","data":"G432AyaHwsOF+wFXHSTePdMmoVbPEVZvma9XBS1J2Ds="}},"JRndkhV6MUmXb0bmwgnBv3GkJb16HsjlCei1wsRwqcI=":{"valueMac":{"type":"Buffer","data":"/rupvwTGz9vdWUW3HuRzkhvio7yQtyox/7r7swNR4tI="}},"5La5pGzG1LEv0O5TmRW52H44IHn841WBjgEVNtyVh4Q=":{"valueMac":{"type":"Buffer","data":"BGaM4cbbYy4F0+e3zL3CoDHcJ6/JXXGuXKTjJqgoa/s="}},"Fy5H+8c4dRoHaAbCIRNM/wdhAgADWU4wIZT2UHol5dI=":{"valueMac":{"type":"Buffer","data":"RbAbUT3AfNOSbcW23komxVzRawSYu93syHbk+r5C4JE="}},"cRUfeVyUuBFUraCfqvpBdA6WvHKGly/yENkc76bM/kA=":{"valueMac":{"type":"Buffer","data":"I2H6SdeGunLar8FYMwTOzjdrPIbL9DHd6Kv5PiLRsu4="}},"9wFxLWziHkH+dlyswzTZLI3EuBMCJBVHWvw9pmzWyTg=":{"valueMac":{"type":"Buffer","data":"w4Awt6Pk3xeQAh6A33jPrQLgJ4KdS9efpixlR7BD0xM="}},"/SLbnCoY6IvDHoLJgdKKFD6fzAKePdQILPKpn8GcfmQ=":{"valueMac":{"type":"Buffer","data":"4/dN8uty4GWch8RSLaNNDbzdBmbCjUNpXDQ35nDt248="}}}}