{"version":29,"hash":{"type":"Buffer","data":"OXS1C5uPUF+dnnP4u+QS5VqNGUUX82qfURfLcl02cv912g9VoehlnBHtISUDmqGN1uwDukA13fP4Q4QeegAhFt4CjxSvLRtsMWG4r3CJXbETy6jXVkvbjJI1emGrbKijzDy2CAABUzPYf7Ysbwd6gPF0mRtNOPAEHs/y6GVkJbQ="},"indexValueMap":{"47AVoAuzOowzZK0jNNUXCvHTa+q2jSz3UODagJhQSEY=":{"valueMac":{"type":"Buffer","data":"SXG1Z5PuWoBn9VHZYqosekzOvzPHQ/DKIAFbnaUvB7I="}},"LdmSFQnVjz0wRSmMB73VckS4tP0OHsMeslhyKU7Spyo=":{"valueMac":{"type":"Buffer","data":"RRcGgpQuNcH3hURMB+raql/Yj79ADJT7h/DfPw59K9g="}},"JUXc8XTREYJLLrAM0OWFPyor7/oZMxtzTSQWOI2zZ7M=":{"valueMac":{"type":"Buffer","data":"gK7NeTlQR+SvEapjcT/tSVvog4s4kakl/NBKtIRfubE="}},"fb4+DEBOzJmU/hpc6+39h/TK57Gp0hN/fK4EG9ne8rU=":{"valueMac":{"type":"Buffer","data":"P7a63BgaTf4TW/uCQFwEiu1e5oIXFj3r+xDVdBLkhrw="}},"dkewADLjszfb8uAULAGutfmVB5QPBifT9Jf25ZWhl20=":{"valueMac":{"type":"Buffer","data":"ynjyKwC906cuhsBqPOaQuZUun84P5o389AIrQZQjB08="}},"jheyaHb9D+IJIWY4wDMNLWfXC6gWQZtCIqiDAK1gwAw=":{"valueMac":{"type":"Buffer","data":"JNKOFyQ3A2awZBN9W9RjAnArYYokbe4+i310qxy/65k="}},"/tHpclKDPjdf+cJq7wxUm6IGvf+gjzIJmEAJRs/bjtE=":{"valueMac":{"type":"Buffer","data":"NZWJqBYdn9SrmP/mrv8UHnWCDBL7qRf/gu6gOfunEPU="}},"XHnKULxmFWgoFqxhWjfYFcMSXqsUoSN88ab5ACpDBiA=":{"valueMac":{"type":"Buffer","data":"vEFTIJxLEe+zemwEdR7ZauwhpbKzqWoKZ46xT7yrDvU="}},"0OUzymt+EVzDvb9uUX0dclMZOTTXO5RFN5+BJ5D9rws=":{"valueMac":{"type":"Buffer","data":"X9qGxfhziP44psRRcC0Owg2jTJ3touannRcWl3waaoA="}},"piGR8VjL/nHIXMQCh9ACDuCkjtO7GTBhvE5sLfGIN8c=":{"valueMac":{"type":"Buffer","data":"UcdbyP1G+xIBdtx8qeDff6xl4fWMTJ50uDTJXaKPSec="}},"mhtFT1G0UxDsieCslrDGhwAE9f/5HoaiADx/ODFGTSk=":{"valueMac":{"type":"Buffer","data":"htv9P05/IuRtVUBii4P4GwKevVbmRvrdMSTRi1hB+t0="}},"VBovhC2598RfG5WD8I34/9L5nTVOnKyKG0MnRnbDBws=":{"valueMac":{"type":"Buffer","data":"JGLw7hi77pDjqxgfPZnHMmcv7L1kqN43YEiXIqbkSDw="}},"wiTDgTZKMeuYLa81k0/KwEEoK/KSj/e2JiMd6+rWmGw=":{"valueMac":{"type":"Buffer","data":"CM9HfouW3QbPLYVhp/5Zxr6Gqzzss4KGNBU8zqtLgJg="}},"6zasq1tSBs8rRgkgg4yOyKClvqHojcvP80NK22HcIKs=":{"valueMac":{"type":"Buffer","data":"qDb3VoJrYd/WEMoXz75kgjBPazaFikbziJMJBYjD8NE="}},"hnWDC/LKQAXMTZOeSkclE+v3m1Qq6yG0kTT6l+J10sE=":{"valueMac":{"type":"Buffer","data":"Kd3DaEAn6y/+9yMGhDWqCDt7SQZ+58H+pBn++2Kwhao="}},"/uac/OR7EmNNY3//XEaKERY8PySYRzdK9i5gohsDByU=":{"valueMac":{"type":"Buffer","data":"CqNRXqhNdtUnskvu0PNPy0cVToBjPGeO5z70fppHnw8="}},"QUkNjnPYeufhX8tSSn+3ybTB8jLw1S2LX4AJQL7BJaY=":{"valueMac":{"type":"Buffer","data":"uTggSL5DgH+F7ohhBztm2eEw6o4ku4OLi+kDdNhxmJs="}},"AtCIZ3FrDoEICUEMmOtHAPI9YmKvduED/vcrovPi++k=":{"valueMac":{"type":"Buffer","data":"3h6Qhq/HNETGgP9YlTJLm0FsKPDUBc86E1PTK9WctiI="}},"OICKmhDHtpf8faqC5rhh21ExYuqEdvdqQgxHTqPxF1w=":{"valueMac":{"type":"Buffer","data":"LFusugCjCscMNKWNz0yBxy3u0O7/mRm3+1RTiw2wAag="}},"QeEiN+9Eh4/V14vItoqHzuWayxpDHEtC0rIDkOldzw0=":{"valueMac":{"type":"Buffer","data":"Kttz3lyDdKs4OjcsA15sYoCSw5FFDPqvRm1tUaIHqBE="}},"V0o8qhw0qdp+pkGEBeX1dsntH5Z9GIr6dsDOUuSpZ0E=":{"valueMac":{"type":"Buffer","data":"D6OBMxHpuJT5o4G3pKVUUu5uy2sEcw6SyqbxUTxW+AA="}},"uAPuHQX9rvNvgredEiAFY8HCOgV90yR73GZwJNA2LoQ=":{"valueMac":{"type":"Buffer","data":"XNMgsydUI4t5nWKSThY6OIF8K4gyZJGY3pDQ+MAaiFU="}},"ZNDl45gscckD+oV8b9I9975C7No+PCwy46bD/6IuK+0=":{"valueMac":{"type":"Buffer","data":"gWQF2iZjhqDu02CcAFLRee0G5cANZ84cUB+QlxWRb0E="}},"VpivrJAyb71lvWiMeuqx2RnG/cO8kI7Yo7iDsI3C3Qk=":{"valueMac":{"type":"Buffer","data":"D6k6XtAfsI+oEqfcRnQ6644FDss+ZoxFC+J1vuP9cP0="}},"/tvJfy7ksdCgYedylFqLew2lGzHN8OFPmEA/egCdFFg=":{"valueMac":{"type":"Buffer","data":"RohP6ynatjepuJMj1veS4lGkXVxZsIcXT8MRJHyjdAo="}},"EjenezPlgNpfgOu5s5YeOzmhl4sCEPzvE1UYe/gye+M=":{"valueMac":{"type":"Buffer","data":"9QDTd9VbLvfOuxDhcvwk6Yqd5SYqpYDk+J4ffDL4jlQ="}},"ZO1R0ogBJZdcfQ0J/eDg3nCFdJ9ZVe6vRvXa1T/7f7Y=":{"valueMac":{"type":"Buffer","data":"461gOjvxfATgVkqSGCiG4pArvf6TH644HUt5ncOaixE="}},"kfF7c7L2iIl7GncyJ5lYrKBuGBV3VzEmGI1fPYjL5JM=":{"valueMac":{"type":"Buffer","data":"DzPRMZu9fl1ewZxbTp4pKotXIXrCcrHREWc7xrB+Z+c="}},"Yv3WlNmjEJIv1bqn8athqlTgFmBgXum9aYRT+jmpHSo=":{"valueMac":{"type":"Buffer","data":"CakHCLgRGalYULuXBWIWTGf1cy2X5BVsk06hlcvmep0="}},"b0esZBoyJv0oXj52TpeDOvGYTehB8my7rnPloAMM3RE=":{"valueMac":{"type":"Buffer","data":"f+N4ZIzBPdd28vGA4fbjhW7tqTASKh5SrcEE/ey+MOY="}},"NnSJYQFB27kFRH7e756jv0wwbM/mX2MzNnMuw92MIls=":{"valueMac":{"type":"Buffer","data":"FT6r2zPGXqT5iuqva835UMmYbh1A69aSclk2Aoxsn9w="}},"iZubdPRyQcVjMPC2Rr2f5O3aHIQTiY4GXrNPe5Uv/dU=":{"valueMac":{"type":"Buffer","data":"PnPrDc+0Y0ecPuzzAvpLjCxiElQ+ACI5HZ0K8wTF9Fs="}},"0XPGcJlEx93NsbHLYAPFKTZnxxnMGLpq4l/J/50I2BU=":{"valueMac":{"type":"Buffer","data":"XJCfUiXWKwgYN3cmiTtyTdQtEWJeg3jhk3wjH4ZrfXI="}},"BzJ22jIqMG8EpoGZwShveLkSXoT+m06X0oZDWW6mApg=":{"valueMac":{"type":"Buffer","data":"emxEakytpmdRy/nSAaK8nF7PFHhGPgYCwLMfkMUtHys="}},"l3UR6DEgWcKq7or2Fd/W1vr5xEaNcwcyA73HxC0vjao=":{"valueMac":{"type":"Buffer","data":"gKNz4dFyaps6Kx7esQ2yZcMKB2vJ6nLbTEBAgB800OA="}},"Wn3vtLO4/vtkbzFjw7J6Kbc7oubfl0GOfN09DvXth+M=":{"valueMac":{"type":"Buffer","data":"2u7nlgXb+/lwpm6/MjAY0rG1U7Bqc25nXqdQHQLXGp0="}},"OeK3bCZWw7R8+OvssKEtPCZxgXZi76z2tQR781V7HDs=":{"valueMac":{"type":"Buffer","data":"Fxgvviv2mvoWl0+MfPJMIqY8a9DfHbpRftKcr337K0I="}},"bY7U6Kj+itB+Kd8SWxiW6KzBzJNJKicemq7twS1uQvI=":{"valueMac":{"type":"Buffer","data":"tHY3N63IAE9/+I5EI5B64fBWUw/lBBaI7AcP8TYKZRc="}},"Kz5palEkTmlTBF7LZdBgGMX62Fav5DYsyFgZWCopcUo=":{"valueMac":{"type":"Buffer","data":"qgnme8kEi8bpI8JsSFHfQLFoKNPVYbHyDF3IMtpmv6o="}},"G/kTK8LqJLaCNZXOrdinXiqvxHew9iwANYfXNAEPnZ4=":{"valueMac":{"type":"Buffer","data":"57C1c5GoMrjz4vXbSiC+FhxxF6KGyOLHTiiAmLRV4Pw="}},"1xMll0T5SfJLnp4E2iVwq3q+zMYjbt2TJXUk9luYxZo=":{"valueMac":{"type":"Buffer","data":"TFrzs6ehIZYzGUmtye/37egHVyxFfa59E4xrKZcir3c="}},"ZRZg30epncQC34l1Uu5RAFrCqiLFaHfFpy+IstsdO3c=":{"valueMac":{"type":"Buffer","data":"6gXABabhEOHrH1FU+UNDt4Jjg9cQuC7kkrzPIbGDjj8="}},"kDN0zqt41AcBjrCLximnfSbQ5HaLBp4VtQUPkARs6Jc=":{"valueMac":{"type":"Buffer","data":"RsxdmC80RHPg7vVAREbq0tMTGhMB5oS5Z1TrKuJDiPM="}},"T4h6eGThuLw3KqNX8u05RgqYgceAHYJbdJnae47hV+M=":{"valueMac":{"type":"Buffer","data":"4D4SDRVUVAKEBnM40xO6z8NiJItzY4Ft9frmASqoaL0="}},"70f6/bsmPnUTEF7qQrAAJIuNxn21c3BM3YOWjl3bpHk=":{"valueMac":{"type":"Buffer","data":"nt1kJGT/0t06GO7c6YkCH9CKMErL6ObKkjqr6ODxF4Q="}},"b6ccLNPng4KGxHKDZc0rDAJ6P0lVi/D0qUV7FvGswyM=":{"valueMac":{"type":"Buffer","data":"UqFqWXSP+diCqB1S5ASavxEq7dyrGs8s/w81K+whHUw="}},"V4s9FP3CXFSAywMusAtOHEgc8pZ087T0RDHcmGLupeU=":{"valueMac":{"type":"Buffer","data":"mMFRX0L5rt0ZQNR7Y0ImgoPUKWJjPWVCQX41OY1RmiU="}},"OPAEypG1rBnZ+MX++RtdfFbrLOsFuMFX7PiCg979lAk=":{"valueMac":{"type":"Buffer","data":"A/lljv0fu31lgkFG0wh98qISQkI/H6ncCWW6luEj758="}},"hWWxXKve3HIeOHkRUcUbGf1ZzBb+YqSv9L9w6U3bD2I=":{"valueMac":{"type":"Buffer","data":"MkXyxo794ZhJ5hR6uKGpEXggKiXWiy1mqhlciLgMmEY="}},"z/Kr7PTXGlN16nZWe+8b+eqMBUKZOdPElxoP3EHTK0g=":{"valueMac":{"type":"Buffer","data":"ZFUvAlS1aPxZauQValS0/7C2KwMhhUlxdBaRSExifPk="}},"N2siC4Fed0czWWyCd4rrhOfpGvw4AAGjjwLgXNCWUdQ=":{"valueMac":{"type":"Buffer","data":"qVWBoACmp1pbr9NA1Gv645d8cOr2A0CnnaqPkH534Wo="}},"K2HwTUdUy8/vv5T7jHXgnvAcqYd3rff2yePRPbqKPYE=":{"valueMac":{"type":"Buffer","data":"1b/cw5qSlerexExvfVc2+vAqJOVQQLXixSUkwrh7ojk="}},"JylVVlgdI9bR9VuyVZSge/snMDnqbDjskVIhYkwdS7E=":{"valueMac":{"type":"Buffer","data":"88f4zvG7+4OG25sjQqYPRmJvwT2reAG6cxPJ0qwd330="}},"ZtY+JErR5LdbhfwhBXU6/StqmHjVuiUncIpr+IXYahw=":{"valueMac":{"type":"Buffer","data":"MKSIOQMMAYzLD8xwyGTfhKcYKHlEZlUzQiUfgkulExY="}},"9dUEvBiTglc+E5Kc84ysdy5IvIN4PkHcDstoOtxidbU=":{"valueMac":{"type":"Buffer","data":"JJwz3JoohhpeMcbmPXoOzmOPEDB12kiNgaYd4I0+OKI="}},"7c4jLBa6VRxket0EzS4PBejIo7AOXDmnzUklMk/gRA4=":{"valueMac":{"type":"Buffer","data":"PlmAbJKT1lFQvG0bG3iM7SIkC4nzBNIiFTx2BxhUpw8="}},"AWixLR6R9HcZeU2DPC2TsCi14HgfyEyrPD4N9E/AimU=":{"valueMac":{"type":"Buffer","data":"vbdqOUWOKVlF2hfA6pp3V70L9Pr/W/RtpJL1eBltLmU="}},"W6REy1IqGCchndYNDbLfHkg2TYeDdrPaPmwrwZfUx0Q=":{"valueMac":{"type":"Buffer","data":"dhBpD00umYrlFC7Tzd3Up6YPBmTsHrudtCM0Ge/jjL0="}},"VdF1C+ogrsBNjvF4/EHtxW+GsS6HrDTtAKVl0UNWVPM=":{"valueMac":{"type":"Buffer","data":"HxaAt9ZzxDmGjU9Kq76W4GMQ3rdlk77DdaOt43wjN8w="}},"XKi0Ali2SNToeSshdtiXc0qn52/VYPA4YiK1o7F0cgY=":{"valueMac":{"type":"Buffer","data":"AdOCUSWsTLhdXy5LVyyo7l3mQJxHoFqQmK3l71ijej8="}},"QpiYKltfhAo4aFlCHrx2JlVdkDgKuEo6xjgqPUssr30=":{"valueMac":{"type":"Buffer","data":"SROocZ1VBFvfwXUtXeMA1Er76o496MK5vqZX1noBOkA="}},"ntuVNB/L4HQiPSkSMKU6QJPf4Ork92UvUPFS6O/Uy1c=":{"valueMac":{"type":"Buffer","data":"t+Jwy0vbojhIQMFid5JxAjaLs0ov2/3WcLhyrtgA6HY="}},"DSEx/c4awqCMpdQMmF7ux721xBet+7buyZH4ufHx9so=":{"valueMac":{"type":"Buffer","data":"gHBh28WD4ZpZ9ZLCVaPpCRZUsDWnv2DPwa08QRARgNw="}},"fS7HWlWhQCp2oEnGZgWNCga3q59kWyS00IwQu/7gpdM=":{"valueMac":{"type":"Buffer","data":"GTn3/bLftox94kHQdyK5WAlKIWYjxJ/S21t44O7YkMQ="}},"oKFREFjJ8RMJyXinHBZzmoe25RtSv6bklRJzlxfl1jA=":{"valueMac":{"type":"Buffer","data":"Xo/LqFYN7lhheb/4ztr/j+zFGQtyorXa1l5cKWW5vFs="}},"Vgzhkshon43V6j7/32lEPtoFkmkstszPcHj/quhyQeY=":{"valueMac":{"type":"Buffer","data":"n8Z4lczkt50gLrN6xE8pqYasO0RoFfrC2p50AsX5v4A="}},"qiIBQAbiMO6sxjmSb7gfaSCMpSnmBREx9EQzZG2vyVQ=":{"valueMac":{"type":"Buffer","data":"uOsVuGG3sRgPNP+VtHHF8IlKYVM8wg73ZINJ325ECnE="}},"gyyk0Bvw1crvEIEsjOy3K9XWoIqdeacIpSNfqbZygkA=":{"valueMac":{"type":"Buffer","data":"jDNoIOuQ7Kse3dgQuo7pQPGeh19XkPlXqRq269cUJYQ="}},"Vw1O4SLgD+7rLuAhKDOaHTjxaJ5BWcy5L0UZEZpONuU=":{"valueMac":{"type":"Buffer","data":"D6FSwakbLPlFXeMnnFbDm7AO9fPSTmZJtGfQOnhF0vw="}},"/hI6m79vyu1hAcUSn47oFhKqZ+C1+7qH4ONGpAjB4JM=":{"valueMac":{"type":"Buffer","data":"/jd0Euq+FlA+YgdnneuzA/shirhkVRQOW7m2RWOAW/U="}},"0YH+8m8Ih5peGvUA6b3vXrnV/M2nhv9RdSRfGEYBhes=":{"valueMac":{"type":"Buffer","data":"vFB58ZsmFVISaKoctqL4KhuYm8CVJ9seZmTPYP0XIXM="}},"9WL71JdXyJYawUuuHs7BmOy44PK3r/JWtGVKzLzLOk4=":{"valueMac":{"type":"Buffer","data":"aZSx4ifDFc02L2nZSfUAwUTSw8L5EnrT9185wQZ4t7c="}},"SkLIhvsuJ6vchBby9rSqN6jdhI+LHmCgHgcqYgl7WjU=":{"valueMac":{"type":"Buffer","data":"kwP0iIhvEG1Rr8R4ra8dgwSCLKIz2qEjGtCP62oe+EI="}},"i9e/Z6ezlZ5H/PfBKPzxG9blmOxPFOzVbU/YrjcYeE8=":{"valueMac":{"type":"Buffer","data":"wqXcSQjE6+dsZGrGlG7B9p7UqDaVt4hON0gChg6qClk="}},"Gw0kuRpwojd/FQc1TQyQI6TWRciiMYiBjs47YiPdo0Q=":{"valueMac":{"type":"Buffer","data":"oAMZgW4wrWsD5sZPbrp1bDVtoj9gRi+Lk3iDGv8f3cQ="}},"3OiDZOwHbhyoua+7kqpBda+ywKrrTY5nROpCakslXdo=":{"valueMac":{"type":"Buffer","data":"EXXzVC8PDmUgWOQycpc2rUi11MQJ3/uMKk3/bVoghH0="}},"EfFrrM9KQeSRrKjOCUJ6mbc/R/DL8AR2DBTcvJifNkI=":{"valueMac":{"type":"Buffer","data":"NWQsIm6n7JEpH1advV8LLlsNQ6LiDQRZh849lnITm7k="}},"4aHjmGUqNfRwAbOtdAlR6hmxV7RCrBQthx571KrYjNM=":{"valueMac":{"type":"Buffer","data":"cLkDXVfHf1huToA7esdyPAsSDqsEYDlXVk5K3aA0lF4="}},"wWPCNb+w+56KE125pHAf8wwqtNDliDnIlj3ix0Y0+II=":{"valueMac":{"type":"Buffer","data":"J7RCCF0VUAAT4dOVqOalbGxc6j4b/KINhQVoi7CMKgY="}},"igj2ihLLtHZOHTgRi3XrnJKWleXNNqn1A0v2Zcf9OQs=":{"valueMac":{"type":"Buffer","data":"GKEgHF7SIBJ/8Vduv1oOpublict6QRNc8ebqPBHDpOA="}},"MK1cLiMagCS3moHJhTeS9IAjcdGjk1uyU45GbD8+Xn0=":{"valueMac":{"type":"Buffer","data":"wHvWU2PTu+wLMLK2s4bo8fZs22psqtV+OPpPkxSNtx4="}},"IxLKwhNIrgMPwwwkr3tfAEG4jRce7HmQgf+2A8+BOxs=":{"valueMac":{"type":"Buffer","data":"jLOpc2jxvSyOs00hTvtE9RcUg24prDKDqZZJdMvORSk="}},"W5/JTna5rCAAuNkx3IdbxGQvn2hVz8TgTDmVsPY2tHY=":{"valueMac":{"type":"Buffer","data":"94ePHcdVOOydFw4LUJzMREd6ZOxhIWoEp16uCLzPnos="}},"nHwNaW4ZWTpGAs8QxVPrF39GkQGZihnSTB1EouuLh5s=":{"valueMac":{"type":"Buffer","data":"8SjWH1jFF8QuxKTgLQumqtXevml8rUBPXKyA9pc/Nsg="}},"qINljsXI4cJbPxHhgLlfUIxv1oiIF5yK3yOeUi4K0ws=":{"valueMac":{"type":"Buffer","data":"Bgunm6aI0Fye8V6cSkJa37BLIjxb/sITYdkI1waWQsY="}},"m4eaMLv5f+XmuxXeh3/4CkB2cogvYJMXZ+pTDlS6vTU=":{"valueMac":{"type":"Buffer","data":"7sLqRctL2aBEfpykkmJjTcKRU6I759DDhkE2jrJQ6gM="}},"J1uPPUS8LggnYMkQlGdvdp0t1iQTlgbbIxS0bQCkXS0=":{"valueMac":{"type":"Buffer","data":"iP/ejBbzLSBC8s4TEigK+WY3o4Mkvr1pWdxquMhDAhY="}},"lwDNWIqkPpabA8lIMyUfYEJuASFFgrkI1t1YZd2kyVk=":{"valueMac":{"type":"Buffer","data":"6331XTUFpPi/5q6Dt3kDIQ6PKU0VMWI9xomR4/tVNRI="}},"d8OxA4MVrqTqxr8GbobgGaBIDzIFOpX9krykLRzmyh0=":{"valueMac":{"type":"Buffer","data":"If+McfrtxofnOIB/VWr9RFZyVK77POXHjKRETiaip1o="}},"Mug72icO2k2exs1ES1CNh7No//VVTLzvY0P415C/V/o=":{"valueMac":{"type":"Buffer","data":"9SAhOpnCov/tX19bOkkG9oYZrG9d7lYJbzanFFmcgew="}},"uFF7M3YOaZbqneG44HpiFL3j/GiFI9Zj87PPxPzG/H8=":{"valueMac":{"type":"Buffer","data":"NRhzEM26cTUdTHEkeFHTZbWN+TG9zFup1uviz+fD9Wc="}},"1CNCYdt0zgifBOK1pkqedaeWg9uKI2ERKs8Rc38yV98=":{"valueMac":{"type":"Buffer","data":"USewt22VVzMAEgj446lrKjpXmXJL+kEVXurBpvreYfM="}},"u5HYEPXrGkviD9Zr22yI7ZHpDoEbyVILZZbLxrsOF88=":{"valueMac":{"type":"Buffer","data":"yZOWLsTjbM4Yb9+VzTkP8K41rTW+r7bitmDDJgSXPH0="}},"WxD06zqEMWD1HknZ2gzqFeyMr2M/Igk4fDzhvmLGi2o=":{"valueMac":{"type":"Buffer","data":"lxy2sCiRrNYmqJemENqXFpFek5Z+g9TuVSaKocBBuqY="}},"YTJUTOGM1oEeUqpqsh/NVEcG8WtgNiQCEItPV8Bh5x0=":{"valueMac":{"type":"Buffer","data":"2TNSGkNzW8soNbQ4yRKm+n9CAluQt5DSuK+12wG08y8="}},"mTdpuyd48wnE33J7UwdI9SeZEmYzM/6UC2IjU39rq7o=":{"valueMac":{"type":"Buffer","data":"ICCraGFywMRboFOAST6zOeUvk8tg2IIvjQgphVBQ2uw="}},"oKEHuRms6idFOfn40UL6NMSbx9lAS6L1JRwE4E1cODE=":{"valueMac":{"type":"Buffer","data":"K148LzeXphx1mk2Iwf3oDBymOpEfD8bKmHcVeeklJEE="}},"ZIol3GsTSAuSPPydH8WGUKinC2IlsEcTQBb7fpI8Oss=":{"valueMac":{"type":"Buffer","data":"BvA7YbV5LMYEpd6a/CiwrJkdFvhjsgBPxV0CojhrJ2U="}},"mmkd6iW7EwO7UPev78VTDI+Kp5/F/U6l0eVLCvyikig=":{"valueMac":{"type":"Buffer","data":"gakk+UO2ELfXldzd71TfN3Cg5d44GqLYWzqLZSI35C4="}},"Knd1llcdLG0iccpjYduWDgS2Ck8XhhhnC1SbpvbURbE=":{"valueMac":{"type":"Buffer","data":"n08hebvg5ZcGVnYHoMZondR+eN2CWgBMljVHVay1AO4="}},"4GfrL8tZYnacd9W4adUZkwp5fbjiz+q4DiOf6ESp5qA=":{"valueMac":{"type":"Buffer","data":"iSVBnG5wHuhIfkoMVYQR/4YV0gwzxh9io9mp9lf+ZGk="}},"Qo6ofNHdV60EQ49Tk9X6hcINNzFt3YnJ/FpQvFCr0K8=":{"valueMac":{"type":"Buffer","data":"bSpWcw7c0EIEKLkswu4M5xwMTzDdNk8ri6vvPfz9fxw="}},"F1j8eMOu8xbwQWT5Dfx/CHfmmOnJkROgOTpyWpZbp5w=":{"valueMac":{"type":"Buffer","data":"AuaaF+lSnvWZt6y2Oh7/nmW7KiX2pPxAEM2/tVKXr2I="}},"eP3GvH23yxDtLRPvuuOlvZ12OPy2sZ0jdH8Fif2PjIw=":{"valueMac":{"type":"Buffer","data":"eYrwKxsYc3TNl0856ouhPcEB2RKZpZZuDhwQ2ORtc64="}},"rtOUOHMsJv3XGWGLtiKOkLa77SpX2YxrYcxIuzA5umQ=":{"valueMac":{"type":"Buffer","data":"no4tYOXnUKp6ZOpoEPFxH235Tp7mO14p06pzjIWPPRA="}},"QXeRDEpL/BmeURFjIZiE3+USiiow90qQskzYW1ZSlRU=":{"valueMac":{"type":"Buffer","data":"9UB0aZP0tBkO0gElWXh07+SV7oAF5y+29vmDJaPWESA="}},"++iUkNHw/ElNImsnfZqNEQR6WdLLQDLPH5pwczPLAWE=":{"valueMac":{"type":"Buffer","data":"Rt2eOBFA/dJJqTW/ZroZQ3CKGx8r8BaPRdW3IAlJ/ng="}},"PE8VOdI521JXf9nC0akb3knbJxBGMXtWmquvm+IzluM=":{"valueMac":{"type":"Buffer","data":"jAotHBvpo4bTZTEjwMU0jYgYwoRVABf5heJhcvaGJQU="}},"KZ07vAzj7mN/VuTFi9cwGHg4v0kASMC4g/7a5C/wxGE=":{"valueMac":{"type":"Buffer","data":"Zft/U4X3rVjwwUsYRznPJ9jFQTlwp8z5Q7wOBNJHWcA="}},"K55+jKTRzIQgjSp/th7MpR5TmfboHJzNoQGqqnQcKOA=":{"valueMac":{"type":"Buffer","data":"FmA93LWisvV26FvXYFZD8SkI9wOJUhY07AOz9QJv154="}},"7RU5WdgYNAlBrnPAhZJ3yG8axY3mVy05oqUg6WLSf3c=":{"valueMac":{"type":"Buffer","data":"qsknHQzULEGZQU5qxMxKlcrVpvQhcWEJj7tHTUpxZlE="}},"XyIcfId+T3DppBTX8vWna40ajKd6ao9VRdCUIcXEiw4=":{"valueMac":{"type":"Buffer","data":"qhktGBBqJiuxa7skNAgzCeRnKB0o84wwVYA4kIcVk2E="}},"i5yH9+fyVbMrQRpPzqqhe4Aca8zzKh633IMzcc62dNQ=":{"valueMac":{"type":"Buffer","data":"y1cKMAW51L6SikCKEpypxYtJNPbrvasmnna5gZa6h4o="}},"uhZ4U6iIVCpanwlstRwzFYPT75yvttNyp5aN46LSoZM=":{"valueMac":{"type":"Buffer","data":"B1OOQlbYbADbBV+VLacn1vv+PrB27gxYJJY4am8OpL0="}},"voHNTTLQbAb/ljujrm6JXAmnFlvcly+nqIoSy+cySXo=":{"valueMac":{"type":"Buffer","data":"J81S9nkGLymRlBe+8sP6MvKzFNfsNh6wBtwyddTIe4w="}},"FzNUs3zlXsRhWIr90fKlH6RPUQ6RHCSgCha50atPmFY=":{"valueMac":{"type":"Buffer","data":"6VYnZu+j0daNycbUDO2qNkvdkmJJSGJk3oS+P61FjEE="}},"Qwi4tYbywXAVf2P0iywM4KmiSXSgxTK/8jl374xl4uw=":{"valueMac":{"type":"Buffer","data":"OCuuoptGPAt/j61pu7rxVJfoBKpPrRdCC1dSZkBO+48="}},"qBMG+xBgzFvP0FNfLD4HTQcZib7mtM30D4shxXbAStE=":{"valueMac":{"type":"Buffer","data":"NQl+63MpNCL+8Hui2tlgAkajjoFmzFVIwx5PNLBqmk0="}},"xbskQSAsTGygh3WpJ7b2JTneSBbMTCYEYGSeHrx3hps=":{"valueMac":{"type":"Buffer","data":"B+E0wPaxN22wNLh3In46epY98dMvPy9gisotEoShuLI="}},"DWiWX4Ljvvwf088A/KcP6ncFwpS7ciLbQNlye0qfg1g=":{"valueMac":{"type":"Buffer","data":"ssIRKncCUvHx3Nty0I7VY5OLbg6zWhLXNUeaZfuvJpE="}},"xgMDH4ITdekgLPI49KN6Fhdf5vNIHdYXiOw5S/+Rh1Y=":{"valueMac":{"type":"Buffer","data":"oekMMzGHi42y2oczUZQDLnpCi59VDQm/SLtI0gG2RoY="}},"RmG+Y36OsJ8DmRv1rJzDmSu/J5kamV4y+Sf3QLfsf/s=":{"valueMac":{"type":"Buffer","data":"NYksM9rq7BdUyYlMF17ncVuKFV+9Zmnpo8GxXyUbJBM="}},"tjbMlsKFtTLc/2Gdo6ywoZiQyNMAjpMupHR2GQBZbHk=":{"valueMac":{"type":"Buffer","data":"UIbRKBksx3r8/1d0I5/fElA6AeYTGI6Z2brOC82g7NI="}},"HOsVgoNr6BDv09fkdnzjIFsfQ//Ys9mPOBt5meCZpNg=":{"valueMac":{"type":"Buffer","data":"cn4AdjIYlytaTi5c7MYWjWnknbmqbuv2ienbDxd6i+4="}},"aaxmSITNMxkbZeRSf7GK/iL9753yLexNNwR83PdwknU=":{"valueMac":{"type":"Buffer","data":"gx81zjDjTGUQk+ps6w/94xLabGMT/d1sRpAQ8Eurzag="}},"cnlMgCSe81PjCw5f3aoxtKp4cKU0BoG1ocPISwGJw3k=":{"valueMac":{"type":"Buffer","data":"U203nhsCTDj+ifaOb0+bYbSuf0KGCKm8+G8cd8lha/s="}},"Dg6EZp02A9HFjI0NfaexT6/45SeStedRuPbkKhymbY0=":{"valueMac":{"type":"Buffer","data":"hlm5TuDekd6u7oHh/h4SHPeuEYSMkIsol5v87Gdzwkk="}},"c7IllMhY/PxTQbSRxVG+7Fo67OViYXcDwnuhZ6N3vWI=":{"valueMac":{"type":"Buffer","data":"Y/w/2Wklj80lVDRKtfxqK4nn/+PuVAFPgEUmFPqnHdU="}},"YX7LzZ1uCEmXIUhUM6g9kWOzcYK8X+blR9oakwMNXLI=":{"valueMac":{"type":"Buffer","data":"BW9DqMHEzKd5baxOiR0qLAOSSIRJZENOBPD4+kyyCBE="}},"UePmanjDY0nwDQQZzMNTsW+yYRvYBGQP3jNvjJGWJ9A=":{"valueMac":{"type":"Buffer","data":"RdTXJcirsOxDWfjwBdH+PWIrZhaRiR9LdbT+lY7o77I="}},"JXFONhjPfhhvPPvl8ZORdfyUs2V6U0Mxr441QCJ5kAI=":{"valueMac":{"type":"Buffer","data":"7Pcfl/IwS58NnXSGbs1n18frJc9/G9OKaVv/v+S+ShE="}},"IZTU+VWx/wCnd2K/m5HQpU+KdRWRPPwcqrkxJ29Yotg=":{"valueMac":{"type":"Buffer","data":"M1YlE3IMM6GdZ0BAAXbuNmfxIAmoGBIPQmuHKtMH8hc="}},"kvZnztDOv7aN6Sg+dDo3NLARaNSsvnJB1eHMxrm3dQs=":{"valueMac":{"type":"Buffer","data":"N4Rf59OwHEExP25Ca2EZENdCpamMhPExFCS7f2XAsUI="}},"KTqnW0Ta1sPrZLt65z1qQiJ0vg9wZIxL1Y3z4CMKb1Q=":{"valueMac":{"type":"Buffer","data":"rBUlKKIFsxGlBqZm5QYAv8IjSY2llf1UZCkqcVU3TlA="}},"hP1r9IMM2vUTJwhtJ3X2LeDkq2KkouM0q7iHlB7NJyI=":{"valueMac":{"type":"Buffer","data":"cEzp2FR86b3/qPxKzHjakCU1u8y1JV0vIIio7OqSbFU="}}}}