{"noiseKey":{"private":{"type":"Buffer","data":"qDS8VMVqvHEqARVjSV2uva2Jwf2R0/0ONjyyxxckmWU="},"public":{"type":"Buffer","data":"qhSUL3+b2JRhq0mdepWiW3Msydv5PysP/d4AagwpQ0E="}},"pairingEphemeralKeyPair":{"private":{"type":"Buffer","data":"+Cnlts6qkGuzXO59EsUj8I2oz82kaMDIJhc6qq6n20Y="},"public":{"type":"Buffer","data":"lwcPFRZvYEGfNWWF63vCGTADg0B9RthxpOfBeCeFuCU="}},"signedIdentityKey":{"private":{"type":"Buffer","data":"cNgvfAfkvm81ArGuAIce90WM2nX5Okxe5uFaV/fcank="},"public":{"type":"Buffer","data":"5abSeCsAOU6I7aBaXCq7jeWZRRQBuSsQqvbWRU7eKiU="}},"signedPreKey":{"keyPair":{"private":{"type":"Buffer","data":"sA7ZODTmsnIj576XBzSRGDk2QB8sOHR0EjpCfVNY9VE="},"public":{"type":"Buffer","data":"E4JX33vyVVUrd0ZMrHmzDOKHUIBq379fmWAz6DYloXI="}},"signature":{"type":"Buffer","data":"C1DrRckVGbAQn/GRNIC6+Z8H+hQOl4aJdOvSDmozfooWyU4e/KBF4sQxlCfVKtEZq7zRcFjqHGNCq+LvQ8asDQ=="},"keyId":1},"registrationId":231,"advSecretKey":"dAUXXAoGuYvpnq16ex9uFpDoT8ekbPLbMwJUFipGJ0c=","processedHistoryMessages":[{"key":{"remoteJid":"573226090903@s.whatsapp.net","fromMe":true,"id":"964A913C7895CD6CA0D34FF53033B3B2"},"messageTimestamp":1727196622},{"key":{"remoteJid":"573226090903@s.whatsapp.net","fromMe":true,"id":"445930D0EB08BA1AFE5B7B732E1A7C70"},"messageTimestamp":1727196622},{"key":{"remoteJid":"573226090903@s.whatsapp.net","fromMe":true,"id":"ABCBD5C65140B247670571025769DE9D"},"messageTimestamp":1727196627}],"nextPreKeyId":181,"firstUnuploadedPreKeyId":181,"accountSyncCounter":1,"accountSettings":{"unarchiveChats":false},"deviceId":"LqbVdTwOTeuMCBb4W8idgg","phoneId":"eb3520a9-77ce-48b9-b918-b5ec709d4c0e","identityId":{"type":"Buffer","data":"dGfqVuW6Gv2cFbyt+8UQOMPrye4="},"registered":false,"backupToken":{"type":"Buffer","data":"qKvelytrWUTPHrW2l2DcPU65HpA="},"registration":{},"account":{"details":"CM3X5/8FEMnby7cGGAEgACgA","accountSignatureKey":"TDjJd3HaswAqn6AyoC1VW3ObgQzn0bBFqC0QZGLA9xQ=","accountSignature":"y9unXWBESg4KmvGgetuPDp0/f1dtFF+27cQpSvs73SBU9tqy1g5FoJ1jZcYb7p7MjJFTc5npsUY2zjFhRNtZAA==","deviceSignature":"eDMiX44ljuy4zrKB4WskOA5TZKcbinN2pXRpBInQOQh05gKhMoEBI9RUB1NHxA8TZNMJI6vXMfcjPdZLDokSCg=="},"me":{"id":"573226090903:3@s.whatsapp.net","name":"C. S. I GROUP Monitoreo Satelital","lid":"51686156570847:3@lid"},"signalIdentities":[{"identifier":{"name":"573226090903:3@s.whatsapp.net","deviceId":0},"identifierKey":{"type":"Buffer","data":"BUw4yXdx2rMAKp+gMqAtVVtzm4EM59GwRagtEGRiwPcU"}}],"platform":"smba","routingInfo":{"type":"Buffer","data":"CBIIDQ=="},"lastAccountSyncTimestamp":1741640309,"myAppStateKeyId":"AAAAAFWW"}