[{"senderKeyId":1351543634,"senderChainKey":{"iteration":2,"seed":"M5RQ1jrIg+Uv22gpc9rI6kZSWjeD84XWfYoHj8Ei9kU="},"senderSigningKey":{"public":"BQXukHgNn8yMtdsYdEer8Cx4JshZM3JRI9TymSJZOBFz"},"senderMessageKeys":[]},{"senderKeyId":1894745320,"senderChainKey":{"iteration":1,"seed":"JtBT9/NxPk9vlzeEzl5gjtE7KNnpOsj4A41PW44qxZ4="},"senderSigningKey":{"public":"BWZFIe2yNJrPAUxOuqjlnuC5ykXs170YmUJPhlRUDDMM"},"senderMessageKeys":[]},{"senderKeyId":104712514,"senderChainKey":{"iteration":13,"seed":"Py/u+arf9lpkvt4xZA1nM8D6bskbNknWQQWYrup+Rtc="},"senderSigningKey":{"public":"BX6WRZ1cClaKnshmDhAKyH6pHjkIeAiZW6Zayl2PzpEe"},"senderMessageKeys":[]},{"senderKeyId":104712514,"senderChainKey":{"iteration":11,"seed":"i5G/d2xXYcTD2X3bU8hwVEFaPZai/AlkoguT6OPV8Zk="},"senderSigningKey":{"public":"BX6WRZ1cClaKnshmDhAKyH6pHjkIeAiZW6Zayl2PzpEe"},"senderMessageKeys":[]},{"senderKeyId":1389894420,"senderChainKey":{"iteration":11,"seed":"/qIvRgyEDUrAcpLWeLb93xNEdR6FS+UrLjPaUQ3R0Uo="},"senderSigningKey":{"public":"BYCFrQYoLuSqplBkx0ub3pEf7iv559CrgLwlhDfm7xcZ"},"senderMessageKeys":[]}]