[{"senderKeyId":428263163,"senderChainKey":{"iteration":4,"seed":"QT66yGSydZgc+kMy+VmX3hVAUPQ2v0ZfXwzOj3EMUMU="},"senderSigningKey":{"public":"BTP5l5pv28hd9H3TuMPZ4ozdaInVJwWAz2IBvzDR77Ur"},"senderMessageKeys":[]},{"senderKeyId":428263163,"senderChainKey":{"iteration":3,"seed":"P0Zpv5qyPn6mlA+LewLmXdGW03FepSpL49P5F8QqETs="},"senderSigningKey":{"public":"BTP5l5pv28hd9H3TuMPZ4ozdaInVJwWAz2IBvzDR77Ur"},"senderMessageKeys":[]},{"senderKeyId":1915421643,"senderChainKey":{"iteration":1,"seed":"x32VC7enFJf/5eaaJ/GfPYY79fpWxdTVF1JXtPMsmmg="},"senderSigningKey":{"public":"BVoucj9nZR0Tjxkx3Za8MtakwRjq8nfK3Uiqa4dp7PpT"}}]