[{"senderKeyId":335918291,"senderChainKey":{"iteration":1,"seed":"pY9Hb2wAM1b2hIbVTcTVKRP944qToEAiuM7LuAmuSuU="},"senderSigningKey":{"public":"BaP0V0WHfNHLeQRwnTTiGF7NTv3C7PM/qcm5SKyheocU"},"senderMessageKeys":[]},{"senderKeyId":973215323,"senderChainKey":{"iteration":6,"seed":"MzGpI1SOywveKRyw/kAwZwqBKi6+CBAvxdZfINeq1T8="},"senderSigningKey":{"public":"BSk6EHPocLU57KjxZCsDZUzC9w+tMHHxG5j5GDdzIFdW"},"senderMessageKeys":[]},{"senderKeyId":1849076791,"senderChainKey":{"iteration":28,"seed":"4emlvnTcc/nvs24fGt2cH+nIhoZkCMeNakg8rev5y8g="},"senderSigningKey":{"public":"BYSYshjXOb97D/if7FtDBv2Cyf7f2xFeOig9YoHRV2Bd"},"senderMessageKeys":[]},{"senderKeyId":490061442,"senderChainKey":{"iteration":1,"seed":"P5S0sqbCpV7e0syWnGBDOyMeHTiRECi31neIy7uVZCg="},"senderSigningKey":{"public":"Ba/rwLILqfkWhV66J67aRE0JPNV+rxyADBGFmMMletYA"},"senderMessageKeys":[]},{"senderKeyId":1278148813,"senderChainKey":{"iteration":1,"seed":"8k4anKBaWq7eAKgVnjjpbm61KmxKf0xJBz/RZNgjlDg="},"senderSigningKey":{"public":"Bed7AQufOHHtbnZGB7dlfi7iebDxEhnusDz4XzRYjhpS"}}]