[{"senderKeyId":947595214,"senderChainKey":{"iteration":5,"seed":"LtIZAshWR2MQS1exs1ePAedAr60XzKrvxj65h6fAfQ4="},"senderSigningKey":{"public":"BR1lFgsOl5PmAZhp4GiUaFR6haz6YUfp7SWb1FEusExw"},"senderMessageKeys":[]},{"senderKeyId":286087636,"senderChainKey":{"iteration":11,"seed":"fqacrWp078tdph/vcWQC7G/r1QmUBznnmXa4N5y5PC0="},"senderSigningKey":{"public":"BcPiVROSpxGoEMYXjN2oX+hVYb6k5yP+S52VwbGlUd5s"},"senderMessageKeys":[]},{"senderKeyId":2141254490,"senderChainKey":{"iteration":2,"seed":"Y0J6w13QandDej6iF+wgGPO2lFB0OMg1hTuKeNQhyEc="},"senderSigningKey":{"public":"BW/1TTfM8ZatWrXWjicpXWjapxZg5dY30PfawWnDdC0P"},"senderMessageKeys":[]},{"senderKeyId":1610570511,"senderChainKey":{"iteration":10,"seed":"C2HZjWlKi0sACPSYwXVv/Sht3xQgKPrkH9mD7vcqIjA="},"senderSigningKey":{"public":"BXMBNx46pkAEfauoBpXZcbz1mk6/tYU1jF/5cKn191E7"},"senderMessageKeys":[]}]