[{"senderKeyId":211790661,"senderChainKey":{"iteration":3,"seed":"0OTsVuqfAWofgxwwe6bZs50HdtduTc/vE7k8lvk2ZzM="},"senderSigningKey":{"public":"BRff71HycB0agIiI4jAWIzYCXSUJOs+zE35gJJW+sQB1"},"senderMessageKeys":[]},{"senderKeyId":211790661,"senderChainKey":{"iteration":2,"seed":"IPeBYRnxxVgfSx4DnnnVoqGk2GY0cxrjyQL2PPdiN1o="},"senderSigningKey":{"public":"BRff71HycB0agIiI4jAWIzYCXSUJOs+zE35gJJW+sQB1"},"senderMessageKeys":[]},{"senderKeyId":1512426968,"senderChainKey":{"iteration":3,"seed":"6qSCbpvbq0xPmBRRCN5KbFbQQmZb7wTXhIgc6cH2jRM="},"senderSigningKey":{"public":"BUH6/gw3P1HSqqQCYepIyj1gL6S8DZHDJyHSvmi845BN"},"senderMessageKeys":[]},{"senderKeyId":276727543,"senderChainKey":{"iteration":7,"seed":"zpieBviIsqUqExYsxBdTnh7RuGuVY8Bkbyx3JrfHwqk="},"senderSigningKey":{"public":"BV/hwIW57WtEbP5DHGlXnVQPIkgiP/rGVMb++TBeq4NK"},"senderMessageKeys":[]},{"senderKeyId":276727543,"senderChainKey":{"iteration":6,"seed":"tec0c3LyVoN1muLMxq3uvmTiHw0bWXrQ7M6RMdiOYKk="},"senderSigningKey":{"public":"BV/hwIW57WtEbP5DHGlXnVQPIkgiP/rGVMb++TBeq4NK"}}]