[{"senderKeyId":1341594579,"senderChainKey":{"iteration":3,"seed":"BK6BQoHDn02kuSCwamJHNyNhNnOEFEzekHaWK2g4Jbs="},"senderSigningKey":{"public":"BbQIxuR849kFiiSCxPr0IHONld34otgFEFasLd5jNCNd"},"senderMessageKeys":[]},{"senderKeyId":363316612,"senderChainKey":{"iteration":29,"seed":"f/ngDvyRCz8AL1D4/VXzOtIKulN6bA/nkNomFZdY/bs="},"senderSigningKey":{"public":"BX3hrmrRxTNwE2Muso6IK2BSFFA+WHz5Tw5y2Kl9GEUc"},"senderMessageKeys":[]},{"senderKeyId":692098806,"senderChainKey":{"iteration":6,"seed":"zFrhr7vJY98ZQapkbTqeFMp/qGPFiS9I0fSCszOwEYg="},"senderSigningKey":{"public":"BaZ1xXW87ie1Zt2OBDwxxutlrEoo6ziT7mtELZPJTBFB"},"senderMessageKeys":[]}]