[{"senderKeyId":772720979,"senderChainKey":{"iteration":3,"seed":"DL8+Fw9r5dyfunZZTdwqySp5dLXqYDJjm8/SHg92gqE="},"senderSigningKey":{"public":"BSjH8Ao+qFaco6bWp2hK0OOb3krMo4fuqz3ZRWpgJe4I"},"senderMessageKeys":[]},{"senderKeyId":1552065574,"senderChainKey":{"iteration":8,"seed":"iph8dwBIOQid/PKnNk7ooRrSIvSbbhn2+JS8Tesnmz0="},"senderSigningKey":{"public":"BYjmkptq4KlyANL8mbX25VpxEe/A/kPYymgU19ov0SR6"},"senderMessageKeys":[]},{"senderKeyId":1552065574,"senderChainKey":{"iteration":3,"seed":"syYIylN7mFkTGYQd22GTz8j5i0pyAsdCj9nbV7EdEeI="},"senderSigningKey":{"public":"BYjmkptq4KlyANL8mbX25VpxEe/A/kPYymgU19ov0SR6"},"senderMessageKeys":[]},{"senderKeyId":1552065574,"senderChainKey":{"iteration":4,"seed":"i8IaUHjV6s3lkaw9DEE3NhodRgMMIExz0cNCreQFIik="},"senderSigningKey":{"public":"BYjmkptq4KlyANL8mbX25VpxEe/A/kPYymgU19ov0SR6"},"senderMessageKeys":[]},{"senderKeyId":1949883185,"senderChainKey":{"iteration":3,"seed":"9YzB/blq4bb0uo9yrMejeoqVOPCKJd97XpVJf85oEdg="},"senderSigningKey":{"public":"BW9JBLzRbbJxmzYbGGp6b0zNVA4Ozty8C+W9yV+eZExT"}}]