[{"senderKeyId":851658317,"senderChainKey":{"iteration":4,"seed":"po6xK9AahCIR2x8AwsL0z4tSk80452XxspJuXC78RwA="},"senderSigningKey":{"public":"BT0E7TlpLU1UsMKmJIuivpmfMh68AqGul/q3fSPMfLgn"},"senderMessageKeys":[]},{"senderKeyId":851658317,"senderChainKey":{"iteration":3,"seed":"qiemwvRkzTu+5PylKGSpmSsOqADu3kxhMMJw0y18oYA="},"senderSigningKey":{"public":"BT0E7TlpLU1UsMKmJIuivpmfMh68AqGul/q3fSPMfLgn"},"senderMessageKeys":[]},{"senderKeyId":1248580139,"senderChainKey":{"iteration":2,"seed":"aJKA6lFnYwBH8rPxh+lcdoH9f8icOCzdOKXHMVYLsVA="},"senderSigningKey":{"public":"BX1mwTdCLLSE9S6+zTtlUtq8JYqmo5D/Hsf1EygFqlQN"}}]