{"_sessions":{"Bez3R3pzTkjER2DBaCY2fmCx/3AoxSvbZVLNgs/lGHkG":{"registrationId":327889356,"currentRatchet":{"ephemeralKeyPair":{"pubKey":"BZJXSx7tyuQSbRO52nKoQoN8UQ9QRp+3wBv2uYu+kPEo","privKey":"cKZQksXQbKr6XQyUO+xqj0Kopt5yEXwuvbyesAmYNHs="},"lastRemoteEphemeralKey":"BSNs/kr3HuElNjXdM4lh8LXxClzwKdN1qPxyf9ZScEl5","previousCounter":0,"rootKey":"xJ3PY/jtVzrsNb+K9zdfKRX6g1n9aof8Q/o53OjLUxU="},"indexInfo":{"baseKey":"Bez3R3pzTkjER2DBaCY2fmCx/3AoxSvbZVLNgs/lGHkG","baseKeyType":1,"closed":-1,"used":1739561072757,"created":1739561072757,"remoteIdentityKey":"BdygdqpyIYdA1GdBRAjJetCNSoPmJgu/w7fEYBdg4CQJ"},"_chains":{"BZJXSx7tyuQSbRO52nKoQoN8UQ9QRp+3wBv2uYu+kPEo":{"chainKey":{"counter":1,"key":"xWJeHEBxTX0y5DAwSzHObvcH3gUdnBghZQnEnc0Vq+o="},"chainType":1,"messageKeys":{}}},"pendingPreKey":{"signedKeyId":23,"baseKey":"Bez3R3pzTkjER2DBaCY2fmCx/3AoxSvbZVLNgs/lGHkG","preKeyId":14332703}}},"version":"v1"}