{"_sessions":{"BZiy753/XX6yEQSUigBUybnfcJYH8baos8WIms8u+joy":{"registrationId":3143,"currentRatchet":{"ephemeralKeyPair":{"pubKey":"BceIst9e7b42HsM9zoPMbpD/OB2JzE8W5FeeifVlIpoT","privKey":"0PcB/c/Uj9i/HxKIJrUBQBHPEb2rd5hmfApu6vV0UVI="},"lastRemoteEphemeralKey":"BQ9hSJ0bXXKC0vdKtKK5JgrJuETPa07jbK92YcTBiJBe","previousCounter":0,"rootKey":"MV+GY7pXYlNiPCUKA+xhnkYReQoxQUfPZ6u12BKliCQ="},"indexInfo":{"baseKey":"BZiy753/XX6yEQSUigBUybnfcJYH8baos8WIms8u+joy","baseKeyType":1,"closed":-1,"used":1739561072022,"created":1739561072022,"remoteIdentityKey":"BdIWSedk4XBsMpUHgt88YOgs+fPyKl/uC0Kp0jxgj1V5"},"_chains":{"BceIst9e7b42HsM9zoPMbpD/OB2JzE8W5FeeifVlIpoT":{"chainKey":{"counter":1,"key":"Z+7j2mKNSJGIBj7DN0R+EeyFNusnVdUQC3Hot3CYMK0="},"chainType":1,"messageKeys":{}}},"pendingPreKey":{"signedKeyId":1,"baseKey":"BZiy753/XX6yEQSUigBUybnfcJYH8baos8WIms8u+joy","preKeyId":620}}},"version":"v1"}