{"_sessions":{"Bfz2lRCSpvmTP0U2CgKMsa5oKd1sxLDuCGTeOniFyChR":{"registrationId":6283,"currentRatchet":{"ephemeralKeyPair":{"pubKey":"BUSin+s8UfUoT10EBAEkDC4sdDEaCmdaydT+KPSOLmYP","privKey":"AJaRR6LznIRoXUVJk84agiygkpCN/wvyjPowaKcahn8="},"lastRemoteEphemeralKey":"BdKX2qmHjvgnzGr0u6lFEYM66yDkIStgH4UgAuiPa6AS","previousCounter":0,"rootKey":"UcBuS8bNHMDJNhC7prKjTDTDcTUJVQUYe6YT66thmXw="},"indexInfo":{"baseKey":"Bfz2lRCSpvmTP0U2CgKMsa5oKd1sxLDuCGTeOniFyChR","baseKeyType":1,"closed":-1,"used":1727196710792,"created":1727196710792,"remoteIdentityKey":"BaM7MDmq1T1Cz0lAYR6QrChgb3jb2J/GzdQFoQPrx3Yb"},"_chains":{"BUSin+s8UfUoT10EBAEkDC4sdDEaCmdaydT+KPSOLmYP":{"chainKey":{"counter":13,"key":"lM/QGi44RE3YqgjUH/RpzCrWcfeUKnPu7PDxpuUc/6g="},"chainType":1,"messageKeys":{}}},"pendingPreKey":{"signedKeyId":1,"baseKey":"Bfz2lRCSpvmTP0U2CgKMsa5oKd1sxLDuCGTeOniFyChR","preKeyId":362}}},"version":"v1"}