{"_sessions":{"BcFDwOCHy/7eNtK+AhT8HjCuN28n2VuovDfMvB1tAiQa":{"registrationId":853200437,"currentRatchet":{"ephemeralKeyPair":{"pubKey":"BWcvYcOipLCf1rqOwjJSyOYPl+UdMr5FEx0eQTxKqM8m","privKey":"sFxQ1b21y+l+Iyt6K3xQhJbR19kZSlsXg3CQWnT4fWY="},"lastRemoteEphemeralKey":"BV4pcueEjM6ljLmuvpHAHbBfj6ys/i3mrwPUGlDk6gM+","previousCounter":0,"rootKey":"SNpqYrPeO62uko2Csjpgff/SbAwCjsKgQ3XbQTWwHnY="},"indexInfo":{"baseKey":"BcFDwOCHy/7eNtK+AhT8HjCuN28n2VuovDfMvB1tAiQa","baseKeyType":1,"closed":-1,"used":1737036833586,"created":1737036833586,"remoteIdentityKey":"BZ5jtPwhZbEdzYqyz0kh7vuT6eN6g6zWp2Tifu+5zT4v"},"_chains":{"BWcvYcOipLCf1rqOwjJSyOYPl+UdMr5FEx0eQTxKqM8m":{"chainKey":{"counter":1,"key":"7U9R9vN9pwfjjNmCbWjfWK2oHvAkq5hAykUmrSa+Sc4="},"chainType":1,"messageKeys":{}}},"pendingPreKey":{"signedKeyId":29,"baseKey":"BcFDwOCHy/7eNtK+AhT8HjCuN28n2VuovDfMvB1tAiQa","preKeyId":5226407}}},"version":"v1"}