{"_sessions":{"BRL+gWis09tZo40CGj6jvUlxUb2ZDnuWozXp6m2ByPRR":{"registrationId":1535571997,"currentRatchet":{"ephemeralKeyPair":{"pubKey":"BdJ02u3RHdvfnkoKwEWdKYF/wvSj43qyMc9b/LCoqjxI","privKey":"gGu/LNdr/QECzvK+swO0T4z5NJuykH3fzMXOuaI79XI="},"lastRemoteEphemeralKey":"BVPZobdZpX8ne1iUAPqm3o2yYd1Jju8QA0DhUOLHUhc0","previousCounter":0,"rootKey":"PY8Rw/0e+YLBt/671pkDPRer7A+U4T6xr8gkkfQKtzw="},"indexInfo":{"baseKey":"BRL+gWis09tZo40CGj6jvUlxUb2ZDnuWozXp6m2ByPRR","baseKeyType":1,"closed":-1,"used":1733414810220,"created":1733414810220,"remoteIdentityKey":"BSAHJ/oc7IM7IjUsSSxi+egeQs4/O1i9889vuYDU6Esl"},"_chains":{"BdJ02u3RHdvfnkoKwEWdKYF/wvSj43qyMc9b/LCoqjxI":{"chainKey":{"counter":19,"key":"uyHW13JNxiaosYkziBlQVkzNPEYxfALil+yAGC6QVr0="},"chainType":1,"messageKeys":{}}},"pendingPreKey":{"signedKeyId":4,"baseKey":"BRL+gWis09tZo40CGj6jvUlxUb2ZDnuWozXp6m2ByPRR","preKeyId":376}}},"version":"v1"}