{"_sessions":{"BdBJI6WQK34hBD9P/TzCnKDNXvADsNE0XlbcZsjhkdE4":{"registrationId":192640579,"currentRatchet":{"ephemeralKeyPair":{"pubKey":"BS0y1BXXDYLLh7jz7pX+ei7Mb+EZsSwYm9HXPkicK69H","privKey":"+LhZH/j54W6A/8u0gVoKiE55HKepX4DBJEig9bIEWms="},"lastRemoteEphemeralKey":"BanMztCLnJTqsi9NQ9w97EyPgXBhWy5qYzsPFic2xldl","previousCounter":88,"rootKey":"wgrxxO7+8AGoI3Cr8vN67ZYZb9NsXKXei1a6vt/9D1w="},"indexInfo":{"baseKey":"BdBJI6WQK34hBD9P/TzCnKDNXvADsNE0XlbcZsjhkdE4","baseKeyType":1,"closed":-1,"used":1729342803670,"created":1727196719095,"remoteIdentityKey":"BeqnR1i3rmkbx4Kcjip4fuoZnztZpCDlmZOGdKUcNTNE"},"_chains":{"BanMztCLnJTqsi9NQ9w97EyPgXBhWy5qYzsPFic2xldl":{"chainKey":{"counter":0,"key":"xKNqgajx/syshc7ivmH3nSTtDltg140XVNJ5sjp8MZA="},"chainType":2,"messageKeys":{}},"BS0y1BXXDYLLh7jz7pX+ei7Mb+EZsSwYm9HXPkicK69H":{"chainKey":{"counter":-1,"key":"voLQNcs3hFdfzVstk8xmOe2EvWipxhj2I+5xxxhMdIc="},"chainType":1,"messageKeys":{}}}}},"version":"v1"}