{"_sessions":{"BSEuEt5nRjCjItAm2CYAxjDbnVgsHPJpVzufi9zRJmBb":{"registrationId":5353,"currentRatchet":{"ephemeralKeyPair":{"pubKey":"BVPFRiPn2kOjyZKu6wpzaYDg95G/BTIiQ+fqtAMeSbxP","privKey":"ePlfjUvK1AdKcRbECL5XaUHI0RzHKEukDtn2Ivug624="},"lastRemoteEphemeralKey":"BYDlKOpUF2jWxFuvpmScjoAljcGkYga9n8ilh5xepFRx","previousCounter":0,"rootKey":"i/m0t9FzGWSkrBMekr7+eCjBs8H8vRklVZLEFOZ2ksQ="},"indexInfo":{"baseKey":"BSEuEt5nRjCjItAm2CYAxjDbnVgsHPJpVzufi9zRJmBb","baseKeyType":2,"closed":-1,"used":1730903535665,"created":1730903535665,"remoteIdentityKey":"BXh4si5OLSMHtxh9VbOaiL+NNzWcjCc+U2BbRHfDKJ4r"},"_chains":{"BYDlKOpUF2jWxFuvpmScjoAljcGkYga9n8ilh5xepFRx":{"chainKey":{"counter":0,"key":"9ZtDybuGIu473Ad6QkVUmcTIwYIPA4DZ8HLiEOQITeM="},"chainType":2,"messageKeys":{}},"BVPFRiPn2kOjyZKu6wpzaYDg95G/BTIiQ+fqtAMeSbxP":{"chainKey":{"counter":-1,"key":"fHQrGHXqb9hHpGHGdoOeY6FHM8DpBvrPIkFsLDh0WNE="},"chainType":1,"messageKeys":{}}}}},"version":"v1"}