{"_sessions":{"BQjQBqomRXKQ/NffKhQnYqhfpTNgMMGMcuN/WH6+wTcQ":{"registrationId":428955946,"currentRatchet":{"ephemeralKeyPair":{"pubKey":"BXM/YjvmqzzUvVwzE80ohq8/bUL0kLKe+1FuDiuZBHMy","privKey":"OEUUHROP7jVVKSqvVcEx5EVFehGsn3VeQtzs8/tfaXc="},"lastRemoteEphemeralKey":"BdFcviiZ+/On+9WGdk9lgosC1UXaHeQDtBR030f3e442","previousCounter":0,"rootKey":"BWTLhMamHSv21A9f96lWIPqs2HPal8yqt6b0y18VlTI="},"indexInfo":{"baseKey":"BQjQBqomRXKQ/NffKhQnYqhfpTNgMMGMcuN/WH6+wTcQ","baseKeyType":1,"closed":-1,"used":1730125095222,"created":1730125095222,"remoteIdentityKey":"BU8T/dZh7JuqizDpPIYq36xFWAwtSIPmfXizQeEqjmlW"},"_chains":{"BXM/YjvmqzzUvVwzE80ohq8/bUL0kLKe+1FuDiuZBHMy":{"chainKey":{"counter":3,"key":"/P8/0+jjz6tHdXaSL1tazZJNzX7aDHZ2dMsWnBpZTFs="},"chainType":1,"messageKeys":{}}},"pendingPreKey":{"signedKeyId":27,"baseKey":"BQjQBqomRXKQ/NffKhQnYqhfpTNgMMGMcuN/WH6+wTcQ","preKeyId":14383510}}},"version":"v1"}