{"_sessions":{"BZgg9qY4zncmWZAv3MAdpI0eq8Z9s11yuQXIbEC5QaVf":{"registrationId":1786716122,"currentRatchet":{"ephemeralKeyPair":{"pubKey":"BSpji642nQYr6d/y5C1cFFQpRSc81YV3IEdk8ogL3lwB","privKey":"6IKhNb87RdxXESj6eFXsnCSw2cf147nQy29YJEO2W1I="},"lastRemoteEphemeralKey":"BU7pQ2mqrCbXdYoeab0KgBtZyu8kulLTeNwyz08NiHAY","previousCounter":3,"rootKey":"aWL0r5BjHrNbf+de+tBEpLgXJsnSL8orjwEQpLup71A="},"indexInfo":{"baseKey":"BZgg9qY4zncmWZAv3MAdpI0eq8Z9s11yuQXIbEC5QaVf","baseKeyType":1,"closed":-1,"used":1741188389962,"created":1741187464191,"remoteIdentityKey":"BfyWyC6Rm7ko7OWihFgI7CV6hEKRAyZU9sXJ1izZ7QRk"},"_chains":{"BU7pQ2mqrCbXdYoeab0KgBtZyu8kulLTeNwyz08NiHAY":{"chainKey":{"counter":0,"key":"iwiH8CFzeLd6hjfVynORZFnrw7V4n2J8naUa5cFeNas="},"chainType":2,"messageKeys":{}},"BSpji642nQYr6d/y5C1cFFQpRSc81YV3IEdk8ogL3lwB":{"chainKey":{"counter":4,"key":"AZvVcWOmD++X5T9RmlDt/kQz88Jnywtnw95gbpTJpmc="},"chainType":1,"messageKeys":{}}}}},"version":"v1"}