{"_sessions":{"BeAboA3BYCNJvTV20NhItFMO+5AKTIliDr6I99o/HLYi":{"registrationId":13652,"currentRatchet":{"ephemeralKeyPair":{"pubKey":"BV4mndFKrJlm5MspJU+B5kNPqN4zw7HKymiTDJ4pI0NF","privKey":"+A9yjbEDIXJ4Rmzg0mR7YXDWE24tCWlLnbAI0cdNfmk="},"lastRemoteEphemeralKey":"BZoHAxoj9hymBV0WEWy4Fbw+9+tDNqf8ysVB4wsGX586","previousCounter":0,"rootKey":"G3tR/5YXTEI6efpgYcjOcpRX1ITWGCm1KQxJ8uTCHl8="},"indexInfo":{"baseKey":"BeAboA3BYCNJvTV20NhItFMO+5AKTIliDr6I99o/HLYi","baseKeyType":1,"closed":-1,"used":1727197275573,"created":1727197275573,"remoteIdentityKey":"BRzBK+NhiplnVPO0tx49RjCAyP1L4tQEV8Y5M2OYH9lQ"},"_chains":{"BV4mndFKrJlm5MspJU+B5kNPqN4zw7HKymiTDJ4pI0NF":{"chainKey":{"counter":30,"key":"pFu8jEyBrskJj27Dm6NEzT/5kfMK0CNa1IO1p8GOJrk="},"chainType":1,"messageKeys":{}}},"pendingPreKey":{"signedKeyId":1,"baseKey":"BeAboA3BYCNJvTV20NhItFMO+5AKTIliDr6I99o/HLYi","preKeyId":114}}},"version":"v1"}