{"_sessions":{"BYsb+ogYdAPwdLjTdWOfJYwPSg5uixwp2UouAkeWJ1wa":{"registrationId":2410,"currentRatchet":{"ephemeralKeyPair":{"pubKey":"BQ0/oqVtlJ68CeINvuEOTsZwkCo8WhKKhoN5yrAL1SVh","privKey":"KJZ7eRCpNgWQ5UBZykttyVB1ZZWQpUCCL2kQjGtkp3M="},"lastRemoteEphemeralKey":"BfwXHzQB6UBsorw0pInQXtePdwlConGeDYvgPGqG471v","previousCounter":0,"rootKey":"3SalJGwiuKfdh/b8xi2NHbHr0m9QQzc54jVNJndFSCg="},"indexInfo":{"baseKey":"BYsb+ogYdAPwdLjTdWOfJYwPSg5uixwp2UouAkeWJ1wa","baseKeyType":1,"closed":-1,"used":1729106843486,"created":1729106843486,"remoteIdentityKey":"BYm9WBHgppSI7veTDn8gLKl9+FaRXcYiu4x3R66sXWE3"},"_chains":{"BQ0/oqVtlJ68CeINvuEOTsZwkCo8WhKKhoN5yrAL1SVh":{"chainKey":{"counter":33,"key":"3cKAO1KxNsUDGX2RPcSASB+cCrSwoQ1rpPX251ix0MA="},"chainType":1,"messageKeys":{}}},"pendingPreKey":{"signedKeyId":1,"baseKey":"BYsb+ogYdAPwdLjTdWOfJYwPSg5uixwp2UouAkeWJ1wa"}}},"version":"v1"}