{"_sessions":{"BXzdruOxnisRD4i4g1p/L0H0qtXjg+NntoR7P4n4h85v":{"registrationId":8561,"currentRatchet":{"ephemeralKeyPair":{"pubKey":"BVQIWP4oVNZwZooqsyFpTfs09TkhOZwvK19YxOrX1Jou","privKey":"UMW9vbuaber8AqtFBuzuGqvvS4HjvmDtpRW7ZcK03EE="},"lastRemoteEphemeralKey":"Bd618/Y8CEWNnRtB7FiwSuHWm+MYI1k0Lt8O7ttRuU8J","previousCounter":0,"rootKey":"9SA5/0AnThZ6HkIL8hbQo4zn+lgiOnK5IZVL7t5mzoc="},"indexInfo":{"baseKey":"BXzdruOxnisRD4i4g1p/L0H0qtXjg+NntoR7P4n4h85v","baseKeyType":1,"closed":-1,"used":1728494633376,"created":1728494633376,"remoteIdentityKey":"BZgqlgE1qfcmYOcS9FjhYlnWBoO3YqDvpoGgi6EM/sQV"},"_chains":{"BVQIWP4oVNZwZooqsyFpTfs09TkhOZwvK19YxOrX1Jou":{"chainKey":{"counter":9,"key":"oLv8NEYNF+++IVn7pXkQ2UPW5klYZnM61VC0p05q0WA="},"chainType":1,"messageKeys":{}}},"pendingPreKey":{"signedKeyId":1,"baseKey":"BXzdruOxnisRD4i4g1p/L0H0qtXjg+NntoR7P4n4h85v"}}},"version":"v1"}