{"_sessions":{"BVKLgHbhX/uNb6ppkzhiYLo+u0o1x7bF40c/5PR9eh17":{"registrationId":32,"currentRatchet":{"ephemeralKeyPair":{"pubKey":"BaTdUKAjBJmpHOIicQBVWEZhPNcpDUghSxohPjpXVz4s","privKey":"yMju+UPn6Cj9x3rsCrwNhQ4uHnIAoo9WjQdpYikf+no="},"lastRemoteEphemeralKey":"BQsJFeYsry8R7eJwe1sSVrJOv5XB+i+/253umRVoMORA","previousCounter":1,"rootKey":"52QOlax/+WymtJ1Ai6nKw7HqwWAmCvT+wbiv+wQBK5M="},"indexInfo":{"baseKey":"BVKLgHbhX/uNb6ppkzhiYLo+u0o1x7bF40c/5PR9eh17","baseKeyType":1,"closed":-1,"used":1734465272150,"created":1734464674263,"remoteIdentityKey":"Ba/w30MDLoLrFanCidwMDpRDYk1NUw87fLPDV5Tq/SQY"},"_chains":{"BQsJFeYsry8R7eJwe1sSVrJOv5XB+i+/253umRVoMORA":{"chainKey":{"counter":0,"key":"1n3WcITxSJ/ot4VqUL9KNSsX65bYt6C305No2SoayEg="},"chainType":2,"messageKeys":{}},"BaTdUKAjBJmpHOIicQBVWEZhPNcpDUghSxohPjpXVz4s":{"chainKey":{"counter":0,"key":"yE62ZxFLB0OrKSJr88NrFVZ670J9/eukC0gbj7FhE84="},"chainType":1,"messageKeys":{}}}}},"version":"v1"}