{"_sessions":{"BT2KwNDWWNare+uJHI99Mw8FKAdeRAYFjc/lV+nmUn54":{"registrationId":939031089,"currentRatchet":{"ephemeralKeyPair":{"pubKey":"BRwIInqhEcKXu4uaHlcesNsDFymqymbtNvt6x14lqxBW","privKey":"0EXID8CUON16H6a01Po9gQVLIe5ie6HwQ9x/zkwQln4="},"lastRemoteEphemeralKey":"BVbNtSoasTxynBZSBy+IXWbwBqUq790uC7yTl5k6jdhL","previousCounter":0,"rootKey":"35/TTQbKJi2hl/zSRMOzrZGKfe7Bgehm91V//QtS2Fw="},"indexInfo":{"baseKey":"BT2KwNDWWNare+uJHI99Mw8FKAdeRAYFjc/lV+nmUn54","baseKeyType":1,"closed":1731418045227,"used":1727197275581,"created":1727197275581,"remoteIdentityKey":"BZwBER0ASaVyL/jyXAz0JSBF7TCNfjIUaKS9uVVLZLMT"},"_chains":{"BRwIInqhEcKXu4uaHlcesNsDFymqymbtNvt6x14lqxBW":{"chainKey":{"counter":44,"key":"+Jm0pgeS3AOA95HbVldy5eX5KUI2hmTTQimY48gqMZk="},"chainType":1,"messageKeys":{}}},"pendingPreKey":{"signedKeyId":1905164,"baseKey":"BT2KwNDWWNare+uJHI99Mw8FKAdeRAYFjc/lV+nmUn54","preKeyId":624}},"BexElBNX5PEGuFGi77Rzyqk2KftWCi0/Y1bIslSK8YkO":{"registrationId":1418545129,"currentRatchet":{"ephemeralKeyPair":{"pubKey":"BcKBCOCUYb1MUrYE8AYru6FzWqbTjGtTeA1Hkzop9vQK","privKey":"OHQxlncnrarPhJT7on9DOCKV34p2Zm1O7OdM8bHQAVs="},"lastRemoteEphemeralKey":"BUDa3EP4upbhE6j97NJ1fOzNRMnKEq6l6gRAHjq97GMn","previousCounter":0,"rootKey":"Tqc6Tze8wzw9KHZOj2p2Wn98VeDRzPHkgjh32F5QbTA="},"indexInfo":{"baseKey":"BexElBNX5PEGuFGi77Rzyqk2KftWCi0/Y1bIslSK8YkO","baseKeyType":1,"closed":1731418045503,"used":1731418045224,"created":1731418045224,"remoteIdentityKey":"BSgQtu77B4XDkhZ+fsKZ94+YIQO6oVYqmRMorUl6NcY9"},"_chains":{"BcKBCOCUYb1MUrYE8AYru6FzWqbTjGtTeA1Hkzop9vQK":{"chainKey":{"counter":0,"key":"JOV7Z+gvRMDK+s6gWop26D33lHiOnvr1SNpI5drjV3w="},"chainType":1,"messageKeys":{}}},"pendingPreKey":{"signedKeyId":9810802,"baseKey":"BexElBNX5PEGuFGi77Rzyqk2KftWCi0/Y1bIslSK8YkO","preKeyId":601}},"BVfwhh/Tc3aAQGTvYBVqgIPmwuFzGMENyDlt3UPr7usC":{"registrationId":1418545129,"currentRatchet":{"ephemeralKeyPair":{"pubKey":"BVbBeV9cvz9QMCgdHL0Z2QK0M+ez1zpRwSapgBbmD1wD","privKey":"oAjhNnoXi6tsXlnnNZ6vHSabISvOUZRgRe+JuxkWwng="},"lastRemoteEphemeralKey":"BUDa3EP4upbhE6j97NJ1fOzNRMnKEq6l6gRAHjq97GMn","previousCounter":0,"rootKey":"znykiE7gJS4QEZQ92xQaQ0mQ6diCssdlM0hSss8LGNI="},"indexInfo":{"baseKey":"BVfwhh/Tc3aAQGTvYBVqgIPmwuFzGMENyDlt3UPr7usC","baseKeyType":1,"closed":1731418045754,"used":1731418045502,"created":1731418045502,"remoteIdentityKey":"BSgQtu77B4XDkhZ+fsKZ94+YIQO6oVYqmRMorUl6NcY9"},"_chains":{"BVbBeV9cvz9QMCgdHL0Z2QK0M+ez1zpRwSapgBbmD1wD":{"chainKey":{"counter":0,"key":"ohBe49Blx+PGMtxz3+pX22BHKivFvEuAovBNcimzFfI="},"chainType":1,"messageKeys":{}}},"pendingPreKey":{"signedKeyId":9810802,"baseKey":"BVfwhh/Tc3aAQGTvYBVqgIPmwuFzGMENyDlt3UPr7usC","preKeyId":299}},"BVmS0UCFLBkwwQPUdXuInkc2Y7cAP46WSHGcbrceHzZi":{"registrationId":1418545129,"currentRatchet":{"ephemeralKeyPair":{"pubKey":"BTu/LTvseXOmfDfo3Nx45HSMckWC7f3pihX0Lf4/cKhj","privKey":"WNlqDIvClkSQj29luV3njqloNwlR1uQeuDzoG42K+3M="},"lastRemoteEphemeralKey":"BUDa3EP4upbhE6j97NJ1fOzNRMnKEq6l6gRAHjq97GMn","previousCounter":0,"rootKey":"sntsaONyG3d82ac2WnwCdwTHB3N8jzYHgtYm8J7gNWs="},"indexInfo":{"baseKey":"BVmS0UCFLBkwwQPUdXuInkc2Y7cAP46WSHGcbrceHzZi","baseKeyType":1,"closed":1731418045997,"used":1731418045753,"created":1731418045753,"remoteIdentityKey":"BSgQtu77B4XDkhZ+fsKZ94+YIQO6oVYqmRMorUl6NcY9"},"_chains":{"BTu/LTvseXOmfDfo3Nx45HSMckWC7f3pihX0Lf4/cKhj":{"chainKey":{"counter":0,"key":"SM2z453bIGYUI9Xb1TLQRHUM93x2H7KRTzrNPhJjCGs="},"chainType":1,"messageKeys":{}}},"pendingPreKey":{"signedKeyId":9810802,"baseKey":"BVmS0UCFLBkwwQPUdXuInkc2Y7cAP46WSHGcbrceHzZi","preKeyId":223}},"BUPigPDUrWDKkNGRCg7o9pmkyIwaxhwXrI506c02evNK":{"registrationId":1418545129,"currentRatchet":{"ephemeralKeyPair":{"pubKey":"BWcDWK/fdp0TWAJH9B2V36xu4eVLDESunXy1uqo02+cF","privKey":"OMNzkgEttCVycjC1JH5eEuix8QCcVI+LblAWdCPM4FM="},"lastRemoteEphemeralKey":"BUDa3EP4upbhE6j97NJ1fOzNRMnKEq6l6gRAHjq97GMn","previousCounter":0,"rootKey":"qxOF1AS4tbd/3mvxyPTy6F/IXu+L+GlRbgn7grSW43Y="},"indexInfo":{"baseKey":"BUPigPDUrWDKkNGRCg7o9pmkyIwaxhwXrI506c02evNK","baseKeyType":1,"closed":-1,"used":1731418045996,"created":1731418045996,"remoteIdentityKey":"BSgQtu77B4XDkhZ+fsKZ94+YIQO6oVYqmRMorUl6NcY9"},"_chains":{"BWcDWK/fdp0TWAJH9B2V36xu4eVLDESunXy1uqo02+cF":{"chainKey":{"counter":98,"key":"uVkFhrN6Z4NrMJlzQirdrmrSo4orY18ZThpPE1vHOFk="},"chainType":1,"messageKeys":{}}},"pendingPreKey":{"signedKeyId":9810802,"baseKey":"BUPigPDUrWDKkNGRCg7o9pmkyIwaxhwXrI506c02evNK","preKeyId":391}}},"version":"v1"}