{"_sessions":{"BZUk0Zw4Jd30o4ON6Bvpg69duU9AEF4zbVjdCLJKLc4F":{"registrationId":506,"currentRatchet":{"ephemeralKeyPair":{"pubKey":"Bdbov9ojqJBhN99up3kf8khWmnU1oU1Hm+gVHEPUinpF","privKey":"EHgcuW5LJgsgaOARp60zVCVa3t3yGdEFnstwrL+2F28="},"lastRemoteEphemeralKey":"BY+l8nETQep6KvuB745k/GWWGesq3udzhVJK6hFVrQgp","previousCounter":33,"rootKey":"HtgJnJ0VGyqCnTRbCPRxTiK7aeczYqOAu6OdO0OoJ88="},"indexInfo":{"baseKey":"BZUk0Zw4Jd30o4ON6Bvpg69duU9AEF4zbVjdCLJKLc4F","baseKeyType":1,"closed":-1,"used":1740666943572,"created":1738979096103,"remoteIdentityKey":"BcAiwbyVmcXf2qioVQrP7CNasxiEgGc3AejaKhOE4OMh"},"_chains":{"BY+l8nETQep6KvuB745k/GWWGesq3udzhVJK6hFVrQgp":{"chainKey":{"counter":0,"key":"a941vQxmOGELbsIaccCYKEXzP8Intug7D67CKwrHmvU="},"chainType":2,"messageKeys":{}},"Bdbov9ojqJBhN99up3kf8khWmnU1oU1Hm+gVHEPUinpF":{"chainKey":{"counter":8,"key":"ArjN3IzZTe1EarSBtk8B43zDFpTFTzS9+m1uD8pZSaE="},"chainType":1,"messageKeys":{}}}}},"version":"v1"}