{"_sessions":{"BZXMpqthDRK1+1XxuWIa5N0IwqdISJMsaYt7FoEh01QW":{"registrationId":10571,"currentRatchet":{"ephemeralKeyPair":{"pubKey":"BbHcwout8AtzEGiWVJJHsoT3dFvlCpmwZ9fUQdpRloAF","privKey":"GK6usqWdGz3yxq6jdI3HZ33Vs7Di7nN2zp1MX8AQoFY="},"lastRemoteEphemeralKey":"BQbtUnBjN0x5PFenLZELFIFFoK4GCsvW1Aymly14oGcD","previousCounter":0,"rootKey":"gBgzrEt92XxbpSRrJo66amEcb+O8gxg/8Wln/f8LMc4="},"indexInfo":{"baseKey":"BZXMpqthDRK1+1XxuWIa5N0IwqdISJMsaYt7FoEh01QW","baseKeyType":1,"closed":-1,"used":1731192652349,"created":1731192652349,"remoteIdentityKey":"BW4IWC/ALT6M2RLqvjEJn3aIQwUVu7W9ofZKMPm0/y0L"},"_chains":{"BbHcwout8AtzEGiWVJJHsoT3dFvlCpmwZ9fUQdpRloAF":{"chainKey":{"counter":1,"key":"3U1v4MSYgJ7tMeKZSbvm91ClWUh6mON5tvegMh6trb0="},"chainType":1,"messageKeys":{}}},"pendingPreKey":{"signedKeyId":1,"baseKey":"BZXMpqthDRK1+1XxuWIa5N0IwqdISJMsaYt7FoEh01QW","preKeyId":889}}},"version":"v1"}