{"_sessions":{"BWzpJ1Pw/cc0Buv4cZbwImJlqCQEgz2bUOYT8t2HMCFH":{"registrationId":897205252,"currentRatchet":{"ephemeralKeyPair":{"pubKey":"BUv5CnBY/yL65dzDoMHoBJiIjFJ9DvjYyiRrxhDbHCxq","privKey":"qLnBFBtaQxZp++qpsX4UioD4O9bDxLnJFAclXYHxMVQ="},"lastRemoteEphemeralKey":"BdpdH/oThi3hbGRAIfNAcfCrB4dP56YXbfOcpmCdbkds","previousCounter":0,"rootKey":"Fcz9i0LY/oTOCCpAbrYR+ZdTTf3AJcK6QVFjAKc0eUg="},"indexInfo":{"baseKey":"BWzpJ1Pw/cc0Buv4cZbwImJlqCQEgz2bUOYT8t2HMCFH","baseKeyType":1,"closed":-1,"used":1739551520548,"created":1739551520548,"remoteIdentityKey":"BeSQ/nbe9BBngxxFK4s9yUhFkTCnYgrS3h6C7p2jXwAI"},"_chains":{"BUv5CnBY/yL65dzDoMHoBJiIjFJ9DvjYyiRrxhDbHCxq":{"chainKey":{"counter":1,"key":"e9DVgLDRCCar41xZa654iTYnfeWzZAcWAg8gLQFnR9c="},"chainType":1,"messageKeys":{}}},"pendingPreKey":{"signedKeyId":39,"baseKey":"BWzpJ1Pw/cc0Buv4cZbwImJlqCQEgz2bUOYT8t2HMCFH","preKeyId":7849019}}},"version":"v1"}