{"_sessions":{"BXUtb1Pv0Kqq/4Vlk4p3+xf7QTy2hLnnX7tj8k87mOoM":{"registrationId":886260782,"currentRatchet":{"ephemeralKeyPair":{"pubKey":"BRvE3VRk1W/Nb55i1+QCGb7FbPKvEpKYP2+YuWZpABE3","privKey":"WI4qYKtM0B9miVhFEHyD4SE58zIp9euGVZRS/7cQfk8="},"lastRemoteEphemeralKey":"BZ2iVEP95wijQh2hOW5kytpRPHWjm5yB9XjKLxqzfoky","previousCounter":0,"rootKey":"hj8qIuX0liKspLe5l4oj5OHtynKsf8104W/97G4TIA0="},"indexInfo":{"baseKey":"BXUtb1Pv0Kqq/4Vlk4p3+xf7QTy2hLnnX7tj8k87mOoM","baseKeyType":2,"closed":-1,"used":1736627494508,"created":1736627494508,"remoteIdentityKey":"BWiAgrv1MIir5XySvN48bDMiCJTQgF/2TkV07a5/dX4n"},"_chains":{"BZ2iVEP95wijQh2hOW5kytpRPHWjm5yB9XjKLxqzfoky":{"chainKey":{"counter":0,"key":"QBORQj06UcppuhgTk5aArmYEN3yVqLDJB7IEVI+ozcM="},"chainType":2,"messageKeys":{}},"BRvE3VRk1W/Nb55i1+QCGb7FbPKvEpKYP2+YuWZpABE3":{"chainKey":{"counter":0,"key":"JqYRhA9XN2507f9NWQunh84fAN7/08FOEsE3SdH3ZPE="},"chainType":1,"messageKeys":{}}}}},"version":"v1"}