{"_sessions":{"BfjI4o9jRrmN5bwiY/cESMNm9jfiUsEHej6R55k3DdU4":{"registrationId":10235,"currentRatchet":{"ephemeralKeyPair":{"pubKey":"BY1Jko6aQYMdasD/5sl9FepMiR39PpCsbQTVbtBBSpk3","privKey":"qPOpSt6xheJwkhHFBk8OgK5uJ0AMA/GY4TgRPdeiP2E="},"lastRemoteEphemeralKey":"BRLWiqIW4bLKcGZ5qUsaMJ+AXi3uoEUVjDGW5PETZ/do","previousCounter":0,"rootKey":"YKDd2k9Tr4te2gnVeAhz5E8SQkePVzwq9cbVPhO+nWk="},"indexInfo":{"baseKey":"BfjI4o9jRrmN5bwiY/cESMNm9jfiUsEHej6R55k3DdU4","baseKeyType":1,"closed":-1,"used":1738436607167,"created":1738436607167,"remoteIdentityKey":"BZS3SNvk1WVxb+HT9H9JRORMJY1hWAZDZu52+NgPffAC"},"_chains":{"BY1Jko6aQYMdasD/5sl9FepMiR39PpCsbQTVbtBBSpk3":{"chainKey":{"counter":7,"key":"dYhoHuzxBwAsJXs6yM1VR0qF3H4pi/SYjzOenjvQ8ps="},"chainType":1,"messageKeys":{}}},"pendingPreKey":{"signedKeyId":1,"baseKey":"BfjI4o9jRrmN5bwiY/cESMNm9jfiUsEHej6R55k3DdU4","preKeyId":843}}},"version":"v1"}