{"_sessions":{"BelYqFJ2CZCfA7pYkXOkxhrhDNabGlTI5hrjbWBtwbcF":{"registrationId":722645949,"currentRatchet":{"ephemeralKeyPair":{"pubKey":"BXaMmncacakKWIct+4vEAwUcRHZSLmOAhc9iza/0NQhy","privKey":"QKSqZKyKsrLfsD32XMkmQ4/x1o3/hgVvD++ws8XUkW8="},"lastRemoteEphemeralKey":"BdUYC1AOBkOLS0wsqT9oiU5yLEYeqzCtJkpFGjn2ymRQ","previousCounter":60,"rootKey":"uv365jILEqVd6PWNPUpoB/5K0w6Gjsj1SdulBpB9JNI="},"indexInfo":{"baseKey":"BelYqFJ2CZCfA7pYkXOkxhrhDNabGlTI5hrjbWBtwbcF","baseKeyType":1,"closed":-1,"used":1740666452785,"created":1727196710799,"remoteIdentityKey":"BYwJI23UQeQaQTjUqLUoAn64Wpn85/wO9T72aFayxMAy"},"_chains":{"BVBOzAYZ6WyLSo0yivK4kex2EUqUZh1PVT60uUTBaUdH":{"chainKey":{"counter":0},"chainType":2,"messageKeys":{}},"BTPAcVi7nn7DZIJi7fz24jk0TTPqsmd3oFJ1X6HyxfQy":{"chainKey":{"counter":0},"chainType":2,"messageKeys":{}},"BZWryso02mcFFc082V+B1D/jQgkqsBAefNOGO5Rux5gn":{"chainKey":{"counter":0},"chainType":2,"messageKeys":{}},"Be71iRg44gisJoD+837JoVHllIXUx8UdpSPj0ZAzXrw2":{"chainKey":{"counter":0},"chainType":2,"messageKeys":{}},"BXZj+DTpJUow4MM6yvK1avQI2udFj7mMSu0zfKiqlpd0":{"chainKey":{"counter":0},"chainType":2,"messageKeys":{}},"BeMtkTqxuFhKulZWayqi4Lk7CJu6RXDFFCGgeDfZETIo":{"chainKey":{"counter":0},"chainType":2,"messageKeys":{}},"BQTUbKobDBGiAyQZHESQ+aSlSw+n/vdOZzcAeDgpud93":{"chainKey":{"counter":0},"chainType":2,"messageKeys":{}},"Ba3ur7rCKsRXuHDAGE6r6uLu5l1BeBgDHcYTYQef97NA":{"chainKey":{"counter":0},"chainType":2,"messageKeys":{}},"BeD6ic4KxFuHcm6+ph2qbrRwGz8sw9lUUssSoCBzqEQG":{"chainKey":{"counter":0},"chainType":2,"messageKeys":{}},"BTXpNMncq7lHlcfW6JTLgKru2wjIew34vMnpgtkqredp":{"chainKey":{"counter":0},"chainType":2,"messageKeys":{}},"BR1X3ipJnbdrrCK1PHKbVE2LBSBXbAoVHKNz8iMuxE91":{"chainKey":{"counter":0},"chainType":2,"messageKeys":{}},"BeyI+UMI3LtlRkJSwX5nPCcfLsvIMgKwhaegfpBfzrg2":{"chainKey":{"counter":0},"chainType":2,"messageKeys":{}},"BX6k/aidZjoUQTqgrHFt9aOGWsHShSu54QcaXViU3Jo1":{"chainKey":{"counter":0},"chainType":2,"messageKeys":{}},"BXepAt3SoEwNGzB8bVQb8bb5vrvyrCXTFUOH+1o13Qsh":{"chainKey":{"counter":0},"chainType":2,"messageKeys":{}},"BQFXR9Xi3CIi90ZYxpIKM2oJ7XANkFBqB0zAj6OVYr4y":{"chainKey":{"counter":0},"chainType":2,"messageKeys":{}},"BQLB19lALllbTrSGRY+scKC45ktQhaYW6KpbjAQm8AZV":{"chainKey":{"counter":0},"chainType":2,"messageKeys":{}},"BdUYC1AOBkOLS0wsqT9oiU5yLEYeqzCtJkpFGjn2ymRQ":{"chainKey":{"counter":0,"key":"NMkbQlM+z63tHHH2sk8nrESYxYnhx/Da8rcQsRfYRKw="},"chainType":2,"messageKeys":{}},"BXaMmncacakKWIct+4vEAwUcRHZSLmOAhc9iza/0NQhy":{"chainKey":{"counter":7,"key":"KHxUVyuxKha8Lns/D7pUVmg6KvGKCaP3Jwh2EKTUzlE="},"chainType":1,"messageKeys":{}}}}},"version":"v1"}