{"_sessions":{"BfwISBLYSGi81OHEPNAk0PNJrC0kzAyaZ3wZiGSxUcEa":{"registrationId":10266,"currentRatchet":{"ephemeralKeyPair":{"pubKey":"BcSYwy2E57N+GN6EQpTLPYlK4atg3KGllq4O94mLKURN","privKey":"4O37cDa+jzAu06GI5VLDOsYS+KS5XJvCthENcGsba1U="},"lastRemoteEphemeralKey":"BZffBCzrdUisIjt9XSEwuSh6oPGvZopekQJjLA3nYIVN","previousCounter":0,"rootKey":"MJWrYCbapWB6FcUbrg53UZKlRPI1byeEwUyNZCJcCKY="},"indexInfo":{"baseKey":"BfwISBLYSGi81OHEPNAk0PNJrC0kzAyaZ3wZiGSxUcEa","baseKeyType":1,"closed":-1,"used":1727667353542,"created":1727667353542,"remoteIdentityKey":"BVFiQlL1zkn7BoQYXhd6RjN2RgaSfp2ZLsEfnIk3fYVi"},"_chains":{"BcSYwy2E57N+GN6EQpTLPYlK4atg3KGllq4O94mLKURN":{"chainKey":{"counter":5,"key":"6x2Y5aKa+CNNHY6mHGQDK7bSQqWP9n60TsJnqSeFzpk="},"chainType":1,"messageKeys":{}}},"pendingPreKey":{"signedKeyId":1,"baseKey":"BfwISBLYSGi81OHEPNAk0PNJrC0kzAyaZ3wZiGSxUcEa"}}},"version":"v1"}