{"_sessions":{"BfoDAFvWPlwjEM18ZMRe6yjhWw6aggA7lNlf+x0RWF5c":{"registrationId":1112143932,"currentRatchet":{"ephemeralKeyPair":{"pubKey":"Bascvre3GUF41EpQk/oCA2lY9SqFGXNF7kz6KzVCRPUg","privKey":"OCmNhwMIgCWKq/jhbhWNiUAFugFvOpJQ2l45I3/LjGI="},"lastRemoteEphemeralKey":"BSbzfR0hNW38935Nz72l4sO/gXkqr8z2QRjxMMG5G+tZ","previousCounter":0,"rootKey":"EbOcm7M+hJ2u/kx6hRBFehlXiKuGK7jj6nUJy1hETlA="},"indexInfo":{"baseKey":"BfoDAFvWPlwjEM18ZMRe6yjhWw6aggA7lNlf+x0RWF5c","baseKeyType":2,"closed":-1,"used":1730394505095,"created":1730394303758,"remoteIdentityKey":"Bekf0ymNQlRZWcBLn1upXE43eiwbA23kal1aDBBVkkV6"},"_chains":{"BQ6w84m9Q1+wn1AgPdgKhj9Edru5CASVV9zZkHg6bs5I":{"chainKey":{"counter":0},"chainType":2,"messageKeys":{}},"BSPTtpcxSv+RVadf2X5fli0Ko1RnSKjni53QjSJf0XhV":{"chainKey":{"counter":0},"chainType":2,"messageKeys":{}},"BSbzfR0hNW38935Nz72l4sO/gXkqr8z2QRjxMMG5G+tZ":{"chainKey":{"counter":0,"key":"0q4VUZUawlNP13Igxga399IKobdOmzMYmy6RvHDRnOw="},"chainType":2,"messageKeys":{}},"Bascvre3GUF41EpQk/oCA2lY9SqFGXNF7kz6KzVCRPUg":{"chainKey":{"counter":0,"key":"s65d37rXsa4DwqXt+pBndmgy5APN0fYTiEGPPUIRUBQ="},"chainType":1,"messageKeys":{}}}}},"version":"v1"}