{"_sessions":{"BRF9dIuGS+oD2hpJcr3AIXHX1Bk5p/ZVGtdHD6NcKZk9":{"registrationId":4411,"currentRatchet":{"ephemeralKeyPair":{"pubKey":"BVsNzq/82I0FbOmUrVVQArTTsBO6JYu7M43j2pAdd10x","privKey":"uFcPhZbcusq998/B8IpjftLZbok5JN+JOW3h1qL3a1M="},"lastRemoteEphemeralKey":"BRtazCe6VHj1rh5qXtZDMsheYse8aW18raADH7KuO29r","previousCounter":0,"rootKey":"JhFmUYECaCa+wWslw6dOAq4GPgyz73USXHz/ZRH1184="},"indexInfo":{"baseKey":"BRF9dIuGS+oD2hpJcr3AIXHX1Bk5p/ZVGtdHD6NcKZk9","baseKeyType":1,"closed":-1,"used":1727196690015,"created":1727196690015,"remoteIdentityKey":"BX7cXpgfZSWfixVo4bUY5Br5axq/sGot3NSDqQNNMShd"},"_chains":{"BVsNzq/82I0FbOmUrVVQArTTsBO6JYu7M43j2pAdd10x":{"chainKey":{"counter":144,"key":"dAzn4BHTDjENFE3rEvf8rBZ5zSMZ8W+iSoTg5BHdrbg="},"chainType":1,"messageKeys":{}}},"pendingPreKey":{"signedKeyId":1,"baseKey":"BRF9dIuGS+oD2hpJcr3AIXHX1Bk5p/ZVGtdHD6NcKZk9","preKeyId":488}}},"version":"v1"}