{"_sessions":{"Ba3wVn9HsZb7ZOImvToTgXOhODSn40RZRvJ1Gt30HBpz":{"registrationId":104891893,"currentRatchet":{"ephemeralKeyPair":{"pubKey":"BaXmLcR8P614CuD6ZeSafkqNCH2xoW271AElMxV0n9Np","privKey":"GJ8bEgHW/eYD6cLQv+UYLuzs0ekwHwmozsF4UVzIv38="},"lastRemoteEphemeralKey":"Bbdg4fJhdYJYiROo791QoAuFZF7wdrlhisfJLaOBXBVE","previousCounter":0,"rootKey":"xx1r1RjfnnuYZsnzprz4gzLPsEUD4Q6fJvBtrTOAxpo="},"indexInfo":{"baseKey":"Ba3wVn9HsZb7ZOImvToTgXOhODSn40RZRvJ1Gt30HBpz","baseKeyType":2,"closed":-1,"used":1737992562983,"created":1737992123541,"remoteIdentityKey":"BU/zASWC2DNhZRmDRW3no6p6Cbs474u16yqbghrN5Yh5"},"_chains":{"BapuZo6jDipgXlnZTY2bDxG6IHvSLpCO8Y4u6lGEq75q":{"chainKey":{"counter":90},"chainType":2,"messageKeys":{"0":"Efg+pC2LQa7MDyeozXDkHHYXexd5Ew+BbH/YHYc6W0E=","1":"DqFWn4K4tP9SVLdCvLSjMAQX/oqcucHGgwkSK329qPA=","2":"qymATOZ6RGumi3TWn3tDwn5a7IbjJXAaCvdgvF3ul7A=","3":"kqXTJwrW7sfwPO0NU/PW/aAKfjb/60GpsCMmTPD3OJs=","4":"j06of03WnHbLD4CjOAz2+ssd0liqifC4QO9Tr4/Avsc=","5":"vWgTPAld9vROKnoU6LKU2fTGZZXISokqwtbm3ThjFpE=","6":"xda2SFNzZrp3I4pngu59KfkOYFtmNQ4daGtOFThPbRM=","7":"H2ni5RsPxy3BTW/a7BxztjicYCipbW0uU45r4j3HSU4=","8":"IdMnpLI03pmgMWtx1M9uB2ShGAHbaf7d8N2V6DoC7Kc=","9":"HQWwyxy/ugsun0wRf0m1HbFlwQQMK9n+hb1gnwxxnJE=","10":"snKHneyEH3CnnC4f4hHq3kT5bq9kRu9xp9PKpUCsR0g=","11":"ZawN37EnamR0hnr5Ytb7ah5ur1R0tJOGeyApqGmm2J0=","12":"J+fIDv7b0X1iD4Ul5yuHQ35a50ErsmAOP/n63eOD3Oo=","13":"Yu2ZRkNTCk6iC5bcRrRMHCJ0NPjnFWl/Ww3YJX0bQgw=","14":"uS8+zwROHhs26N9albm05yq+UKbQ6N7wp92nuHHW210=","15":"ww8WQvHMh/WWh6tcP6qzKCmDBBWCjmH5dRdylPD1GUs=","16":"G/S640840yfqKNFY2yxeI8po9v23i1q3ifcrbPp1Xr0=","17":"XHdYn2dZD6T/8v9lSJkGOc8p6+IJbbduubAhDV+b2ro=","18":"39CcYuU6Wb8QdiFYhe4Gnm3JO6eZOi3TCbGnxMjCh+4=","19":"vRA4kOok/IbSVDCBdox33LlbEOFBBq2EexhQzOpODz4=","20":"r2dv+bJbrO9YXE9IO4Nl3PkbEoRGeH2BcsnpGq97NC4=","21":"up/+i0rc7zSaSU1iOUGbCK+TRZe3yHaGMgu9t+ZwTlg=","22":"Dig6oPGUcNlWWNjX1WbnqANwtranYIHVxNz4Qx/nytg=","23":"a7qNVNUviYWObgxHbWuH32WlT70Mi4arfKFvYwDe9mM=","24":"oQV0wCx/PFCGllne7Hwhd5do8StlnwmmZxjDd7QvJWI=","25":"R0oIoQND7qJ8FthHnO57UWUMv7zecQbcP01/Sw5NTCI=","26":"TewJM0CgTFc1jHkmRxKZTs1h7YhGof55ehYXHZRafpA=","27":"cZij7W0E6oPBY3XFkTR7DZW4c1ex9ptqZJuSsER72w0=","28":"Bt2xzoC7RxiwnlY3SkkybzZVCOoH83gWJK+RFpeZtCw=","29":"mxbYoDOCsUCCQasYRkhjJhsKtU5a6K2aC+7S2dQEoI4=","30":"yN/ViIHiEWuliTWDM0MP+2eM9UHHPXv9S3Fbn0cVXTA=","31":"GvIMm5XdijBYp3lw9hFhest2ZViGViUhALQ2GLqiZIg=","32":"M+GXuvwbNfidlvgeKQdUFG6o6H1HZYv1ScAAsAxIUOc=","33":"i6ARjzRZN5cSrbYcC23TbvDhoOF0Bi7I3XslLba8JvU=","34":"es/lfAzVnh8Mom82HU6OXzAex9yBTq/2BNf7+v3jJwU=","35":"XIWKnjdk2G+TaBvndFYlvHpl1AdgEXCDxnWFlnloc4g=","36":"qO2DWztJ2Oyy6uFTTjBsVBeGsqXj/mM0LCcs6/6Xts4=","37":"RzKP7rzttFYT9L5K96wKbcZvcBWAk8Pi4rA8hxLO8gg=","38":"fQkzNjwblQXvOB815XsSDjNVpQ30AZkZLGeQx2JTxOc=","39":"KGz+nXQhcx4jLWydg7tdTnuMQDwI44lYOBQYzMk23sw=","40":"skCbpb70GSrOxdhLD64BodMmhRhB1m+gOCF2qz7Dn1A=","41":"ePWAYh8Kr7RBfwVIFbX9BXZv/X3Qok2kV64dPfWDWO0=","42":"okJLmb1IgWtbuWN4AjtJ02hl3tChk8/v8AqLtcvexCQ=","43":"+qq72arXYYKVET/eN3sITVzsp7x5TfZF5GUrVFIUP+I=","44":"WPnZR+MIttgSe65bhJFZMrA67P3ylwpmFwpd/uWEROE=","45":"DHvVcrWhh2+3KMgeTTG6pRtPxMmVjCQmXODISbDqzC4=","46":"fjoo3M6Qhbi/5awEote9HP2TfKXg9zYLWT5FkNgQjTQ=","47":"ainNGLdi07DrdGrHFDCDVe6RgqeTiZldap92983XSuM=","48":"LMqpR5KLXYvxKVQ8xz9H0KP2esLDQCS6F/BbEURuXv8=","49":"DkrxlbuuTGNHjQHcaj3digJpaaiPPsLhydAIdidJGcg=","50":"IvJtudY3C8opfbQTW33EYaHvEedR7r7cnWWOhii4Qd8=","51":"ah03DLkiMJITkxjk2kO4eieLegOTSIFYl/l8NxT1iKc=","52":"nytyWYZtTT/mHLDwljR0ohN9GK0Z2GZs4iM+b8Dh6jE=","53":"ntwXjtEzlC+64RMqHz1PsilxX0OueaI86Mr5mJopJQw=","54":"64HiQV//n1wnQrgCQi71RompWUxNjmO5/Od9+W2L4z4=","55":"dudNKEwTRcgrp8Dg9bfI+7nKCKv0MBIEBPZmcaULQhw=","56":"Ncwr/mCxYyHanITH4sgJFHvHLowzX9l1F7cOclbER6M=","57":"TrENWdORWoLyh3VaiY14W6UySAkkf48BCgyqhuX2scU=","58":"phgYnWBIn7wNqlDCcYVqje5GA/Jy1LZP+0S5LeUByFM=","59":"GljxLC7gjfqFCmkdCcrPXz9VtecyONpF61LrkfjYcPY=","60":"dMcoX+lZiCEwQmLSfU/IaMoFATcV8wBn/yVDFyDyQYQ=","61":"7XZbHasFXSzdKUFi/G3cDerFts25UnElMnjd4vwDXzo=","62":"yUsacK148iXz8YBZDb93ladJUGvnwGj9JmYsfZxF/44=","63":"hELJ8t8mZYLZ4oPYOaVa19UfPDSkup8kjkHt4xjPwRk=","64":"jX7ax6eMJ1+hyKH7HvFQCfJv5vAEQInm8YwNJx5SkP0=","65":"lkyibw1QWInAra0imkq744owa/QemE5H0Dumm5mmOaA=","66":"H9Fd/GGyjp0WM5kqp8IgAktJMw7mLA78rl5uuvN9BEY=","67":"+4XnzSlDam/2bs7bjVODzAl45U7YJY3H9+gTExli2nI=","68":"bZrQGEvKM0Q1ubfohRtuoelQWJq/FdSW0TE+L/9FcZ4=","69":"px8qRTokHfjAedps5MLdmgN/ogz2/IxGXmrxW7HlJ0A=","70":"Kt2eLwlB1UjZGip6rVX66fBbyc/InV7OqB7F5jK6V7A=","71":"Te7OAsaEaXsXp6eWyrsfTj0LL6nGD9k92t8CxogRs4w=","72":"V8v/JTRwsZMI8zDkd9rZGbxskIdKER11SovqbuxoSQE=","73":"zOay2fXFSiZT0fqp31+kh5ZE082Y7rcJEsLYWPx5lqY=","74":"lZ/WSmG8cyBBnqaPIWwJsRLLH4+VB/yTp0SblZ83P8I=","75":"FR60hovwDzmVbLavWdHMn7b8qC03s2H2847YUKHyLEU=","76":"2uRbq11WZie1QjM1J7/jmESmuz7RD6TDqzlYW4s7/ZI=","77":"hpzxV2kfXSfele54gSmzX7jxb0cMW92QV73u0IAZHes=","78":"U1vZ4ksGx19YxLgBMuycqgYy00/HBKAjR2ZleywRjbc=","79":"0XIRw+verEunodsMn5Nyxod6yMwLW5kyLUy9tbrls7E=","80":"mwQvXKUxnQpDObo45w5XJbCgiPQrUJ14a8T4x/OKAeA=","81":"AWbvK6FbK8m9c1IdFh0P2qJic7B1RiQFPzoszKmVcIY=","82":"8hPVwjCyiloMDT0s+VT3ySA9ODg+G0AH5GuKwU2zRPI=","83":"WDXL1+Vdx/W5glhoHIwibl8ROTNRDy23h3W+KXAcC4E=","84":"3Wa5EutLfwbuWW/CPh4Cb1Oaa6HejHDETl0Fjlzx9rI=","85":"luTnUpE5mR80uLROFyZnf+Mr9SMFVnk2lOUK3D4/utU=","86":"qAnevb3xxdVpW5fr2Ik5CAxAx1Es5Wej/iUt06TUeMI=","87":"4EAY1JCFu+h1v8TO04/vEhqaFGI5HegyQUhr+uoFo8U=","88":"NLG6UANL1A8S2JKFOEhoBRQP8EUc2hyVkk2QL3lNjGs=","89":"OyU16LoLwfgXTiqRddAbFYJayCcd0j8sBb9PLJnnmFs="}},"BXLEKirPTH9v0DW4GR6BFOAbH4cw4LmQVRbzvXWG0CcY":{"chainKey":{"counter":0},"chainType":2,"messageKeys":{}},"BcU7kR1n2fVWIUU1SDdKMFYTkt404dsNN/C+ZdzJRN8J":{"chainKey":{"counter":0},"chainType":2,"messageKeys":{}},"Bbdg4fJhdYJYiROo791QoAuFZF7wdrlhisfJLaOBXBVE":{"chainKey":{"counter":0,"key":"uLhKQTT5jI1IUliMsEMJxBnxm/zYdXXFXstF5o/GZx0="},"chainType":2,"messageKeys":{}},"BaXmLcR8P614CuD6ZeSafkqNCH2xoW271AElMxV0n9Np":{"chainKey":{"counter":0,"key":"VNw5/8ntkl9c9s4QJcaZFYNVRtJlliwHKho75iPqALE="},"chainType":1,"messageKeys":{}}}}},"version":"v1"}