{"_sessions":{"BbwBIpsBrWOKpDd/bkOBA/DncsNXK9lLIPUVJqH3qbJ9":{"registrationId":14307,"currentRatchet":{"ephemeralKeyPair":{"pubKey":"BS0RsVmSE/fudz+VZI+Ul7PSs3019fqWu8FkjgjvwjFH","privKey":"8Kg9j3dxJVUfaQwCdP1yRoMnQdJCi+2jAiypZBy81Gg="},"lastRemoteEphemeralKey":"Bb6n9weuIq3qYAZJWjLkImWm39pDb6EyE6cLNNYpJclY","previousCounter":0,"rootKey":"dwdWKxdCztcd2lEqCgZsFPMyH49apr53lO/UglBBsRM="},"indexInfo":{"baseKey":"BbwBIpsBrWOKpDd/bkOBA/DncsNXK9lLIPUVJqH3qbJ9","baseKeyType":1,"closed":-1,"used":1734715948968,"created":1734715948968,"remoteIdentityKey":"BQhxLRRA4ik5Yx3ynm612ADhlVoGL0mblrroP8ZfDm4/"},"_chains":{"BS0RsVmSE/fudz+VZI+Ul7PSs3019fqWu8FkjgjvwjFH":{"chainKey":{"counter":30,"key":"gkizXtJrl9cNQxBxfPZGNWG7T0oPZo8fKlYReWjVnSg="},"chainType":1,"messageKeys":{}}},"pendingPreKey":{"signedKeyId":1,"baseKey":"BbwBIpsBrWOKpDd/bkOBA/DncsNXK9lLIPUVJqH3qbJ9","preKeyId":367}}},"version":"v1"}