{"_sessions":{"BZb8jST2gcOFxt/B6TT6/sPphjqIkpUSEdzX9w576Tpb":{"registrationId":14605,"currentRatchet":{"ephemeralKeyPair":{"pubKey":"BUAHuuhcttLHqopV2EduaQcUBJ+wzrXFivyfoh+QWVVZ","privKey":"6NFDOVNoUsr7JHzTLu8pdm3n0zk90pMKVM7yvIcphFw="},"lastRemoteEphemeralKey":"Bf8oh1eLooyZrIb9dV/yDff3zLo7HNMH/A74PLq8tcY1","previousCounter":0,"rootKey":"GNpUjMCxW1yB4hjOwYupOYEFdohPL8DwmDvXnzQRZ5Y="},"indexInfo":{"baseKey":"BZb8jST2gcOFxt/B6TT6/sPphjqIkpUSEdzX9w576Tpb","baseKeyType":2,"closed":-1,"used":1741440484907,"created":1741440484907,"remoteIdentityKey":"BZ15R8ZTv2+ugTmKiHFSm/saGVgVviZTuFUaEkcFOQB0"},"_chains":{"Bf8oh1eLooyZrIb9dV/yDff3zLo7HNMH/A74PLq8tcY1":{"chainKey":{"counter":1,"key":"wvTipGPFFUrO2NfES/mmQPH3bBk196wSGQiJuaJF+hI="},"chainType":2,"messageKeys":{}},"BUAHuuhcttLHqopV2EduaQcUBJ+wzrXFivyfoh+QWVVZ":{"chainKey":{"counter":3,"key":"oVsQP+GbaS6nmBR5byxYvvT/U8kJ3aY0IgrKzqxmqYY="},"chainType":1,"messageKeys":{}}}}},"version":"v1"}