{"_sessions":{"BZEIABvoE4NxZNbf0q0JO13Koy4AENCjKna3mj8+Wedp":{"registrationId":1357908309,"currentRatchet":{"ephemeralKeyPair":{"pubKey":"BRiDwe04Y7ao/m9elIh8BsGoE1f58zhEEuOOdGnDcRZ/","privKey":"QBnHbuRWUgZIwu9kjScnSkRsJjoZsM2OprHKOUurIVU="},"lastRemoteEphemeralKey":"BUJAEWjrPJmBYycy8WZqiGWVdrsxyIPPqrNwOm6b4wMK","previousCounter":0,"rootKey":"aeZQqvNMqk4ioHpxBG2pKr/3FneOPkk3ZI0cSz/GSp0="},"indexInfo":{"baseKey":"BZEIABvoE4NxZNbf0q0JO13Koy4AENCjKna3mj8+Wedp","baseKeyType":1,"closed":-1,"used":1734464674266,"created":1734464674266,"remoteIdentityKey":"BUykpWnaZb7EpvSXc7Jtp6e8tWuLaxvwmnuPyN+/6mUM"},"_chains":{"BRiDwe04Y7ao/m9elIh8BsGoE1f58zhEEuOOdGnDcRZ/":{"chainKey":{"counter":2,"key":"3dWY2nuUrVE8RomZRx2Zhsxj5csgeVz4fAl4QFddJVQ="},"chainType":1,"messageKeys":{}}},"pendingPreKey":{"signedKeyId":31,"baseKey":"BZEIABvoE4NxZNbf0q0JO13Koy4AENCjKna3mj8+Wedp","preKeyId":3196100}}},"version":"v1"}