{"_sessions":{"BVfE2Jh1VcK6zWxivJFJzcN3rxgNMAs4skcCIJ2WkexQ":{"registrationId":13831,"currentRatchet":{"ephemeralKeyPair":{"pubKey":"BWwXxhxRYvWELI+mSTxok64FhFWfgArwE1fh3rwF0kVg","privKey":"+Ah34MxD/namu6sLsZXVJUr+/BiEYNjXQ8duZmtCrX8="},"lastRemoteEphemeralKey":"BfNGc6Rhgrw6mATrIza65JP3hmf1A+0Riv1TF8Z9OGl7","previousCounter":0,"rootKey":"Yxjy8KBVB0LHNril78qGnm3r0S/3OnpRhhmrx+Gb31U="},"indexInfo":{"baseKey":"BVfE2Jh1VcK6zWxivJFJzcN3rxgNMAs4skcCIJ2WkexQ","baseKeyType":1,"closed":-1,"used":1728338482508,"created":1728338482508,"remoteIdentityKey":"BSb/EdI+HtkA/73BSamc8A1H4NgA+3sKlHouYUEVCGos"},"_chains":{"BWwXxhxRYvWELI+mSTxok64FhFWfgArwE1fh3rwF0kVg":{"chainKey":{"counter":53,"key":"NL1F92e3gRWk32zSuhwTHehq2P7h33ugefyXnI8czSQ="},"chainType":1,"messageKeys":{}}},"pendingPreKey":{"signedKeyId":2,"baseKey":"BVfE2Jh1VcK6zWxivJFJzcN3rxgNMAs4skcCIJ2WkexQ","preKeyId":4048}}},"version":"v1"}