{"_sessions":{"BQdLul+hfipUmZTUFNwqCnTtVn1fdW3B3zdN2t/qwf98":{"registrationId":975769623,"currentRatchet":{"ephemeralKeyPair":{"pubKey":"BbjIaxrgJUiCR++AL24NwwFIz0sXsbLzmNLvd3lVMBtu","privKey":"YAQ5tF4i7lq7UjHZGYqY4thNjF0Y8ByijVX15ySKTH4="},"lastRemoteEphemeralKey":"BUpRv/5foTVxc9PoOCfb+nG0o8JbkPCW0yTt796bOf59","previousCounter":0,"rootKey":"2+lE/sjiQG4zrcuSREiNPgFi+pWrn4JfHCiSEVr2KNo="},"indexInfo":{"baseKey":"BQdLul+hfipUmZTUFNwqCnTtVn1fdW3B3zdN2t/qwf98","baseKeyType":1,"closed":-1,"used":1737036834691,"created":1737036834691,"remoteIdentityKey":"BULF5yStAmWqEfiG+FC3jUvyzbUFaOYZgGVqZGU2PBwp"},"_chains":{"BbjIaxrgJUiCR++AL24NwwFIz0sXsbLzmNLvd3lVMBtu":{"chainKey":{"counter":1,"key":"2JpTKaC9zoJ74tl3b2jCC9ReX23DtQ+1aHD4crHnKu0="},"chainType":1,"messageKeys":{}}},"pendingPreKey":{"signedKeyId":9,"baseKey":"BQdLul+hfipUmZTUFNwqCnTtVn1fdW3B3zdN2t/qwf98","preKeyId":2628780}}},"version":"v1"}