{"_sessions":{"BWssyylMntY41jbGdG/aXP7f+DAkB8oMCOjnFnq01b8L":{"registrationId":1277268742,"currentRatchet":{"ephemeralKeyPair":{"pubKey":"Beb5UB2nHTRw7NquhwDeHARcQsZ2CeZqD8yLrX1C+9sD","privKey":"SNlIIqyIOpKid0kVVzA8e0sDjswW4+8KbSbn4i1WWEE="},"lastRemoteEphemeralKey":"BUszE2su0XhqU6VZYUsV9cYPWyJq8XW2Tlq6sQ6wjVQD","previousCounter":0,"rootKey":"mlsRSF69Tvr83y8d/0FxL780ahmEClt+9WU0nyej+8k="},"indexInfo":{"baseKey":"BWssyylMntY41jbGdG/aXP7f+DAkB8oMCOjnFnq01b8L","baseKeyType":1,"closed":-1,"used":1727196711072,"created":1727196711072,"remoteIdentityKey":"BUqTmozPuU4OiRdvurg6DO2x7dP+6zhlc1R93l8xGT1P"},"_chains":{"Beb5UB2nHTRw7NquhwDeHARcQsZ2CeZqD8yLrX1C+9sD":{"chainKey":{"counter":27,"key":"J/mVWKi39ENK/EEMy4rYh2ci5fllpoNAbReiFF7zKsM="},"chainType":1,"messageKeys":{}}},"pendingPreKey":{"signedKeyId":1,"baseKey":"BWssyylMntY41jbGdG/aXP7f+DAkB8oMCOjnFnq01b8L","preKeyId":12776734}}},"version":"v1"}