{"_sessions":{"BWzTbYlL79YckegdWNxEK4WMJzKLNhAw0WChSFNsbKU7":{"registrationId":1321306795,"currentRatchet":{"ephemeralKeyPair":{"pubKey":"BdyQApv7/7+BDElHtPsMe+sActctOLl3BWDLw23iT48/","privKey":"SC0G4SGRco1Laovsu4SV0Zt0OuIFwFdJKcoouQbl5GE="},"lastRemoteEphemeralKey":"BQAPLnPi/STUHQIx44JxBJSHARO0FJbPuAaGwq+pIckE","previousCounter":0,"rootKey":"JdJUiS/Ah2oFl3b+Fq8HrObckD/XlIFKGc4S62A+MSM="},"indexInfo":{"baseKey":"BWzTbYlL79YckegdWNxEK4WMJzKLNhAw0WChSFNsbKU7","baseKeyType":2,"closed":-1,"used":1733161050315,"created":1733065511709,"remoteIdentityKey":"BfybagPbHEIVTzvjelvyD6i5aocWy6+aZcVSqqA8HsgH"},"_chains":{"BZ+aM4ZGuFZd1MJVIBi2izTJpep522Gay/Iqj9XcLq4m":{"chainKey":{"counter":1},"chainType":2,"messageKeys":{}},"BSuzCkIQuurm7mYpwSGVLCexV7WjV+JZAy/VrChCPGBJ":{"chainKey":{"counter":0},"chainType":2,"messageKeys":{}},"Baj4r+fdKSTloIWoH/sTA1SZJgatU8yUydCy1dIltygV":{"chainKey":{"counter":0},"chainType":2,"messageKeys":{}},"BRQ6MJqWiY7M5DdUYWsCwFEoADbCUtxyYPBYwSHhfwlQ":{"chainKey":{"counter":0},"chainType":2,"messageKeys":{}},"BepzFguYGM5b1+iqU/Dpthak9yxbCob2aAvTC9y6Izsf":{"chainKey":{"counter":0},"chainType":2,"messageKeys":{}},"BTSA2MTGK+dZd0bmN/yoZNTst2u66XaJgZwMVOyNkw56":{"chainKey":{"counter":0},"chainType":2,"messageKeys":{}},"BbddMLESrHWCxZc71liNVU7sQ+f30S4zQcQAMlZyyEI/":{"chainKey":{"counter":0},"chainType":2,"messageKeys":{}},"BTQ3TTOZhf0fizJerbY51XGmSVKmMjhxfN9MrfWXSnFS":{"chainKey":{"counter":0},"chainType":2,"messageKeys":{}},"BQAPLnPi/STUHQIx44JxBJSHARO0FJbPuAaGwq+pIckE":{"chainKey":{"counter":0,"key":"P8Mjr5xXH1y3lrj9O/2ulhVyxjCqz2dHh77Q76zZg7g="},"chainType":2,"messageKeys":{}},"BdyQApv7/7+BDElHtPsMe+sActctOLl3BWDLw23iT48/":{"chainKey":{"counter":-1,"key":"FlO1197UFCW6V6KIlkqL65QYtBJnl4YSLFJN2YK3gr8="},"chainType":1,"messageKeys":{}}}}},"version":"v1"}