{"_sessions":{"BcrFRJT0w0DMX0iX2jp8FbGAfJUy0jd8axHGhLlYd4tf":{"registrationId":12667,"currentRatchet":{"ephemeralKeyPair":{"pubKey":"BX/Rb8OZRPhQHLvmg4xBafnq/1ytiLKyQDTlKK7onoAT","privKey":"kP5AFYwEsalefzVmTZ5xNBoEwqXoEqDkCz7gSBhaqHk="},"lastRemoteEphemeralKey":"BbMyBKv63d87EqqchcX9Q7hmToQEeKmbBILCFthK9m0l","previousCounter":0,"rootKey":"ws6avP+S395wrPQCvMO+9DyoP478PoGc5hzsKSLVlLg="},"indexInfo":{"baseKey":"BcrFRJT0w0DMX0iX2jp8FbGAfJUy0jd8axHGhLlYd4tf","baseKeyType":1,"closed":-1,"used":1727722511920,"created":1727722511920,"remoteIdentityKey":"BQ/BPwcyLvlKt3euX0Yv5Yk4B77yG5LYGWi3Pb1e39Fi"},"_chains":{"BX/Rb8OZRPhQHLvmg4xBafnq/1ytiLKyQDTlKK7onoAT":{"chainKey":{"counter":9,"key":"TbTIzY7qM32ndASewKsBV83ZZ1fnVxJsWCXk4enOYbY="},"chainType":1,"messageKeys":{}}},"pendingPreKey":{"signedKeyId":1,"baseKey":"BcrFRJT0w0DMX0iX2jp8FbGAfJUy0jd8axHGhLlYd4tf","preKeyId":20}}},"version":"v1"}