{"_sessions":{"BWvw4hAhv8NLDT8WCp9cGIWeOF0MOwMWWYxwdDmly2VU":{"registrationId":14679,"currentRatchet":{"ephemeralKeyPair":{"pubKey":"BUHOUysyWxDeCcYHZh5lxMjwKuMT2YCKa8GwU4dwBopE","privKey":"qGodCWMXcxnHNDmWK1oNBNGwidCuv4DAf1j8S0epcVU="},"lastRemoteEphemeralKey":"BUMnzNfBWDjVJV3+o66aMq4Si0wlK5uxDopKjWmqf0Yd","previousCounter":0,"rootKey":"Y3GwL81frz80mLCRmOIzsIdtVFXbGl+i4nayKn3a3g8="},"indexInfo":{"baseKey":"BWvw4hAhv8NLDT8WCp9cGIWeOF0MOwMWWYxwdDmly2VU","baseKeyType":1,"closed":-1,"used":1736627498994,"created":1736627498994,"remoteIdentityKey":"BU+y8HLXVopNtxOEvWDK3uxlihqxuYFag8QgYH87DEIJ"},"_chains":{"BUHOUysyWxDeCcYHZh5lxMjwKuMT2YCKa8GwU4dwBopE":{"chainKey":{"counter":0,"key":"XJqlILgDscRHQhe6fLecQe7RYgG+mOxxkcb13faJGLc="},"chainType":1,"messageKeys":{}}},"pendingPreKey":{"signedKeyId":2,"baseKey":"BWvw4hAhv8NLDT8WCp9cGIWeOF0MOwMWWYxwdDmly2VU","preKeyId":1995}}},"version":"v1"}