{"_sessions":{"BXr9BWkkpFLug74BFxyDsOUzDO2FFVT9NlVG3rWO1gtn":{"registrationId":533889713,"currentRatchet":{"ephemeralKeyPair":{"pubKey":"Bcl6UdpIvRPOUa4JgqCXA94mPVwoxUyyCX4GRhySkNtq","privKey":"iKd5yYvGzyLstFmoxPMwPUOM1L28h3/ZlNf4EOvZw0w="},"lastRemoteEphemeralKey":"BUdKM/n1HRNbTeBQO2SNj5urm4OXfbP0U2ZVqtpG7QQ4","previousCounter":0,"rootKey":"Y3HSMZoLFIJCOMIlswBBc5G4rDkcbn3KeAzfSt4AonM="},"indexInfo":{"baseKey":"BXr9BWkkpFLug74BFxyDsOUzDO2FFVT9NlVG3rWO1gtn","baseKeyType":1,"closed":-1,"used":1736546399503,"created":1736546399503,"remoteIdentityKey":"BdtEevtemcds7iks09HttH6paSAWTOd5J/8MQcNxq3lZ"},"_chains":{"Bcl6UdpIvRPOUa4JgqCXA94mPVwoxUyyCX4GRhySkNtq":{"chainKey":{"counter":3,"key":"DX1RPUkQgP/oFP1cmNt/kbrvM/+VB7q2UrFLlFWZGt0="},"chainType":1,"messageKeys":{}}},"pendingPreKey":{"signedKeyId":1,"baseKey":"BXr9BWkkpFLug74BFxyDsOUzDO2FFVT9NlVG3rWO1gtn","preKeyId":14590465}}},"version":"v1"}