{"_sessions":{"BZlYamaQBRj7n0FM7HB/CbfDg5WlS0uq2kocmXpfAkkb":{"registrationId":7656,"currentRatchet":{"ephemeralKeyPair":{"pubKey":"BZX0vjE2Os3+B8bvkIwuhhN9uFVppB32HYWTbBuua6Mw","privKey":"8A3dsuNekpYj4cEg9PGDc9eNct19Ea5OL/fNaeo7M38="},"lastRemoteEphemeralKey":"BWzecViT8xG+1jrXV0TeGXnswMiyT7pP9Z1lf+0iGT9i","previousCounter":0,"rootKey":"mraRVHUJHVNKdY8e3pEkxipsmLvV4utbNtKQVs+IOvQ="},"indexInfo":{"baseKey":"BZlYamaQBRj7n0FM7HB/CbfDg5WlS0uq2kocmXpfAkkb","baseKeyType":1,"closed":-1,"used":1740585173466,"created":1740585173466,"remoteIdentityKey":"BZ7pIR+TV0Q/WtNiUwcvFY3mrt7YygYJuNpOdPlvg1NB"},"_chains":{"BZX0vjE2Os3+B8bvkIwuhhN9uFVppB32HYWTbBuua6Mw":{"chainKey":{"counter":21,"key":"Qb1DtpGIly6OIAUN2SNvVq6KpmfZV8LENBbQc9/bO2o="},"chainType":1,"messageKeys":{}}},"pendingPreKey":{"signedKeyId":1,"baseKey":"BZlYamaQBRj7n0FM7HB/CbfDg5WlS0uq2kocmXpfAkkb"}}},"version":"v1"}