{"_sessions":{"BbYyF5ZYf0V5oZlmSscbTkJnDznlGCJUjezqQot/d7gi":{"registrationId":14172,"currentRatchet":{"ephemeralKeyPair":{"pubKey":"BZTx90PbsAWkOiesdwbTzXhwqJ1S6SWdYb0T3EP+2vFU","privKey":"OKm/xW05QiDmaW+ktu55oB1jixf4Yb2IWR/r2PRq634="},"lastRemoteEphemeralKey":"BWljtVzyRBBNoORldXA89m73eVsApipVRfQuwXlRzNtd","previousCounter":0,"rootKey":"Pzvj2hD2YTZGnqjjqUvnvIvkyQKndRUq3bxkLQNy/z4="},"indexInfo":{"baseKey":"BbYyF5ZYf0V5oZlmSscbTkJnDznlGCJUjezqQot/d7gi","baseKeyType":2,"closed":-1,"used":1741354409752,"created":1741354409752,"remoteIdentityKey":"BUV5LqwYpAm69HyMHQzPhL6789t3T1UXlYdux80Hzw5y"},"_chains":{"BWljtVzyRBBNoORldXA89m73eVsApipVRfQuwXlRzNtd":{"chainKey":{"counter":0,"key":"tgDF6AGK0iFe19me6Nnn2OgG5opCyN5thdXYwyz/PVg="},"chainType":2,"messageKeys":{}},"BZTx90PbsAWkOiesdwbTzXhwqJ1S6SWdYb0T3EP+2vFU":{"chainKey":{"counter":-1,"key":"q2alIH9lVV4s9NMKx2Kma5RpiJvPY3aHDBXym8BD2vc="},"chainType":1,"messageKeys":{}}}}},"version":"v1"}