{"_sessions":{"BZTXSc7ZF+QiugL7XVypXdqYfF7ev8vUy3Tjq7M2FbJH":{"registrationId":2041,"currentRatchet":{"ephemeralKeyPair":{"pubKey":"BXVAJ/NyUPChESJcy6rLciw7Zdu6iiKOeAtBtzMpItEF","privKey":"aES9oqaBn5IV8PqAQFKXxOOhjFtDIVq6AVd2snhUnFc="},"lastRemoteEphemeralKey":"Bd9oTpN4rljIRodK6TlvBarV8fc7YmlhrF1KvCkPfMIR","previousCounter":0,"rootKey":"lnBJ/7q6cYyi1K4XsYvVS3xgM5cQ5zCq1623l7qRPeE="},"indexInfo":{"baseKey":"BZTXSc7ZF+QiugL7XVypXdqYfF7ev8vUy3Tjq7M2FbJH","baseKeyType":1,"closed":-1,"used":1731092977896,"created":1731092977896,"remoteIdentityKey":"BbIAgc7V9mZtLXbeLJMomuPX4bwJVMDj4Dn+aBMX95sU"},"_chains":{"BXVAJ/NyUPChESJcy6rLciw7Zdu6iiKOeAtBtzMpItEF":{"chainKey":{"counter":1,"key":"N46QYpMZKwXn/UGvalWgIRTIz632UbU8vfROUvJI+/Y="},"chainType":1,"messageKeys":{}}},"pendingPreKey":{"signedKeyId":2,"baseKey":"BZTXSc7ZF+QiugL7XVypXdqYfF7ev8vUy3Tjq7M2FbJH","preKeyId":769}}},"version":"v1"}