{"_sessions":{"BYVmYRuMdy2YTXkoHOs1Xv/EaBpyyi3xpTrJRMXNBsRm":{"registrationId":1396301858,"currentRatchet":{"ephemeralKeyPair":{"pubKey":"BZyMOcBvl7JscujsQXBrxjScyXmmf/qyqPv8PWXvweId","privKey":"+LlJUyIw5Efxey36sqAYUf7BfUE0TPkBCuVv6azKLnM="},"lastRemoteEphemeralKey":"BZ3KVXjJ0cVOAhxdQyA6S/xyA8EhoqIirWVDz+6/rJZo","previousCounter":0,"rootKey":"ALpNEzO0nKYKggl8I7ReNc4Ay+RuwKyMroavaEF3UEM="},"indexInfo":{"baseKey":"BYVmYRuMdy2YTXkoHOs1Xv/EaBpyyi3xpTrJRMXNBsRm","baseKeyType":2,"closed":-1,"used":1737083121101,"created":1737083035788,"remoteIdentityKey":"Bc7Eb5hHk8V/UPOK8aRC7wUi6PcDlwcKWrJenml5dRQa"},"_chains":{"BfJsg+UH1rQ89eG7+Up3E/1inQsUN0+U3O60ylP40i84":{"chainKey":{"counter":8},"chainType":2,"messageKeys":{"0":"tEegFVI8IZDyuj02AV485Sdmh5++fui06eUnyH7HnUE=","1":"9iZYk5eNw4olKKX8SoDI4yEIjHeQ/6Y09Nw5p4VjIcA=","2":"5R3iivfYnw6e7MuUWXuBzOJaxGIUShWCH2d396zIjrA=","3":"0K48B/flC3RCfMHnpSLShoFbL+TsR+vlr2LWWgDP7+o=","4":"0Gh90Nr1n2scSAoPpiTrKXgWOFnN9gXbTy9HcjC2MAQ=","5":"ZV53jRJgc+OwCbmmYP9cb2hE9lCRwipXU0IkFC9aGrc=","6":"nyiaz00tnHYbujZTTpfcPdLTRxoj9n7FRIrfY7k+L9Y=","7":"5Y1kVFH4uRlgp6jw55gogqjgdHVGOjTQi0VSJO0w63o="}},"BZ3KVXjJ0cVOAhxdQyA6S/xyA8EhoqIirWVDz+6/rJZo":{"chainKey":{"counter":0,"key":"JVATpT9AJ0Xw2Mp4P8UZvUJMH6PF3rY/++MBsuDm+Ic="},"chainType":2,"messageKeys":{}},"BZyMOcBvl7JscujsQXBrxjScyXmmf/qyqPv8PWXvweId":{"chainKey":{"counter":0,"key":"uFOi/fFSNWTCQXcee5o5NZ/oVqBDonBzMjLj3mMlUok="},"chainType":1,"messageKeys":{}}}}},"version":"v1"}