{"_sessions":{"BclJ+lI8OHhD/iEevO7YrT/S2C85/tFJFE+H5wcT7FMD":{"registrationId":1552,"currentRatchet":{"ephemeralKeyPair":{"pubKey":"BQc4e5ytTgQRoqursw/+oBmhFhFrQ6PBALGEp92hmbBt","privKey":"cENLzu1qFBG9k+TJ5d5YsOeu/xge6hXLj8R/g6L4wFk="},"lastRemoteEphemeralKey":"BZZ/HUZeYZ+8d+MGvTqP75TM1UlYtA3u5s03XR6WYCUy","previousCounter":0,"rootKey":"dYKcmkPXsou9DAu4MgXBAYhlIJAGA9IAb9njLWyRAeg="},"indexInfo":{"baseKey":"BclJ+lI8OHhD/iEevO7YrT/S2C85/tFJFE+H5wcT7FMD","baseKeyType":1,"closed":-1,"used":1727196690004,"created":1727196690004,"remoteIdentityKey":"BUU3TPH+eRS2w3fXX5nCGQogE17leEQT0p3VFg3EYGEf"},"_chains":{"BQc4e5ytTgQRoqursw/+oBmhFhFrQ6PBALGEp92hmbBt":{"chainKey":{"counter":97,"key":"npix8IJmt8J5YKRNniZ7DSZbA2VYCzzJ39nUzzMAfFw="},"chainType":1,"messageKeys":{}}},"pendingPreKey":{"signedKeyId":6,"baseKey":"BclJ+lI8OHhD/iEevO7YrT/S2C85/tFJFE+H5wcT7FMD","preKeyId":2321}}},"version":"v1"}