{"_sessions":{"BfL12XHCeR6JGTWVOFpOhVelgzS4Tz98TzyZwho1jLxu":{"registrationId":1605917237,"currentRatchet":{"ephemeralKeyPair":{"pubKey":"BeBf6pMn43mVIrwCgiguE5H2UEPSmvN/qaeP0CWdDyF2","privKey":"MPjBrjw4OT2ezv9nIaq4UVFvcRX9O8D4ZP79EoU26EY="},"lastRemoteEphemeralKey":"BeZBpSv3KBsWTErPjefVRphY636HsLDOaXnMaxG2piQi","previousCounter":0,"rootKey":"XtiZED+OuOiixVY1QuVQAZsgYNMtzrclPDKUpFiN4m8="},"indexInfo":{"baseKey":"BfL12XHCeR6JGTWVOFpOhVelgzS4Tz98TzyZwho1jLxu","baseKeyType":1,"closed":-1,"used":1739561073137,"created":1739561073137,"remoteIdentityKey":"BZnditzYfgMsfvxhobJLbZfyJZ5V8Uy9noZo/QSicrFC"},"_chains":{"BeBf6pMn43mVIrwCgiguE5H2UEPSmvN/qaeP0CWdDyF2":{"chainKey":{"counter":1,"key":"RwyskUW8wc3QFha6tnt8Qa61440aFbOTBGy+dSbkzBY="},"chainType":1,"messageKeys":{}}},"pendingPreKey":{"signedKeyId":1,"baseKey":"BfL12XHCeR6JGTWVOFpOhVelgzS4Tz98TzyZwho1jLxu","preKeyId":881}}},"version":"v1"}