{"_sessions":{"BV8BvOqoDmygN8kA/jJrSJx3RRH3bRejEEwQpFSANF9A":{"registrationId":2571406235,"currentRatchet":{"ephemeralKeyPair":{"pubKey":"BRu1u2Bgnprfob9vuGsD4DxeBLjXdAfLrfOE9bRgHPMA","privKey":"sNmWxDOeFHSQWQKwDYZltzOo5VVnaMuuSk63zFKtc28="},"lastRemoteEphemeralKey":"BUDXQr3puFIIQm+QbkROC6X1ZCzrurrEhnXXffYL1cVh","previousCounter":0,"rootKey":"gcHKPbIg8fCxbR3X8P1x/CXSo2HIXGwKXBu5JPEpp1M="},"indexInfo":{"baseKey":"BV8BvOqoDmygN8kA/jJrSJx3RRH3bRejEEwQpFSANF9A","baseKeyType":1,"closed":-1,"used":1731093299898,"created":1731093299898,"remoteIdentityKey":"BZJBKrFJwRCUXM/fEwhtE/Tkukyf/V2jagQzh2uFUiV8"},"_chains":{"BRu1u2Bgnprfob9vuGsD4DxeBLjXdAfLrfOE9bRgHPMA":{"chainKey":{"counter":7,"key":"pZ7ubmPInXoDnp2cE7MPkkE1reOqLJvKFuVtgVpd1i4="},"chainType":1,"messageKeys":{}}},"pendingPreKey":{"signedKeyId":13401926,"baseKey":"BV8BvOqoDmygN8kA/jJrSJx3RRH3bRejEEwQpFSANF9A"}}},"version":"v1"}