{"_sessions":{"BZaa/rTyKPPk8GGUkp7/rO3KIaWBPCPoSKu2rS4Fewhk":{"registrationId":13605,"currentRatchet":{"ephemeralKeyPair":{"pubKey":"BUr6rTqly4ciLCFPwQICcKUJ2vnWbNAVZF9wFxlJUsUT","privKey":"eEN0uSmyrUzvu3gGpCQiR33AuDRujHUnPsBiKV/0GXg="},"lastRemoteEphemeralKey":"BWKpb4sgasqQb0INHdNPrNHapRjfs6x1O/m6m3XneJAb","previousCounter":0,"rootKey":"BtS3k3JFIE14Nu7N0yz6/mIp6DliilJ8wVtWJIhGlcY="},"indexInfo":{"baseKey":"BZaa/rTyKPPk8GGUkp7/rO3KIaWBPCPoSKu2rS4Fewhk","baseKeyType":1,"closed":-1,"used":1732137453764,"created":1732137453764,"remoteIdentityKey":"BVlgO93CApXJbf3DylebRLvFiTuzAnKoElxhjJ8IeqsO"},"_chains":{"BUr6rTqly4ciLCFPwQICcKUJ2vnWbNAVZF9wFxlJUsUT":{"chainKey":{"counter":31,"key":"doGmmVmYx6JETse69Hk7PQTFLkob46QdxGikm4nIUnA="},"chainType":1,"messageKeys":{}}},"pendingPreKey":{"signedKeyId":2,"baseKey":"BZaa/rTyKPPk8GGUkp7/rO3KIaWBPCPoSKu2rS4Fewhk","preKeyId":327}}},"version":"v1"}