{"_sessions":{"BRLOUK2WnxTSOp4MXHRsq54vme7DP1Vgb8q4hc1LKThk":{"registrationId":771057760,"currentRatchet":{"ephemeralKeyPair":{"pubKey":"BRva/vmVsoxkcJf4EeuVkOWz/CkUw1YaNvhZfRgIyOAj","privKey":"2HotR5kLpIYA7veaqkf8UuZNJ4QEjhB9WlZQDACki2A="},"lastRemoteEphemeralKey":"BZlfxb3VNCy9VOnErEyjPnIPHnjKAJ0zfU7qbgD7grtT","previousCounter":0,"rootKey":"0z3PS1sPN+FC/6PClM0OmCis9Gqkdn6I55cgQz+9g0Y="},"indexInfo":{"baseKey":"BRLOUK2WnxTSOp4MXHRsq54vme7DP1Vgb8q4hc1LKThk","baseKeyType":2,"closed":-1,"used":1728669925991,"created":1728669925991,"remoteIdentityKey":"BQHXj4QyblKkVjSkZQqWXq4O/15f5UPYWUG6uIYd9oF6"},"_chains":{"BZlfxb3VNCy9VOnErEyjPnIPHnjKAJ0zfU7qbgD7grtT":{"chainKey":{"counter":60,"key":"+TGTgjLFWOeSHUtsvn5AN67rH6+05fu6j+YvUQApwJE="},"chainType":2,"messageKeys":{"0":"ylGdDO0EO7nw8NfQgFsBiUZagPfaXKt4K4bJFXmYIrQ=","1":"EALKXS+dx7nZTT6OxfF5nb+IUmMu9CFKR7ZS7L0xK1g=","2":"/es1j49suiQQKfOjRe8cBqUnn3CUhMRCztVSei08JGs=","3":"GGuC/vRzdG1KbDMtluBIQSd48syRx+MUfUtwiuvS2hY=","4":"Naj1f91v9fnIzPBq68mGM/oXHjojRetozDxg9m3UJGA=","5":"Y0GnU02PDo2KXg4vR4eqClp9yveGFp6PVmyzP5WySnc=","6":"nOIxVnxVlzGd4B5fYBfV7K6zm1O9dAQ15S06+DlGAow=","7":"sXPhDnljUZ1TMzz8A2kvb4OrMY6uErZVVVD8LYfd2U8=","8":"21s9ei1U5Lp+aYazhBRTADKd8hgJhhI6uCisX26vWJ8=","9":"86YsjrTcKZzOwvY+9ZF/RcoQVNV8GveL2+D5oleVfBg=","10":"s4FJa3/Ba/u6hMlWftSm2sFTEtA2s24nU54Y5QzifWs=","11":"t1yY8PjnFxc7BE290fJ4jwLbIM+Ri1xKAUh6nUSTWyA=","12":"ncOtObwhihE+UgFUds3ybUYI+wpz0joiMdoxumGtEhM=","13":"RwXf6So6QWRvAx8pjcuw9/kuBkcE1wiqkoKDwKJKU4w=","14":"+XVPGLcGe2BQLbT+7P2NP0/Frnis+S3iKVqRqihwVaU=","15":"KFQm6+SKmpo1iJ/jlprLE+STCVDSJMyMSFexKlu9TLI=","16":"Lv0FJOAVLyXdRyfN5/vdYNxQQTj7yrVxUF8xjsUXrLQ=","17":"1tp0ET7YHlLiTpOKqE2Gale+X9mEODxAj2F6PzW1uGI=","18":"rBEfquSWs0pioFWMuf/xybbFmMaGBS4I3hSg4enm+pM=","19":"rDfoLgoITYML6c7jSv86sPzsnnIOnaUTxldj0z2r5fI=","20":"EA8p5BDiuEeazqYGIYGKUY/taQmbfbPASG9O8dmDBKc=","21":"zK6ywk8nLITLro0IfWnKMTvdgFwuqUifaWAQ+XcdxpQ=","22":"S0YMo6jR9P5Hm6/8plP9FGzxVXnJQcNJFDzT9r7gMoc=","23":"AodxV3i/nmZwgOsMU+astRqh6Z355u0+e0xKGMFO/Po=","24":"y/87LrDMqEmc93jIl/ix9YmB5V9Te4N6vAwRHD+8YII=","25":"pk1Rdd6Q93nzWSh8F1A0B8rXoD7azC3GOKqhJghj2fI=","26":"j5etyU3NmiZkgDEr4a3Zo2h3m+tSSsk5gJ8Q85VmAL4=","27":"w8Cyd6eUa7s9vNNf8vo044srhk4TN+fNkz+emPCZBO8=","28":"DGZydqbfO/j6T1uePyh8+DjJKm6pHnJWLf8oEf7R42A=","29":"zAYD7E20H+AynPsu+CLtTlxJEpcAquhDnLGDYNmfMzA=","30":"tAAx1ert8CC1t3EQ1QAIcWTonzwp6Ye5RgAh8MFbu68=","31":"7RHec00N7hIdj4kctMFIvdvvVxvzr7b+Le1fOlhdyyY=","32":"yEarpt+jNBEjWTqCe1Pw8ZHRGg9DsxUairlGL7uYBio=","33":"ZoWCj1nGM61TpU1ZO44gPfPSA+LiTuRklWU9JaoyVQw=","34":"sT53vd2Ra8WmnsKQQzof2LRS+e2XrZ53v5GCxrCag5M=","35":"eloCFR8zYUC1zYBg70tOG+pk90rr9VksHuicoDHlcv0=","36":"46IfW87dV1G9UoYmFcKb/+irjsXz0W+FeOcuzXHtTW8=","37":"C4hit4se+V7QMHCzisRq7NyiWr28ePPaXdWesueVqiQ=","39":"RzQKGt4k3FzeDHqoSEHV7E8zmH1tBC1gykuSQYj835Q=","40":"FrAy8V89drgjFfK4zlSwz6GnLS3QfrtwfMA9HtC/Wf8=","41":"fhEZU8CcZfyJ+mD/qeJREuxv6jM8/llL/ZWYT+fizqU=","42":"ri65kmHSsM1XXqtaHp/GsmDDO/MEoMtgcOErl0KtK0w=","43":"n1IqWIvnrPNqCM0X52VplbAOaRHVUucMLoZPC73xMwE=","44":"b++u8E/lhBOceTzqhlQJ40En19DKJVwzJtNxooxZ4Rg=","45":"FbtDD01YQiNDbrg2Kqf8FAt5qsRe1dcxG8089Cg8p5Q=","46":"pru0p6t0bLfB02+XsLMlJ0W+pN7f+iMBY4qhsav8AMM=","47":"B1unUh/tWNvpRxJT3M4ACgI+eMyeEanIRF51lmQ78D4=","48":"14AMpv5FeGzs/P6vQBvNHTQcCJCTQHahblPBfRI4StU=","49":"iWaqtiQ18zM026tbR813WfQK/poaKNcCGgBqw2moH+M=","50":"QumZX4ZUbbWEcF9P4hapAa3PkKA8r40h6Tqu9/Z8vNw=","51":"nmWRYvqyFqsGrNxokE1LdGK0I22QQixJMMUZZQtG2pI=","52":"ItOWAiLXktQ6qRdUp1NGR9NdLi9P6oOjPPDvFwm+0u8=","53":"VM83Yrl0szPgutDioh+a+4yQpDBet1MGsy0ECDY9hQE=","54":"l0GSssdNvFhCq2bFWyn4GepwtoG8UpqkyIW9laCxCBM=","55":"yez/rIa/ckfyV+XSNLfzUkLDZi98HrHOp8JZWlzmIiI=","56":"EA3VWRG6pDRSK7tRLO/yYBFjv0VdwYiHfPPPikhw8A4=","57":"v2mHoX5nlh7wOMJmJP5HNABZiwD8wnlp0jegleYY5LY=","58":"0cXGHPp8smfvj36fExkC5s//zl2a84gWB4Ea0C/LQHs=","59":"Fwhe8hxS4pL1SDlk83sFg/LeC5VKA8qiB2t5F0cPivY="}},"BRva/vmVsoxkcJf4EeuVkOWz/CkUw1YaNvhZfRgIyOAj":{"chainKey":{"counter":-1,"key":"dsTqnktmGfJ8d28PVTqAkZ8oQX+zZkhOc9oyLAL+i5s="},"chainType":1,"messageKeys":{}}}}},"version":"v1"}