{"_sessions":{"BfT6Yl0iQUWB1JYefI3zwe+39SQPOk2tcvTLDC2pbIsv":{"registrationId":436774314,"currentRatchet":{"ephemeralKeyPair":{"pubKey":"BffQct2ykQOAwsQ3SbZbCosN9fwfFJvY3lnF6B45SF9X","privKey":"0GTv5c9bqrMeDgs9EEYWPnsRzP99+tOW2CNzF8hzUEU="},"lastRemoteEphemeralKey":"BStnYC4DPLWn1mOlJWICYzJ+SeIit8tejZCVcfx55TkM","previousCounter":0,"rootKey":"MTK3IRXIXr+32pCIiFexzKMJrm+a5GUhw+RgohYse0Q="},"indexInfo":{"baseKey":"BfT6Yl0iQUWB1JYefI3zwe+39SQPOk2tcvTLDC2pbIsv","baseKeyType":2,"closed":-1,"used":1729542049005,"created":1729542049005,"remoteIdentityKey":"BZWGwb1iOwcjV/VmFfBvt+tsJeex1Qq2Q6TY82uwc4I+"},"_chains":{"BStnYC4DPLWn1mOlJWICYzJ+SeIit8tejZCVcfx55TkM":{"chainKey":{"counter":0,"key":"C/YhRySY6ZKPluP7SBm9YvlCcTSAXd1T4z06K7BMXjI="},"chainType":2,"messageKeys":{}},"BffQct2ykQOAwsQ3SbZbCosN9fwfFJvY3lnF6B45SF9X":{"chainKey":{"counter":-1,"key":"VDo5Ba4wKQGlYn1ydyH1oYiMCdbfKqDXkJPG1pWR82g="},"chainType":1,"messageKeys":{}}}}},"version":"v1"}