{"_sessions":{"BS/PP8eGUIMCf8en89msevo0X1gUANCJY71MEYOajWcK":{"registrationId":10441,"currentRatchet":{"ephemeralKeyPair":{"pubKey":"BVvT+e+Osc49eLxpD0ZUF5l+slVWgG+R9ssX7UGAtiEa","privKey":"YE/zGvY/fnpIvJBb+AMwgduQtb418J68XGZ6wW94PFo="},"lastRemoteEphemeralKey":"BbYhDzf9RJJzoU/MotbrShCcst1cdLyxpaq23ntgicdc","previousCounter":0,"rootKey":"eJcK1HDKFZ2inUnfVoPZErCRRmvSMPlOXHjYhNm9/A4="},"indexInfo":{"baseKey":"BS/PP8eGUIMCf8en89msevo0X1gUANCJY71MEYOajWcK","baseKeyType":1,"closed":-1,"used":1737398382364,"created":1737398382364,"remoteIdentityKey":"BWwmB0MGqWZQQz4kvGUHXUntrMSdWguysb0o7zEzNHoA"},"_chains":{"BVvT+e+Osc49eLxpD0ZUF5l+slVWgG+R9ssX7UGAtiEa":{"chainKey":{"counter":7,"key":"XG3t9Yn6Ph89Npy3wfp5jPM4pbQF/xSQn1J8glN6d+A="},"chainType":1,"messageKeys":{}}},"pendingPreKey":{"signedKeyId":1,"baseKey":"BS/PP8eGUIMCf8en89msevo0X1gUANCJY71MEYOajWcK","preKeyId":191}}},"version":"v1"}