{"_sessions":{"BYJrvqDCoW5//JJAA5XaDIInteubzg4ckGD2NhQZMoor":{"registrationId":8460,"currentRatchet":{"ephemeralKeyPair":{"pubKey":"BTYduvz7KHnEbwinPTWJEvJa8qi0mMmIQkC0inNmYSI9","privKey":"ABvqR3L5c2tm3yGLEe/YUGlo7ZlrXVm4V1Z4IZ1BIU0="},"lastRemoteEphemeralKey":"BQJaIexnK9X+knXpoBKZfq+xqy6LcC/Ybc5zCjaOK1A7","previousCounter":0,"rootKey":"L65hfIIJAP511uaUwImhNKTIopBGZkuaaCmcW7hWIew="},"indexInfo":{"baseKey":"BYJrvqDCoW5//JJAA5XaDIInteubzg4ckGD2NhQZMoor","baseKeyType":1,"closed":-1,"used":1733065517106,"created":1733065517106,"remoteIdentityKey":"BWwpRfr7Q24+hyGLqmyEbeOUMP3m0C7DYwmzNGejpJJv"},"_chains":{"BTYduvz7KHnEbwinPTWJEvJa8qi0mMmIQkC0inNmYSI9":{"chainKey":{"counter":7,"key":"9RCEPXKlPBrnWU6RMjxmizpIE4PRNV4Q6YW1UPlVQYk="},"chainType":1,"messageKeys":{}}},"pendingPreKey":{"signedKeyId":1,"baseKey":"BYJrvqDCoW5//JJAA5XaDIInteubzg4ckGD2NhQZMoor"}}},"version":"v1"}