{"_sessions":{"BZZ1Et6LgCvVFji97C/sHeCujxu/GaJUyT+8p6xHmZlx":{"registrationId":927408459,"currentRatchet":{"ephemeralKeyPair":{"pubKey":"BQXknqNB/qFg/BeZZHpsRbuwhj+y/yt648etJ2nOuWNG","privKey":"UEnWT/C/9ZzO5VK7qrrU/jkon6td2PkRyRFv130oXkk="},"lastRemoteEphemeralKey":"BSCu8TbzT44YPfBw41N0Nq67ArfevnWGJZl1GBiUR11s","previousCounter":0,"rootKey":"oiqst7+7tKHyqXV4xYRJyJG9HeRQuGrwNPWZf7mVHK0="},"indexInfo":{"baseKey":"BZZ1Et6LgCvVFji97C/sHeCujxu/GaJUyT+8p6xHmZlx","baseKeyType":1,"closed":1731517638872,"used":1731517638779,"created":1731517638779,"remoteIdentityKey":"BY300t4jEKp+Zk9jr1I2nB81Qq88EW3cegJ57gDoHB1r"},"_chains":{"BQXknqNB/qFg/BeZZHpsRbuwhj+y/yt648etJ2nOuWNG":{"chainKey":{"counter":0,"key":"GDLQh8m9N8VA/asBKtsvBiQswPxcSGaFimFenMVoWy4="},"chainType":1,"messageKeys":{}}},"pendingPreKey":{"signedKeyId":0,"baseKey":"BZZ1Et6LgCvVFji97C/sHeCujxu/GaJUyT+8p6xHmZlx"}},"BXduMclBjO/aBTAna1TASHJWZhT3HCcqtZYpQTjqclIY":{"registrationId":927408459,"currentRatchet":{"ephemeralKeyPair":{"pubKey":"BQO/cm+jnS2eaDyct7F1qYODHN5UBtG9CzjsbO2RVYdG","privKey":"ELOITr8bc1R7Of2rAWeB44w1+DhcYjGpAWErOfjdxks="},"lastRemoteEphemeralKey":"BSCu8TbzT44YPfBw41N0Nq67ArfevnWGJZl1GBiUR11s","previousCounter":0,"rootKey":"9bQC1eZX8Gy/tz10LW7YFFlW5pnPN85mb0cHrq1Oc14="},"indexInfo":{"baseKey":"BXduMclBjO/aBTAna1TASHJWZhT3HCcqtZYpQTjqclIY","baseKeyType":1,"closed":1731517638962,"used":1731517638870,"created":1731517638870,"remoteIdentityKey":"BY300t4jEKp+Zk9jr1I2nB81Qq88EW3cegJ57gDoHB1r"},"_chains":{"BQO/cm+jnS2eaDyct7F1qYODHN5UBtG9CzjsbO2RVYdG":{"chainKey":{"counter":0,"key":"HJxxQcFAg2mILw55V95v7XLG9/Q07OxMq5W9AQghXqo="},"chainType":1,"messageKeys":{}}},"pendingPreKey":{"signedKeyId":0,"baseKey":"BXduMclBjO/aBTAna1TASHJWZhT3HCcqtZYpQTjqclIY"}},"BffdQWNBCYOai3wo5Y7wn2tvrYnrlqyGwFYg2I6dLL9C":{"registrationId":927408459,"currentRatchet":{"ephemeralKeyPair":{"pubKey":"BdY+3wmfFwj3iNbf5BREy7LsWS2XaVGzgneD2WFbsS5U","privKey":"YJnF9MD3NdfeydoMMQFiyLb8XOBRi0ZDGvAd5L3WjGM="},"lastRemoteEphemeralKey":"BSCu8TbzT44YPfBw41N0Nq67ArfevnWGJZl1GBiUR11s","previousCounter":0,"rootKey":"UXfq+DX0MpHkBoMBJS16CO4ppZQl3kJod2y3vHKeiF4="},"indexInfo":{"baseKey":"BffdQWNBCYOai3wo5Y7wn2tvrYnrlqyGwFYg2I6dLL9C","baseKeyType":1,"closed":1731517639058,"used":1731517638960,"created":1731517638960,"remoteIdentityKey":"BY300t4jEKp+Zk9jr1I2nB81Qq88EW3cegJ57gDoHB1r"},"_chains":{"BdY+3wmfFwj3iNbf5BREy7LsWS2XaVGzgneD2WFbsS5U":{"chainKey":{"counter":0,"key":"sp7fe0G3aMIsNNW+A3+JPHvUSUSJd5Bpa1tudWM2Mbs="},"chainType":1,"messageKeys":{}}},"pendingPreKey":{"signedKeyId":0,"baseKey":"BffdQWNBCYOai3wo5Y7wn2tvrYnrlqyGwFYg2I6dLL9C"}},"BfpJtulNCCbjx1xHt9c/KIJWrwvIyg186x5BfcQilgdF":{"registrationId":927408459,"currentRatchet":{"ephemeralKeyPair":{"pubKey":"BXWMY6tOyFOoiuEXSGHSRHtRWjj1EgElnnk3mqspbNpr","privKey":"aPXwOAVshFHiQKiVDoFMvAFEnWvCqfZFzjGRY/PQnXA="},"lastRemoteEphemeralKey":"BSCu8TbzT44YPfBw41N0Nq67ArfevnWGJZl1GBiUR11s","previousCounter":0,"rootKey":"2FsJuvx39PkJWkUHnX34lxmRE8XAi3gWiWsuuHUTNCo="},"indexInfo":{"baseKey":"BfpJtulNCCbjx1xHt9c/KIJWrwvIyg186x5BfcQilgdF","baseKeyType":1,"closed":1731517639149,"used":1731517639056,"created":1731517639056,"remoteIdentityKey":"BY300t4jEKp+Zk9jr1I2nB81Qq88EW3cegJ57gDoHB1r"},"_chains":{"BXWMY6tOyFOoiuEXSGHSRHtRWjj1EgElnnk3mqspbNpr":{"chainKey":{"counter":0,"key":"VRSEccfrRNrB/Srfp5NTQ8tiFndnSxvuGOBHX8I57+g="},"chainType":1,"messageKeys":{}}},"pendingPreKey":{"signedKeyId":0,"baseKey":"BfpJtulNCCbjx1xHt9c/KIJWrwvIyg186x5BfcQilgdF"}},"Baq/cn9869Mv1HHp4mdKN3Oz6BfSEZAzdZ4llSH0Q0gu":{"registrationId":927408459,"currentRatchet":{"ephemeralKeyPair":{"pubKey":"Bfi4a5/9HUj5yeTF9YkdpZBKkaZqfIIkUV0fP2Q/itZc","privKey":"eE7hC9wYHneJw1eAk3GXt/DULyOt8IFV0vuR2lSUy3A="},"lastRemoteEphemeralKey":"BSCu8TbzT44YPfBw41N0Nq67ArfevnWGJZl1GBiUR11s","previousCounter":0,"rootKey":"Adv/SykR5Fq3A6DFEh85/DxfSlsozVzrCmSZ9KLhF0I="},"indexInfo":{"baseKey":"Baq/cn9869Mv1HHp4mdKN3Oz6BfSEZAzdZ4llSH0Q0gu","baseKeyType":1,"closed":1731517639234,"used":1731517639148,"created":1731517639148,"remoteIdentityKey":"BY300t4jEKp+Zk9jr1I2nB81Qq88EW3cegJ57gDoHB1r"},"_chains":{"Bfi4a5/9HUj5yeTF9YkdpZBKkaZqfIIkUV0fP2Q/itZc":{"chainKey":{"counter":0,"key":"hkd2wLwjYK1OquUlSFxi8cQJH0m3ExJrQTLY/alGFWM="},"chainType":1,"messageKeys":{}}},"pendingPreKey":{"signedKeyId":0,"baseKey":"Baq/cn9869Mv1HHp4mdKN3Oz6BfSEZAzdZ4llSH0Q0gu"}},"Ben0JbDboeDUqL4VwDX2lTmDAtgg7NtcKFcTTdNfeIk8":{"registrationId":927408459,"currentRatchet":{"ephemeralKeyPair":{"pubKey":"BbiGJXDYIlQAoIoLr6KHYRB6IBpcV43FSzZm8P3BYC90","privKey":"6NGM//yx1o9dKp3IVFOKIZzK8qjqQlRD0Ja1G12g1kc="},"lastRemoteEphemeralKey":"BSCu8TbzT44YPfBw41N0Nq67ArfevnWGJZl1GBiUR11s","previousCounter":0,"rootKey":"/ajb0I3z8taF9yaEbiJM6H+/eMWbXMquEleEw4ocbHI="},"indexInfo":{"baseKey":"Ben0JbDboeDUqL4VwDX2lTmDAtgg7NtcKFcTTdNfeIk8","baseKeyType":1,"closed":1731517642377,"used":1731517639233,"created":1731517639233,"remoteIdentityKey":"BY300t4jEKp+Zk9jr1I2nB81Qq88EW3cegJ57gDoHB1r"},"_chains":{"BbiGJXDYIlQAoIoLr6KHYRB6IBpcV43FSzZm8P3BYC90":{"chainKey":{"counter":0,"key":"bUEakZrPGMh20+eOx7jXPTw9XSQNH3GT+5PG/PHIJaw="},"chainType":1,"messageKeys":{}}},"pendingPreKey":{"signedKeyId":0,"baseKey":"Ben0JbDboeDUqL4VwDX2lTmDAtgg7NtcKFcTTdNfeIk8"}},"BXjRH64YTLW+6EIcrW4hX9cQv+ypTB1DJT/RzCiqHhE4":{"registrationId":927408459,"currentRatchet":{"ephemeralKeyPair":{"pubKey":"BffkWmynL5qH2k70V4Z8VTKnQ7vBLB1moQ1Gr+p3+4oH","privKey":"CI0PiPzJBeXbvXCbNfEg7LPaSaBpCZtb1yMkuMeXZUg="},"lastRemoteEphemeralKey":"BSCu8TbzT44YPfBw41N0Nq67ArfevnWGJZl1GBiUR11s","previousCounter":0,"rootKey":"DqvMkmV8R9smWbl+tVPys5IHZGA7a9OdXyr8x7URuE8="},"indexInfo":{"baseKey":"BXjRH64YTLW+6EIcrW4hX9cQv+ypTB1DJT/RzCiqHhE4","baseKeyType":1,"closed":1731517642467,"used":1731517642375,"created":1731517642375,"remoteIdentityKey":"BY300t4jEKp+Zk9jr1I2nB81Qq88EW3cegJ57gDoHB1r"},"_chains":{"BffkWmynL5qH2k70V4Z8VTKnQ7vBLB1moQ1Gr+p3+4oH":{"chainKey":{"counter":0,"key":"Bf4Evb3Jo0F6IK0FlYS57wozCVjyExwPZCvatYWnCns="},"chainType":1,"messageKeys":{}}},"pendingPreKey":{"signedKeyId":0,"baseKey":"BXjRH64YTLW+6EIcrW4hX9cQv+ypTB1DJT/RzCiqHhE4"}},"BendUPQJ7I25hiJhPcg0EyZaFfl78IcI1/N5yeiLsAlI":{"registrationId":927408459,"currentRatchet":{"ephemeralKeyPair":{"pubKey":"BTuVP5fKkZzk1vwnvb5l/QcikGCxfzWZvIdPzy6JWb8A","privKey":"AHdL9aJ4ftEbYJLEtjvqRdNyXC40D9mg2DvzwT/IvEk="},"lastRemoteEphemeralKey":"BSCu8TbzT44YPfBw41N0Nq67ArfevnWGJZl1GBiUR11s","previousCounter":0,"rootKey":"Y9JtZPWaKOon1tS26BdbVz92NBpUXsPIYvtgDHreyqw="},"indexInfo":{"baseKey":"BendUPQJ7I25hiJhPcg0EyZaFfl78IcI1/N5yeiLsAlI","baseKeyType":1,"closed":1731517665352,"used":1731517642465,"created":1731517642465,"remoteIdentityKey":"BY300t4jEKp+Zk9jr1I2nB81Qq88EW3cegJ57gDoHB1r"},"_chains":{"BTuVP5fKkZzk1vwnvb5l/QcikGCxfzWZvIdPzy6JWb8A":{"chainKey":{"counter":0,"key":"1EyiqHHFoEBEyQbkk2LkWpAuQEslyQpbdvwe/1q5phI="},"chainType":1,"messageKeys":{}}},"pendingPreKey":{"signedKeyId":0,"baseKey":"BendUPQJ7I25hiJhPcg0EyZaFfl78IcI1/N5yeiLsAlI"}},"BVH00O2XwbqPn2931Os1OPRQVSHhFkveHYs5lXzV1EtO":{"registrationId":927408459,"currentRatchet":{"ephemeralKeyPair":{"pubKey":"BX9RpIlDcI6QnQHV4u9A0LNQlFcBxthufbvBugamkoxm","privKey":"wPqfaI7cZc06HvCdEIexjxW+HFsOTRZ5FwwU8DicLGo="},"lastRemoteEphemeralKey":"BSCu8TbzT44YPfBw41N0Nq67ArfevnWGJZl1GBiUR11s","previousCounter":0,"rootKey":"STndmhpdQADgIkEIKTjLCgWWvqr3yoYslx97uLiITVg="},"indexInfo":{"baseKey":"BVH00O2XwbqPn2931Os1OPRQVSHhFkveHYs5lXzV1EtO","baseKeyType":1,"closed":1731517665436,"used":1731517665351,"created":1731517665351,"remoteIdentityKey":"BY300t4jEKp+Zk9jr1I2nB81Qq88EW3cegJ57gDoHB1r"},"_chains":{"BX9RpIlDcI6QnQHV4u9A0LNQlFcBxthufbvBugamkoxm":{"chainKey":{"counter":0,"key":"pMNS7/jh/B25pCHI9ZGrMQPeAZmPEgb9rtezHmyZOwc="},"chainType":1,"messageKeys":{}}},"pendingPreKey":{"signedKeyId":0,"baseKey":"BVH00O2XwbqPn2931Os1OPRQVSHhFkveHYs5lXzV1EtO"}},"BbD9YGYAmL1WzoLgBxKi2FzQB1cBs9hJWWXZHyLCFQsu":{"registrationId":927408459,"currentRatchet":{"ephemeralKeyPair":{"pubKey":"BUOjz3ks2DL+MKYasjeQ8NIKn2RCRxzJEx6txejuWVcx","privKey":"mCG8V70SAAfCrKhGiRUGHKc5I16JxrS6BKCkk+pDlUY="},"lastRemoteEphemeralKey":"BSCu8TbzT44YPfBw41N0Nq67ArfevnWGJZl1GBiUR11s","previousCounter":0,"rootKey":"uQ1T3GxpBpWsu+xfNvu+0zUMvq32pSO7zK8hW+DEaNg="},"indexInfo":{"baseKey":"BbD9YGYAmL1WzoLgBxKi2FzQB1cBs9hJWWXZHyLCFQsu","baseKeyType":1,"closed":1731517666433,"used":1731517665435,"created":1731517665435,"remoteIdentityKey":"BY300t4jEKp+Zk9jr1I2nB81Qq88EW3cegJ57gDoHB1r"},"_chains":{"BUOjz3ks2DL+MKYasjeQ8NIKn2RCRxzJEx6txejuWVcx":{"chainKey":{"counter":0,"key":"Dcl96SrQR6ehTZNlsr39oobBscyY7SWLzFbh9viIl2k="},"chainType":1,"messageKeys":{}}},"pendingPreKey":{"signedKeyId":0,"baseKey":"BbD9YGYAmL1WzoLgBxKi2FzQB1cBs9hJWWXZHyLCFQsu"}},"BTswPxsmN6XDnoShQtK2+tc1yNluRyssVImecqGqbXA7":{"registrationId":927408459,"currentRatchet":{"ephemeralKeyPair":{"pubKey":"BdxIT3J30U0XBIqfGqrNmR/EjC9+FS/sBUckN7H3wvpc","privKey":"CFEWFZGrndzDMY09lT/e3gjPLlyEZXIU5bfx66yBmEM="},"lastRemoteEphemeralKey":"BSCu8TbzT44YPfBw41N0Nq67ArfevnWGJZl1GBiUR11s","previousCounter":0,"rootKey":"OXQ47Xzt8MG+T1uGQIn5UgdJ9hgBK6Na4KFot6KDPP0="},"indexInfo":{"baseKey":"BTswPxsmN6XDnoShQtK2+tc1yNluRyssVImecqGqbXA7","baseKeyType":1,"closed":1731517666517,"used":1731517666432,"created":1731517666432,"remoteIdentityKey":"BY300t4jEKp+Zk9jr1I2nB81Qq88EW3cegJ57gDoHB1r"},"_chains":{"BdxIT3J30U0XBIqfGqrNmR/EjC9+FS/sBUckN7H3wvpc":{"chainKey":{"counter":0,"key":"bE3XnOdQocFY2nnFhPtPamCWES0B/YH5Cu83WMor1aU="},"chainType":1,"messageKeys":{}}},"pendingPreKey":{"signedKeyId":0,"baseKey":"BTswPxsmN6XDnoShQtK2+tc1yNluRyssVImecqGqbXA7"}},"Bdw5hE6lYA1uCxXbiZ7mY+Qscva2BjP2hmq39uUJJzdQ":{"registrationId":927408459,"currentRatchet":{"ephemeralKeyPair":{"pubKey":"BSKB9DmZ1UAgY0HcWbRfChmGc3haBCi5oON9tbPNobw1","privKey":"0L8+IMxBFsFuytE2Jjv3JwDI0YVF/+cZbKZYjmOsBEI="},"lastRemoteEphemeralKey":"BSCu8TbzT44YPfBw41N0Nq67ArfevnWGJZl1GBiUR11s","previousCounter":0,"rootKey":"IEujRMQM2Zlt3crFanLiy6sm1vpmURsCxRXf+7+doug="},"indexInfo":{"baseKey":"Bdw5hE6lYA1uCxXbiZ7mY+Qscva2BjP2hmq39uUJJzdQ","baseKeyType":1,"closed":1731517666603,"used":1731517666516,"created":1731517666516,"remoteIdentityKey":"BY300t4jEKp+Zk9jr1I2nB81Qq88EW3cegJ57gDoHB1r"},"_chains":{"BSKB9DmZ1UAgY0HcWbRfChmGc3haBCi5oON9tbPNobw1":{"chainKey":{"counter":0,"key":"wsybMwIzcl9SG9wtGbJYuR5dyCts20yfhvcQJISY0lI="},"chainType":1,"messageKeys":{}}},"pendingPreKey":{"signedKeyId":0,"baseKey":"Bdw5hE6lYA1uCxXbiZ7mY+Qscva2BjP2hmq39uUJJzdQ"}},"BYzXd12OwbLjmylJHOxdePiENHYYmHm/9Myx59rru7sR":{"registrationId":927408459,"currentRatchet":{"ephemeralKeyPair":{"pubKey":"BQGsschQMWlOpeDVCQbTuVP+OgCNgMm4IupWXi/RpstP","privKey":"MODabVx1LqErlNMDnS6s6XkpqY12UoPfUKliWF2YcUI="},"lastRemoteEphemeralKey":"BSCu8TbzT44YPfBw41N0Nq67ArfevnWGJZl1GBiUR11s","previousCounter":0,"rootKey":"auqmEBd99/89wmuUaO2zTvm2uiUfj9/StswddCWtK3w="},"indexInfo":{"baseKey":"BYzXd12OwbLjmylJHOxdePiENHYYmHm/9Myx59rru7sR","baseKeyType":1,"closed":1731517666685,"used":1731517666602,"created":1731517666602,"remoteIdentityKey":"BY300t4jEKp+Zk9jr1I2nB81Qq88EW3cegJ57gDoHB1r"},"_chains":{"BQGsschQMWlOpeDVCQbTuVP+OgCNgMm4IupWXi/RpstP":{"chainKey":{"counter":0,"key":"6YOT1eZ9/lQKQl6SYgrl3skYF6534BsKja/jtITawk4="},"chainType":1,"messageKeys":{}}},"pendingPreKey":{"signedKeyId":0,"baseKey":"BYzXd12OwbLjmylJHOxdePiENHYYmHm/9Myx59rru7sR"}},"BTFTau/xOlwo9R+VPLO0Fu16OP5Sa6tX4zbijYqXJ81H":{"registrationId":927408459,"currentRatchet":{"ephemeralKeyPair":{"pubKey":"BXE4Lvi0ZPc+47pOgXvT5PPtNOHEhDqfC6gptQVwDQRT","privKey":"wJ5VsJuPolp/9lG0S8zTjaoKeuvV+W7w2hHwHVYmFUQ="},"lastRemoteEphemeralKey":"BSCu8TbzT44YPfBw41N0Nq67ArfevnWGJZl1GBiUR11s","previousCounter":0,"rootKey":"CqLofKVSx6UjSiwTe1YhFM/gl+bcOcm7LxaZByKcYdQ="},"indexInfo":{"baseKey":"BTFTau/xOlwo9R+VPLO0Fu16OP5Sa6tX4zbijYqXJ81H","baseKeyType":1,"closed":1731517683700,"used":1731517666684,"created":1731517666684,"remoteIdentityKey":"BY300t4jEKp+Zk9jr1I2nB81Qq88EW3cegJ57gDoHB1r"},"_chains":{"BXE4Lvi0ZPc+47pOgXvT5PPtNOHEhDqfC6gptQVwDQRT":{"chainKey":{"counter":0,"key":"hIZSaWrHFc8n+CHyb6XLIMoPENuSQpiROhaMKSH7U5w="},"chainType":1,"messageKeys":{}}},"pendingPreKey":{"signedKeyId":0,"baseKey":"BTFTau/xOlwo9R+VPLO0Fu16OP5Sa6tX4zbijYqXJ81H"}},"BYMwdRuPbtzuoW1jqXPr7l339zJAfbH30PRQYNenwktI":{"registrationId":927408459,"currentRatchet":{"ephemeralKeyPair":{"pubKey":"Bbdg+5UMeHvC3OTiKlBbTYOeM5R4C4Y/Gg2wegGeAZsQ","privKey":"IIZQm8cCh2Q6YhN9s7aSwwvH0tUH22V9/moryvpq13s="},"lastRemoteEphemeralKey":"BSCu8TbzT44YPfBw41N0Nq67ArfevnWGJZl1GBiUR11s","previousCounter":0,"rootKey":"v/k4vwB6JyhT0ewhEUlff1CjM0D1pvT+7bmDYLO69S0="},"indexInfo":{"baseKey":"BYMwdRuPbtzuoW1jqXPr7l339zJAfbH30PRQYNenwktI","baseKeyType":1,"closed":1731517683804,"used":1731517683698,"created":1731517683698,"remoteIdentityKey":"BY300t4jEKp+Zk9jr1I2nB81Qq88EW3cegJ57gDoHB1r"},"_chains":{"Bbdg+5UMeHvC3OTiKlBbTYOeM5R4C4Y/Gg2wegGeAZsQ":{"chainKey":{"counter":0,"key":"VE3uTeHfcv/pGW8IcPVRsFOri8yAFSWVM8srIxoRhE0="},"chainType":1,"messageKeys":{}}},"pendingPreKey":{"signedKeyId":0,"baseKey":"BYMwdRuPbtzuoW1jqXPr7l339zJAfbH30PRQYNenwktI"}},"BRG9FXpMJ9S+YcuhA1TzrvNQ9pOE84WnMM8bK8uyeopg":{"registrationId":927408459,"currentRatchet":{"ephemeralKeyPair":{"pubKey":"BVPehsurVpa5He1U5XJsMUxxA5RkAZM0kpy6MhqOGeJC","privKey":"SIGfhHU5TL5JOGPhsQae3a0qqQLxQhHg/lkACB5wG2E="},"lastRemoteEphemeralKey":"BSCu8TbzT44YPfBw41N0Nq67ArfevnWGJZl1GBiUR11s","previousCounter":0,"rootKey":"Qjln3iu+fUkUaABH6JCIqX6i9Gh+4FxouUkd3brCUXY="},"indexInfo":{"baseKey":"BRG9FXpMJ9S+YcuhA1TzrvNQ9pOE84WnMM8bK8uyeopg","baseKeyType":1,"closed":1731517683893,"used":1731517683802,"created":1731517683802,"remoteIdentityKey":"BY300t4jEKp+Zk9jr1I2nB81Qq88EW3cegJ57gDoHB1r"},"_chains":{"BVPehsurVpa5He1U5XJsMUxxA5RkAZM0kpy6MhqOGeJC":{"chainKey":{"counter":0,"key":"a3cYb/AAefEnlVsVgBjJtq9G3e8EQOMhF7/Wp2buqTo="},"chainType":1,"messageKeys":{}}},"pendingPreKey":{"signedKeyId":0,"baseKey":"BRG9FXpMJ9S+YcuhA1TzrvNQ9pOE84WnMM8bK8uyeopg"}},"BYxzPHSFMnt8t7QNCsJAyQ63U3SdkTPzdknTAhnIxuE/":{"registrationId":927408459,"currentRatchet":{"ephemeralKeyPair":{"pubKey":"Beayvnhj4nH9lq+3AaG4pRdoh8hcBSdCxlpEmtjZyqI/","privKey":"yKW27bCmh2ogVVYFXpdPvkn73U+95QAuuOiWx1NNHEc="},"lastRemoteEphemeralKey":"BSCu8TbzT44YPfBw41N0Nq67ArfevnWGJZl1GBiUR11s","previousCounter":0,"rootKey":"pjljahEXb34ggd1VfVkmFb0Udml7I29cgri/BXj/dmY="},"indexInfo":{"baseKey":"BYxzPHSFMnt8t7QNCsJAyQ63U3SdkTPzdknTAhnIxuE/","baseKeyType":1,"closed":1731517683985,"used":1731517683892,"created":1731517683892,"remoteIdentityKey":"BY300t4jEKp+Zk9jr1I2nB81Qq88EW3cegJ57gDoHB1r"},"_chains":{"Beayvnhj4nH9lq+3AaG4pRdoh8hcBSdCxlpEmtjZyqI/":{"chainKey":{"counter":0,"key":"DkgSh6zrywCQk0JlBXNJhk798ul3wRJjJpu+IlGKFek="},"chainType":1,"messageKeys":{}}},"pendingPreKey":{"signedKeyId":0,"baseKey":"BYxzPHSFMnt8t7QNCsJAyQ63U3SdkTPzdknTAhnIxuE/"}},"BTdaEfgfQbPctjAAos9V/jiqiNsad7+XQ1kWLXxyy0VC":{"registrationId":927408459,"currentRatchet":{"ephemeralKeyPair":{"pubKey":"BQkigI+33pH3VyfI2OuBwUnDlmC0B1ZKsMgDvfINUmtZ","privKey":"gDUa6inVJjeS0EhBVXX0mTkAhX9a17GNz1NhLds2OWY="},"lastRemoteEphemeralKey":"BSCu8TbzT44YPfBw41N0Nq67ArfevnWGJZl1GBiUR11s","previousCounter":0,"rootKey":"sK3OohIma/4h0rZDjkAsjpUhn3ka4Y4QJ0nW5vWAQx8="},"indexInfo":{"baseKey":"BTdaEfgfQbPctjAAos9V/jiqiNsad7+XQ1kWLXxyy0VC","baseKeyType":1,"closed":1731517684157,"used":1731517683983,"created":1731517683983,"remoteIdentityKey":"BY300t4jEKp+Zk9jr1I2nB81Qq88EW3cegJ57gDoHB1r"},"_chains":{"BQkigI+33pH3VyfI2OuBwUnDlmC0B1ZKsMgDvfINUmtZ":{"chainKey":{"counter":0,"key":"gZHdBPlQW39G6Wkraww70lsbui8r4abV4SN1Z5fPFjc="},"chainType":1,"messageKeys":{}}},"pendingPreKey":{"signedKeyId":0,"baseKey":"BTdaEfgfQbPctjAAos9V/jiqiNsad7+XQ1kWLXxyy0VC"}},"BWU/9BOxg9FkuIzF2k6oSdhjozmiwY5uI0BKP2FhZBxo":{"registrationId":927408459,"currentRatchet":{"ephemeralKeyPair":{"pubKey":"BeS4djMPVUGCinQaR5RSua9jQLJcaqELGUEanWG24n85","privKey":"CPpmomIMwZGbFkwiv0DFUNN67+zS8veNRR+DkzPKXnc="},"lastRemoteEphemeralKey":"BSCu8TbzT44YPfBw41N0Nq67ArfevnWGJZl1GBiUR11s","previousCounter":0,"rootKey":"ULSfgDBPGzVN1Y9L+DmwrFgtiilchr89S3MGbpq7iSU="},"indexInfo":{"baseKey":"BWU/9BOxg9FkuIzF2k6oSdhjozmiwY5uI0BKP2FhZBxo","baseKeyType":1,"closed":1731517684244,"used":1731517684155,"created":1731517684155,"remoteIdentityKey":"BY300t4jEKp+Zk9jr1I2nB81Qq88EW3cegJ57gDoHB1r"},"_chains":{"BeS4djMPVUGCinQaR5RSua9jQLJcaqELGUEanWG24n85":{"chainKey":{"counter":0,"key":"E/3QQY5RBVl0xC2KAIn33pZbnKywZBdJ8KBlKcK8ago="},"chainType":1,"messageKeys":{}}},"pendingPreKey":{"signedKeyId":0,"baseKey":"BWU/9BOxg9FkuIzF2k6oSdhjozmiwY5uI0BKP2FhZBxo"}},"BaK1c+H3Ga9p1IqVHexAw6pBcZ0aJD1We2ahmdUswTpp":{"registrationId":927408459,"currentRatchet":{"ephemeralKeyPair":{"pubKey":"BXDvirSfXMjf6LOeldA72AnZ9UHg6aA+bInDuAtpnpkl","privKey":"aPkUP2Y+9E3Mi6JeOPz/ctmw6plEg8KDKoY11fvsx3g="},"lastRemoteEphemeralKey":"BSCu8TbzT44YPfBw41N0Nq67ArfevnWGJZl1GBiUR11s","previousCounter":0,"rootKey":"//WHyKD3PVndqY7Ml/62Bu4RdiYb8WnjFEkkp8/Ux5o="},"indexInfo":{"baseKey":"BaK1c+H3Ga9p1IqVHexAw6pBcZ0aJD1We2ahmdUswTpp","baseKeyType":1,"closed":1731517684334,"used":1731517684243,"created":1731517684243,"remoteIdentityKey":"BY300t4jEKp+Zk9jr1I2nB81Qq88EW3cegJ57gDoHB1r"},"_chains":{"BXDvirSfXMjf6LOeldA72AnZ9UHg6aA+bInDuAtpnpkl":{"chainKey":{"counter":0,"key":"99D2o9le2mAvM0wF44QRUvdnZym/elGdQUcsR23f574="},"chainType":1,"messageKeys":{}}},"pendingPreKey":{"signedKeyId":0,"baseKey":"BaK1c+H3Ga9p1IqVHexAw6pBcZ0aJD1We2ahmdUswTpp"}},"BdEGWKQKEoxq5Jq+yL9QST978ZWGAzPBoBYHfroA9eF6":{"registrationId":927408459,"currentRatchet":{"ephemeralKeyPair":{"pubKey":"BSLCFHJVOA0u/VqEDT43IYxuGj1sA+EGmllz2T9OVeso","privKey":"0HhTn5z53ntUIWHMDJLR1ZOL/CUQxQW/pEHxMxH8z3E="},"lastRemoteEphemeralKey":"BSCu8TbzT44YPfBw41N0Nq67ArfevnWGJZl1GBiUR11s","previousCounter":0,"rootKey":"kG/wBBo/a+EPVJXVbVt7gCZpOUM8twNFGKkhb9pGb0s="},"indexInfo":{"baseKey":"BdEGWKQKEoxq5Jq+yL9QST978ZWGAzPBoBYHfroA9eF6","baseKeyType":1,"closed":1731517684427,"used":1731517684332,"created":1731517684332,"remoteIdentityKey":"BY300t4jEKp+Zk9jr1I2nB81Qq88EW3cegJ57gDoHB1r"},"_chains":{"BSLCFHJVOA0u/VqEDT43IYxuGj1sA+EGmllz2T9OVeso":{"chainKey":{"counter":0,"key":"htAZiWoMPghpNpVB38dJ4Ui0qOPuzabroUUcb0tTfiw="},"chainType":1,"messageKeys":{}}},"pendingPreKey":{"signedKeyId":0,"baseKey":"BdEGWKQKEoxq5Jq+yL9QST978ZWGAzPBoBYHfroA9eF6"}},"BaXwJyFxUOmbvzdryesuBADZr2Dj9aDX28Hs7VV/koh6":{"registrationId":927408459,"currentRatchet":{"ephemeralKeyPair":{"pubKey":"BfvBaW9kLF7we/fpaQI3ao84tUHu94CwSoh6O7jsKTRy","privKey":"WJ2UxK1NwysnB+wu3o+x/HFYL1tYiUQdqvHGWnmSHVw="},"lastRemoteEphemeralKey":"BSCu8TbzT44YPfBw41N0Nq67ArfevnWGJZl1GBiUR11s","previousCounter":0,"rootKey":"VGul+7zx3JXSd0A1ow4RCEC+ZV22lGom8cs2gl01q98="},"indexInfo":{"baseKey":"BaXwJyFxUOmbvzdryesuBADZr2Dj9aDX28Hs7VV/koh6","baseKeyType":1,"closed":1731517684521,"used":1731517684425,"created":1731517684425,"remoteIdentityKey":"BY300t4jEKp+Zk9jr1I2nB81Qq88EW3cegJ57gDoHB1r"},"_chains":{"BfvBaW9kLF7we/fpaQI3ao84tUHu94CwSoh6O7jsKTRy":{"chainKey":{"counter":0,"key":"ClOOuuI9VJw9vvo2Y77WiVOV3adU1mwGquFa6M172ko="},"chainType":1,"messageKeys":{}}},"pendingPreKey":{"signedKeyId":0,"baseKey":"BaXwJyFxUOmbvzdryesuBADZr2Dj9aDX28Hs7VV/koh6"}},"BQ+UCF/ZNyYFXKI8XZnItYFRIDr7z5O8uOTRZ4R4erZF":{"registrationId":927408459,"currentRatchet":{"ephemeralKeyPair":{"pubKey":"BfIMVBUyPPrfOhcgBEYBFmKrAsTqA9BaFANnRedG+iEZ","privKey":"WBADrUMGd1ldT9e1reVBKnRhaTVuijGWqzlorn6ag3E="},"lastRemoteEphemeralKey":"BSCu8TbzT44YPfBw41N0Nq67ArfevnWGJZl1GBiUR11s","previousCounter":0,"rootKey":"mA1BWMzS6Jos50Eq8GVkesYhbFsNSQ3azqm22/s1IZo="},"indexInfo":{"baseKey":"BQ+UCF/ZNyYFXKI8XZnItYFRIDr7z5O8uOTRZ4R4erZF","baseKeyType":1,"closed":1731517684696,"used":1731517684519,"created":1731517684519,"remoteIdentityKey":"BY300t4jEKp+Zk9jr1I2nB81Qq88EW3cegJ57gDoHB1r"},"_chains":{"BfIMVBUyPPrfOhcgBEYBFmKrAsTqA9BaFANnRedG+iEZ":{"chainKey":{"counter":0,"key":"QYrY3O3nWpe7qB3K/WrQdhoSlaxTavtUkxvFshKzQYY="},"chainType":1,"messageKeys":{}}},"pendingPreKey":{"signedKeyId":0,"baseKey":"BQ+UCF/ZNyYFXKI8XZnItYFRIDr7z5O8uOTRZ4R4erZF"}},"BVZ4AHFFnHCPNv+MVm/6LEtEonPS0n7o2q2ZqfSgLAdr":{"registrationId":927408459,"currentRatchet":{"ephemeralKeyPair":{"pubKey":"Bf3XZiv4XMD6APNNfj7nx4JVH3vUam9fESxUSSwAa9p3","privKey":"kNk8QXCx4FGyGloF2AQHCd2PHe121WREg38VjVltKk8="},"lastRemoteEphemeralKey":"BSCu8TbzT44YPfBw41N0Nq67ArfevnWGJZl1GBiUR11s","previousCounter":0,"rootKey":"Zski1tkd+kXJXTyLGQcFelpuW9li4UwilzmI3jlh9dk="},"indexInfo":{"baseKey":"BVZ4AHFFnHCPNv+MVm/6LEtEonPS0n7o2q2ZqfSgLAdr","baseKeyType":1,"closed":1731517684788,"used":1731517684694,"created":1731517684694,"remoteIdentityKey":"BY300t4jEKp+Zk9jr1I2nB81Qq88EW3cegJ57gDoHB1r"},"_chains":{"Bf3XZiv4XMD6APNNfj7nx4JVH3vUam9fESxUSSwAa9p3":{"chainKey":{"counter":0,"key":"HciTvvp/gjkmyDlrAyqGePIkRro0urnpFNTLBEzBve8="},"chainType":1,"messageKeys":{}}},"pendingPreKey":{"signedKeyId":0,"baseKey":"BVZ4AHFFnHCPNv+MVm/6LEtEonPS0n7o2q2ZqfSgLAdr"}},"BYEzMGUCHN89uSAp8hl9y4grjiBu2RS9ac+063XVDXcL":{"registrationId":927408459,"currentRatchet":{"ephemeralKeyPair":{"pubKey":"Ba3hwgrIaOjuwd8utDJ18N3B4/PaBM+9H9myFMylE/x9","privKey":"CDP9svwLeDzvpVx30VCLYb9kWi1I1nZI7PeuU9Hc2XA="},"lastRemoteEphemeralKey":"BSCu8TbzT44YPfBw41N0Nq67ArfevnWGJZl1GBiUR11s","previousCounter":0,"rootKey":"onwv3MIXdkzH/0aJe/FsqlQAzELk/fDLeymZq+quzos="},"indexInfo":{"baseKey":"BYEzMGUCHN89uSAp8hl9y4grjiBu2RS9ac+063XVDXcL","baseKeyType":1,"closed":1731517684886,"used":1731517684786,"created":1731517684786,"remoteIdentityKey":"BY300t4jEKp+Zk9jr1I2nB81Qq88EW3cegJ57gDoHB1r"},"_chains":{"Ba3hwgrIaOjuwd8utDJ18N3B4/PaBM+9H9myFMylE/x9":{"chainKey":{"counter":0,"key":"wmXapyOgNZjhHr0eEFLa52iK6UmWRLAcSRzfGfYxRO4="},"chainType":1,"messageKeys":{}}},"pendingPreKey":{"signedKeyId":0,"baseKey":"BYEzMGUCHN89uSAp8hl9y4grjiBu2RS9ac+063XVDXcL"}},"BaitIHRgS1A/5+ZqMWBdpusdLgF8+aFkje6g8O7QW2UI":{"registrationId":927408459,"currentRatchet":{"ephemeralKeyPair":{"pubKey":"BU8f5EA0uDmnTev1WHur+I1fHwzHbYN8YSP8pbjqV74E","privKey":"cE0avE3b6sN81TwBqFmeZn51rfHCprMczcf8YUbOPkA="},"lastRemoteEphemeralKey":"BSCu8TbzT44YPfBw41N0Nq67ArfevnWGJZl1GBiUR11s","previousCounter":0,"rootKey":"kLWxpAc5MOzodq20AjW6CwOUrt0rNueHDcXiXjTzM5w="},"indexInfo":{"baseKey":"BaitIHRgS1A/5+ZqMWBdpusdLgF8+aFkje6g8O7QW2UI","baseKeyType":1,"closed":1731517684978,"used":1731517684884,"created":1731517684884,"remoteIdentityKey":"BY300t4jEKp+Zk9jr1I2nB81Qq88EW3cegJ57gDoHB1r"},"_chains":{"BU8f5EA0uDmnTev1WHur+I1fHwzHbYN8YSP8pbjqV74E":{"chainKey":{"counter":0,"key":"RtqwVjgFjHnIwDDd98Q/3V646linsU0EwZGc0xytpb0="},"chainType":1,"messageKeys":{}}},"pendingPreKey":{"signedKeyId":0,"baseKey":"BaitIHRgS1A/5+ZqMWBdpusdLgF8+aFkje6g8O7QW2UI"}},"BWlVL18fBLEbcSzB+xPSVzmpwO2mlotYmHCEnahM1LlS":{"registrationId":927408459,"currentRatchet":{"ephemeralKeyPair":{"pubKey":"BUsSo9HghBtF709bm7lf1JHKAqCDUPLKETdLXrObCsJP","privKey":"GH/70NW1avf7whiJy6n/tE8fdKxfrkY8dcNOqylxMHw="},"lastRemoteEphemeralKey":"BSCu8TbzT44YPfBw41N0Nq67ArfevnWGJZl1GBiUR11s","previousCounter":0,"rootKey":"bSIKqOZxWwKFHKXmZmn0jrdRSDJgQyaZX+gzAXlNeKU="},"indexInfo":{"baseKey":"BWlVL18fBLEbcSzB+xPSVzmpwO2mlotYmHCEnahM1LlS","baseKeyType":1,"closed":1731517685070,"used":1731517684976,"created":1731517684976,"remoteIdentityKey":"BY300t4jEKp+Zk9jr1I2nB81Qq88EW3cegJ57gDoHB1r"},"_chains":{"BUsSo9HghBtF709bm7lf1JHKAqCDUPLKETdLXrObCsJP":{"chainKey":{"counter":0,"key":"hqZZId/gSHSYrod6aOigRROQtv6NlVtcD/LKY654opg="},"chainType":1,"messageKeys":{}}},"pendingPreKey":{"signedKeyId":0,"baseKey":"BWlVL18fBLEbcSzB+xPSVzmpwO2mlotYmHCEnahM1LlS"}},"BRm0cQCGxwe6nOeS0eb78d53lQiAXkpfwVpDvHNeG28S":{"registrationId":927408459,"currentRatchet":{"ephemeralKeyPair":{"pubKey":"BaE3pEdJg3FPMHcON6BRE2Frj6gAmyzBzX6F/fjWHysz","privKey":"oCHeEMaX56m9p0xJLvq355f+7gi2R4zQT4BLb8VIYno="},"lastRemoteEphemeralKey":"BSCu8TbzT44YPfBw41N0Nq67ArfevnWGJZl1GBiUR11s","previousCounter":0,"rootKey":"JSofTYYxTuzJGBI6gLDD3VdNPxUBuJL1fCcvG3aPoqY="},"indexInfo":{"baseKey":"BRm0cQCGxwe6nOeS0eb78d53lQiAXkpfwVpDvHNeG28S","baseKeyType":1,"closed":1731517685152,"used":1731517685068,"created":1731517685068,"remoteIdentityKey":"BY300t4jEKp+Zk9jr1I2nB81Qq88EW3cegJ57gDoHB1r"},"_chains":{"BaE3pEdJg3FPMHcON6BRE2Frj6gAmyzBzX6F/fjWHysz":{"chainKey":{"counter":0,"key":"55+jfuXjXbX6bLeVgxC0uz1TwwltFkinFWWANsCi08k="},"chainType":1,"messageKeys":{}}},"pendingPreKey":{"signedKeyId":0,"baseKey":"BRm0cQCGxwe6nOeS0eb78d53lQiAXkpfwVpDvHNeG28S"}},"BVBoxT7nhjwoIVbFrZ6n9vPQejiUhJyfpowXE+RHH9w8":{"registrationId":927408459,"currentRatchet":{"ephemeralKeyPair":{"pubKey":"Bc/Cyahgjeewa6bGcvugVkF1XeFXrcvfOpBX846YFXU0","privKey":"8AGDvrQY5pu9aWu/vhVj0A9vZ2lGk8tKxnCDkx5ZEWc="},"lastRemoteEphemeralKey":"BSCu8TbzT44YPfBw41N0Nq67ArfevnWGJZl1GBiUR11s","previousCounter":0,"rootKey":"XTKqnQV/JSK7H0WkNtdnSjETdjMhpW/GYNFpd+SdaYM="},"indexInfo":{"baseKey":"BVBoxT7nhjwoIVbFrZ6n9vPQejiUhJyfpowXE+RHH9w8","baseKeyType":1,"closed":1731517685243,"used":1731517685151,"created":1731517685151,"remoteIdentityKey":"BY300t4jEKp+Zk9jr1I2nB81Qq88EW3cegJ57gDoHB1r"},"_chains":{"Bc/Cyahgjeewa6bGcvugVkF1XeFXrcvfOpBX846YFXU0":{"chainKey":{"counter":0,"key":"KDObFeLHPZZkUZiufiQyjtu71QH8ra20Yir+3USOTTk="},"chainType":1,"messageKeys":{}}},"pendingPreKey":{"signedKeyId":0,"baseKey":"BVBoxT7nhjwoIVbFrZ6n9vPQejiUhJyfpowXE+RHH9w8"}},"BanCXNIgr7uQhFG++ThmSbwaqQPVuFj4v1LOb+iXdpA9":{"registrationId":927408459,"currentRatchet":{"ephemeralKeyPair":{"pubKey":"BRmDDcXZZoLMJVh2ECCBW0QSE9FLAs8mlShAyEjL49RX","privKey":"sFx16llquMlrKjy4hfZ3gqXpx6dlbLLiXzwgoTQ8tVY="},"lastRemoteEphemeralKey":"BSCu8TbzT44YPfBw41N0Nq67ArfevnWGJZl1GBiUR11s","previousCounter":0,"rootKey":"IJ1JldzroAG8RNlJe5ZgwgMDNGnGbOvREBZug8GhgIM="},"indexInfo":{"baseKey":"BanCXNIgr7uQhFG++ThmSbwaqQPVuFj4v1LOb+iXdpA9","baseKeyType":1,"closed":1731517686923,"used":1731517685241,"created":1731517685241,"remoteIdentityKey":"BY300t4jEKp+Zk9jr1I2nB81Qq88EW3cegJ57gDoHB1r"},"_chains":{"BRmDDcXZZoLMJVh2ECCBW0QSE9FLAs8mlShAyEjL49RX":{"chainKey":{"counter":0,"key":"k1jUp2mq7FWIPp4I9kfo9U41nJWZV4XYaDtxavUwfM4="},"chainType":1,"messageKeys":{}}},"pendingPreKey":{"signedKeyId":0,"baseKey":"BanCXNIgr7uQhFG++ThmSbwaqQPVuFj4v1LOb+iXdpA9"}},"Bc0lIxS9CsRW1WN3WKJsIxO7mCzStPcPrEgZ8uazw2d3":{"registrationId":927408459,"currentRatchet":{"ephemeralKeyPair":{"pubKey":"BQL6MM5NCyDeV8/bE6cAFWsKpk43gJs9PLkq0yLZmTJE","privKey":"mJA4RsEMXqp8RtOWPEgHyKk87dMkfV7Bs4UEkJAG7E0="},"lastRemoteEphemeralKey":"BSCu8TbzT44YPfBw41N0Nq67ArfevnWGJZl1GBiUR11s","previousCounter":0,"rootKey":"H3Jkobpm3J8PVWYv720JYUuvx3tqFjTgQ/04wdQT1Wo="},"indexInfo":{"baseKey":"Bc0lIxS9CsRW1WN3WKJsIxO7mCzStPcPrEgZ8uazw2d3","baseKeyType":1,"closed":1731517687005,"used":1731517686922,"created":1731517686922,"remoteIdentityKey":"BY300t4jEKp+Zk9jr1I2nB81Qq88EW3cegJ57gDoHB1r"},"_chains":{"BQL6MM5NCyDeV8/bE6cAFWsKpk43gJs9PLkq0yLZmTJE":{"chainKey":{"counter":0,"key":"3TUbUT6bvS2ht/HJDYENYDw/wBSwo4eG+7uTz/yXJ5k="},"chainType":1,"messageKeys":{}}},"pendingPreKey":{"signedKeyId":0,"baseKey":"Bc0lIxS9CsRW1WN3WKJsIxO7mCzStPcPrEgZ8uazw2d3"}},"BZRw5bfJb1ywSw73+6R8mFIdvkkoJNmAPoDXWPmJ0M14":{"registrationId":927408459,"currentRatchet":{"ephemeralKeyPair":{"pubKey":"BStAZgPkoOHlE1kjU67Cb8rQ4LpF9loIaG8u1YgrKwMh","privKey":"QAJebdpM6RTh/HLY0bBrw7zlF1QqpEF/b6AofhAxKVw="},"lastRemoteEphemeralKey":"BSCu8TbzT44YPfBw41N0Nq67ArfevnWGJZl1GBiUR11s","previousCounter":0,"rootKey":"KWagGnw4v1cXvaPYKTCyJpJAUt/f4RhUvrQaXiDVJkk="},"indexInfo":{"baseKey":"BZRw5bfJb1ywSw73+6R8mFIdvkkoJNmAPoDXWPmJ0M14","baseKeyType":1,"closed":1731517690572,"used":1731517687004,"created":1731517687004,"remoteIdentityKey":"BY300t4jEKp+Zk9jr1I2nB81Qq88EW3cegJ57gDoHB1r"},"_chains":{"BStAZgPkoOHlE1kjU67Cb8rQ4LpF9loIaG8u1YgrKwMh":{"chainKey":{"counter":0,"key":"JwhLO+M0pDGwFK3yr7P//1po5YhxGtJXKUitsa9Vmww="},"chainType":1,"messageKeys":{}}},"pendingPreKey":{"signedKeyId":0,"baseKey":"BZRw5bfJb1ywSw73+6R8mFIdvkkoJNmAPoDXWPmJ0M14"}},"BSRkHG8gOl4el+VaHzELdKfjVTGIPvQl9n2KEap/SuMA":{"registrationId":927408459,"currentRatchet":{"ephemeralKeyPair":{"pubKey":"BQp8vAUvcsAEFKGHPTLiyyoS/1yP9IMd9zlfJUTOWwoX","privKey":"MNIcnG8FPorIFS8a8S5LVXPiaJEoS2LUm4oitsPqhlc="},"lastRemoteEphemeralKey":"BSCu8TbzT44YPfBw41N0Nq67ArfevnWGJZl1GBiUR11s","previousCounter":0,"rootKey":"7sEVa6YVNqEHwvRJxtwtbCJHwT1LdwV6s+stElP/tyQ="},"indexInfo":{"baseKey":"BSRkHG8gOl4el+VaHzELdKfjVTGIPvQl9n2KEap/SuMA","baseKeyType":1,"closed":1731517690664,"used":1731517690570,"created":1731517690570,"remoteIdentityKey":"BY300t4jEKp+Zk9jr1I2nB81Qq88EW3cegJ57gDoHB1r"},"_chains":{"BQp8vAUvcsAEFKGHPTLiyyoS/1yP9IMd9zlfJUTOWwoX":{"chainKey":{"counter":0,"key":"l60yOuuMSkMnEAu+pGw9uK/OUAkTCBvKp4HqEuWeA6I="},"chainType":1,"messageKeys":{}}},"pendingPreKey":{"signedKeyId":0,"baseKey":"BSRkHG8gOl4el+VaHzELdKfjVTGIPvQl9n2KEap/SuMA"}},"BTsJVMBfrO/xRMiQYzvpjIiE83H6ddFcZTbI7Nq+AZ1d":{"registrationId":927408459,"currentRatchet":{"ephemeralKeyPair":{"pubKey":"BaFoX8BJjqvQEXGHI4awivXUv1kqHKWEwbm251tzrzQR","privKey":"sBzlKhBRgBYUbf1KrwVVPxJ5cvhrVkHfXTOArXT/SHE="},"lastRemoteEphemeralKey":"BSCu8TbzT44YPfBw41N0Nq67ArfevnWGJZl1GBiUR11s","previousCounter":0,"rootKey":"L/Ch4zzfzBgZpJ1i7C3eqDTywdtKISshXsoweT4WtUM="},"indexInfo":{"baseKey":"BTsJVMBfrO/xRMiQYzvpjIiE83H6ddFcZTbI7Nq+AZ1d","baseKeyType":1,"closed":1731517690777,"used":1731517690662,"created":1731517690662,"remoteIdentityKey":"BY300t4jEKp+Zk9jr1I2nB81Qq88EW3cegJ57gDoHB1r"},"_chains":{"BaFoX8BJjqvQEXGHI4awivXUv1kqHKWEwbm251tzrzQR":{"chainKey":{"counter":0,"key":"8WMxoaJdZBI/HSNJ6m9ROm9ZbYaw9Mkfwg/Pf/ifEfE="},"chainType":1,"messageKeys":{}}},"pendingPreKey":{"signedKeyId":0,"baseKey":"BTsJVMBfrO/xRMiQYzvpjIiE83H6ddFcZTbI7Nq+AZ1d"}},"Bcqeq50SKFnBbLuQi/QGkOyyJIwS/i5hrHakJ4U3Zjh/":{"registrationId":927408459,"currentRatchet":{"ephemeralKeyPair":{"pubKey":"BZjeKParyQD0Ie4nsEn10y2u5OGouHFuiuYRM0CBhZg5","privKey":"gAm/VGsftKU6nmgGdNJYvRGjlsUEVUyJFl8BdZDQ3l8="},"lastRemoteEphemeralKey":"BSCu8TbzT44YPfBw41N0Nq67ArfevnWGJZl1GBiUR11s","previousCounter":0,"rootKey":"qKjs0tWqgZFQaT9ScWsUIsS20elY6YGCbGHlCQBWpzQ="},"indexInfo":{"baseKey":"Bcqeq50SKFnBbLuQi/QGkOyyJIwS/i5hrHakJ4U3Zjh/","baseKeyType":1,"closed":1731517690872,"used":1731517690775,"created":1731517690775,"remoteIdentityKey":"BY300t4jEKp+Zk9jr1I2nB81Qq88EW3cegJ57gDoHB1r"},"_chains":{"BZjeKParyQD0Ie4nsEn10y2u5OGouHFuiuYRM0CBhZg5":{"chainKey":{"counter":0,"key":"N9SaCAdM6Qb7o9lMSp6mq2LB7lRd0xJ3FBOAEe0UOnk="},"chainType":1,"messageKeys":{}}},"pendingPreKey":{"signedKeyId":0,"baseKey":"Bcqeq50SKFnBbLuQi/QGkOyyJIwS/i5hrHakJ4U3Zjh/"}},"BZF++ECeQmMyGYeX/DrNWtSs3ceYGLa5ZjQzpVzaJjlA":{"registrationId":927408459,"currentRatchet":{"ephemeralKeyPair":{"pubKey":"BUyE+7l95jC1f0oD3HleqFEXGKG/xtmcATknG2u86mpb","privKey":"WO2g0OpMu0lcHYcbqxQvrLONATH8Vi7iG6MJNQ+eGG0="},"lastRemoteEphemeralKey":"BSCu8TbzT44YPfBw41N0Nq67ArfevnWGJZl1GBiUR11s","previousCounter":0,"rootKey":"1Mz8v6Q36CKbRgX+K+d8qvloiqY8QbdemQEnUMHkk4M="},"indexInfo":{"baseKey":"BZF++ECeQmMyGYeX/DrNWtSs3ceYGLa5ZjQzpVzaJjlA","baseKeyType":1,"closed":1731517690955,"used":1731517690870,"created":1731517690870,"remoteIdentityKey":"BY300t4jEKp+Zk9jr1I2nB81Qq88EW3cegJ57gDoHB1r"},"_chains":{"BUyE+7l95jC1f0oD3HleqFEXGKG/xtmcATknG2u86mpb":{"chainKey":{"counter":0,"key":"EvYrfyu9fQuR/KY31iFmrTpf5m7RcoKyDIbfOGZWw5g="},"chainType":1,"messageKeys":{}}},"pendingPreKey":{"signedKeyId":0,"baseKey":"BZF++ECeQmMyGYeX/DrNWtSs3ceYGLa5ZjQzpVzaJjlA"}},"BQZSxkufBCRXKvzdzy8W+JA0JwlNfbi4qlPQqr9+P99q":{"registrationId":927408459,"currentRatchet":{"ephemeralKeyPair":{"pubKey":"BXvjtzjOupNhz9pBtvkOGLHxIV1XhYedM/DWpQaMFFZR","privKey":"2NTxGUfPXeLkN+mT4qOUxeaJz0HYG0GQFbYs0ldvj1M="},"lastRemoteEphemeralKey":"BSCu8TbzT44YPfBw41N0Nq67ArfevnWGJZl1GBiUR11s","previousCounter":0,"rootKey":"9eTrsbwa7BUCmfu7hZhuZF8FmPzRS0D8qZSJFNn7e8o="},"indexInfo":{"baseKey":"BQZSxkufBCRXKvzdzy8W+JA0JwlNfbi4qlPQqr9+P99q","baseKeyType":1,"closed":1731517691048,"used":1731517690954,"created":1731517690954,"remoteIdentityKey":"BY300t4jEKp+Zk9jr1I2nB81Qq88EW3cegJ57gDoHB1r"},"_chains":{"BXvjtzjOupNhz9pBtvkOGLHxIV1XhYedM/DWpQaMFFZR":{"chainKey":{"counter":0,"key":"B+rJrt7DOubHD3QxySqE8iC7j8vLKMqvhz1KjTBsTKs="},"chainType":1,"messageKeys":{}}},"pendingPreKey":{"signedKeyId":0,"baseKey":"BQZSxkufBCRXKvzdzy8W+JA0JwlNfbi4qlPQqr9+P99q"}},"BVyssa42TjzatvnxhT+fmhjnZaA7ACHoGHdVU5ZO1FoZ":{"registrationId":927408459,"currentRatchet":{"ephemeralKeyPair":{"pubKey":"BQ1lujcAIVKOXUcCeBbgEK6s4IjN3/0kDpSZvIXksA8E","privKey":"CDF/sX1OHGDCrsy/jud+N5PAic8jXnHRwAJpPUNiQkA="},"lastRemoteEphemeralKey":"BSCu8TbzT44YPfBw41N0Nq67ArfevnWGJZl1GBiUR11s","previousCounter":0,"rootKey":"4her6Kw8VTT30DMJWy5kdhYHCNe+tZZe3XVbH0TgLYY="},"indexInfo":{"baseKey":"BVyssa42TjzatvnxhT+fmhjnZaA7ACHoGHdVU5ZO1FoZ","baseKeyType":1,"closed":1731601563570,"used":1731517691046,"created":1731517691046,"remoteIdentityKey":"BY300t4jEKp+Zk9jr1I2nB81Qq88EW3cegJ57gDoHB1r"},"_chains":{"BQ1lujcAIVKOXUcCeBbgEK6s4IjN3/0kDpSZvIXksA8E":{"chainKey":{"counter":2,"key":"gYvBoEFtU+W6jgzMMqBqa1HiquJ4s8L1wWrUQBoR0zU="},"chainType":1,"messageKeys":{}}},"pendingPreKey":{"signedKeyId":0,"baseKey":"BVyssa42TjzatvnxhT+fmhjnZaA7ACHoGHdVU5ZO1FoZ"}},"BRC2+lXA8vvZ7xAhruv0VJgIBpdzqS6j7S0usvREv7AU":{"registrationId":1186945290,"currentRatchet":{"ephemeralKeyPair":{"pubKey":"BRaOLVEE2w7DPvnsvzc9GfFlpqcQcq3e51bpJWiCatM5","privKey":"iC8+efic400WYGbxLk0d5SnI3RCEoSgkAxK4SSJY+Hw="},"lastRemoteEphemeralKey":"BWqjpWzibgN7t4EsgkLQZPXqgX42UTWJqgkwBmoIvHFo","previousCounter":0,"rootKey":"cM7yjz09X+Hyvv9IUWjeH2cNC7d1UeQ5vxQS1B6j22Y="},"indexInfo":{"baseKey":"BRC2+lXA8vvZ7xAhruv0VJgIBpdzqS6j7S0usvREv7AU","baseKeyType":1,"closed":1731601563852,"used":1731601563567,"created":1731601563567,"remoteIdentityKey":"BZX6TOEFHPZbON7TOGulkqrD41IAvtN4a9hJInX8eq5+"},"_chains":{"BRaOLVEE2w7DPvnsvzc9GfFlpqcQcq3e51bpJWiCatM5":{"chainKey":{"counter":0,"key":"I2JRQJp/+LLQnWABWb1opXbYIyrlAdzd2gPLa7xhcjU="},"chainType":1,"messageKeys":{}}},"pendingPreKey":{"signedKeyId":0,"baseKey":"BRC2+lXA8vvZ7xAhruv0VJgIBpdzqS6j7S0usvREv7AU","preKeyId":4306485}},"BQvjsauZoKem6wcvAocDk+yTBK+Nc7OogmwwcmadbiIp":{"registrationId":1186945290,"currentRatchet":{"ephemeralKeyPair":{"pubKey":"BcvK8Zvu+35Qa4iWBtGHXJJTEijrlYSjMBnsDfjSEoQO","privKey":"oK+GOEF5EMdLZX3+T3x500Cjo+/iPcEPqPRckr8KGlM="},"lastRemoteEphemeralKey":"BWqjpWzibgN7t4EsgkLQZPXqgX42UTWJqgkwBmoIvHFo","previousCounter":0,"rootKey":"oyMoqqn9nqDKUlj9IGzCuV7O/8Y//kNRDHoa+cfztsM="},"indexInfo":{"baseKey":"BQvjsauZoKem6wcvAocDk+yTBK+Nc7OogmwwcmadbiIp","baseKeyType":1,"closed":-1,"used":1731601563849,"created":1731601563849,"remoteIdentityKey":"BZX6TOEFHPZbON7TOGulkqrD41IAvtN4a9hJInX8eq5+"},"_chains":{"BcvK8Zvu+35Qa4iWBtGHXJJTEijrlYSjMBnsDfjSEoQO":{"chainKey":{"counter":118,"key":"I0R+Uppjx4FKXDZ2MsDXGEdH5MQpsN2exvODnham2Ag="},"chainType":1,"messageKeys":{}}},"pendingPreKey":{"signedKeyId":0,"baseKey":"BQvjsauZoKem6wcvAocDk+yTBK+Nc7OogmwwcmadbiIp","preKeyId":4306533}}},"version":"v1"}