{"_sessions":{"BbkMWdcydr1B09/k8MTHYVXUFqjL5nHhzI/tW3du/MYt":{"registrationId":6571,"currentRatchet":{"ephemeralKeyPair":{"pubKey":"BVlYCS5IO9T9X1MP24c2XTgfK4vNzFU46kUq0ZhjSzQC","privKey":"8GDQdJRI7yd9QI1ZHNMrRAQ7xNu9pZ9KoTn0BBw2rEc="},"lastRemoteEphemeralKey":"BTqqogjZy+EMH9O9RalkPVenDz/ogMpnQAWdq2trubFb","previousCounter":0,"rootKey":"AG705ijaVPvCue595iVN/wdYkvGCmlpOnd+2w0gppAc="},"indexInfo":{"baseKey":"BbkMWdcydr1B09/k8MTHYVXUFqjL5nHhzI/tW3du/MYt","baseKeyType":1,"closed":-1,"used":1741287009637,"created":1741287009637,"remoteIdentityKey":"BWbNbhe0KyZgqpGsEK3JrBmmCqa7LFnJ9qSX0kqLsdMD"},"_chains":{"BVlYCS5IO9T9X1MP24c2XTgfK4vNzFU46kUq0ZhjSzQC":{"chainKey":{"counter":7,"key":"Jj0UQv3VWYhkDvuxzSoHV1h7gEycmn1T5oLObQoNAlM="},"chainType":1,"messageKeys":{}}},"pendingPreKey":{"signedKeyId":1,"baseKey":"BbkMWdcydr1B09/k8MTHYVXUFqjL5nHhzI/tW3du/MYt","preKeyId":968}}},"version":"v1"}