{"_sessions":{"BTPYX/v6ixDeLA2eETTF6Hmlr/XCaG5C7R+CpgHcpmJa":{"registrationId":875376464,"currentRatchet":{"ephemeralKeyPair":{"pubKey":"BcJOnOe/XDoVr5LUq7xRzXtI0PFkD4TSM6gZ/VFuyLRJ","privKey":"UIPixjZ4TOXawRCfjRp+n3Md7j4FEIZ1ih97/aprtnI="},"lastRemoteEphemeralKey":"BeHrT9z9RMMTWHWClU6QTjDrptcxXLOTiIeW7NG5mDw3","previousCounter":0,"rootKey":"uY0Hmbu9ss5Te3zzOmDfIa+fPUXbO/LVDwvQVWYIK0w="},"indexInfo":{"baseKey":"BTPYX/v6ixDeLA2eETTF6Hmlr/XCaG5C7R+CpgHcpmJa","baseKeyType":1,"closed":-1,"used":1730125094202,"created":1730125094202,"remoteIdentityKey":"BTpC+yOcVhpXV8Wb3dot7vsRCD5EKOkwNrHUR+0pLLJY"},"_chains":{"BcJOnOe/XDoVr5LUq7xRzXtI0PFkD4TSM6gZ/VFuyLRJ":{"chainKey":{"counter":3,"key":"y2Cg0Wx2S4wDlKLlVN7skoFAaiiAjlZAOVJgazHFh9w="},"chainType":1,"messageKeys":{}}},"pendingPreKey":{"signedKeyId":9687777,"baseKey":"BTPYX/v6ixDeLA2eETTF6Hmlr/XCaG5C7R+CpgHcpmJa","preKeyId":24156}}},"version":"v1"}