{"_sessions":{"Bbig3R3kbEFy4eMyBvThVCsX+BnbOgXciiPKgKatdGwv":{"registrationId":1504105431,"currentRatchet":{"ephemeralKeyPair":{"pubKey":"BZXV0wFAdXHQ7LBVDYFzbHVyPljYiPpcQ1xeuz0wT9ZE","privKey":"0L1ziD+kZDrgrvUgFxWXoEgKlP5TOCZUrAL3fs7maXg="},"lastRemoteEphemeralKey":"BTOOa42pJ1xvO1bwrOm1L9WcS9ylBWkCmJ491pFUvtwF","previousCounter":0,"rootKey":"COUrOSBOLD0QX/EMvLfLCCxYaPQ9122r69CkgdWWM7A="},"indexInfo":{"baseKey":"Bbig3R3kbEFy4eMyBvThVCsX+BnbOgXciiPKgKatdGwv","baseKeyType":1,"closed":-1,"used":1729956998894,"created":1729956998894,"remoteIdentityKey":"BZEASnKh9OTScy0zcv6VoKGDCNudHPxA1JPH6wagHalQ"},"_chains":{"BZXV0wFAdXHQ7LBVDYFzbHVyPljYiPpcQ1xeuz0wT9ZE":{"chainKey":{"counter":27,"key":"IMc8Y4hlt9BYlFwf25MTyB+NNthRFjBmK/rnPhpVwQU="},"chainType":1,"messageKeys":{}}},"pendingPreKey":{"signedKeyId":1,"baseKey":"Bbig3R3kbEFy4eMyBvThVCsX+BnbOgXciiPKgKatdGwv","preKeyId":1626}}},"version":"v1"}