{"_sessions":{"Bc828MzfJEnP+lYYy0r2h0vpIZKD51c+iywA1XPAAg8M":{"registrationId":2121990900,"currentRatchet":{"ephemeralKeyPair":{"pubKey":"BbwU1uG/xG6+AZcbv9qaTMQ8ITowDsSpkAmr8GaWQVZ2","privKey":"AGUKwmVfXxCMGD5gqg3EYpSGvoIqo46V6nKeJ7ZPBlk="},"lastRemoteEphemeralKey":"BVEzNWOr1r74cpJ8vaFjfG7J8cbBFzmsGHk21jm88ZE4","previousCounter":0,"rootKey":"nnpjretUI7/YiDFmhZd3O2teyNdyOQKalfKdbdofBgs="},"indexInfo":{"baseKey":"Bc828MzfJEnP+lYYy0r2h0vpIZKD51c+iywA1XPAAg8M","baseKeyType":2,"closed":-1,"used":1730384364491,"created":1730384364491,"remoteIdentityKey":"BY0X5gjYef7KS63rbJBX9YU1tT6c08/eCu10OZCLhvpV"},"_chains":{"BVEzNWOr1r74cpJ8vaFjfG7J8cbBFzmsGHk21jm88ZE4":{"chainKey":{"counter":0,"key":"rd7/gONbKLhNWY8B9uXPfqnoSVoJ/04jQsSDVfO9N84="},"chainType":2,"messageKeys":{}},"BbwU1uG/xG6+AZcbv9qaTMQ8ITowDsSpkAmr8GaWQVZ2":{"chainKey":{"counter":-1,"key":"7uAcUxm7kfmNC9uDs7Ds0UbDRDdqajn3n0Fu9YG9lgM="},"chainType":1,"messageKeys":{}}}}},"version":"v1"}