{"_sessions":{"BYGZe7whJj5KGx5zlbYAMVlTxwfZIs1ifwkpyDYfIRl4":{"registrationId":1996809564,"currentRatchet":{"ephemeralKeyPair":{"pubKey":"BRHyBGbaWOG5LAtddF83g5uAbgUW/QxGJYiIX2aRA49+","privKey":"gCXpPFNbEI/WuueMT3kZaeIxFPo9+63azdi975ofbUo="},"lastRemoteEphemeralKey":"BbEr7SxJjkd7h6ibYfR30TOu6773vaKyR/ppaudbI8Aj","previousCounter":0,"rootKey":"AgZ+9ClOVh3CMJUD4iDuQSZqCxRLK6ckHpdfloDm72U="},"indexInfo":{"baseKey":"BYGZe7whJj5KGx5zlbYAMVlTxwfZIs1ifwkpyDYfIRl4","baseKeyType":2,"closed":-1,"used":1728590980053,"created":1728590747022,"remoteIdentityKey":"BVg9ozsA3OzPvaZud7UBt9pf9Dv3/NidatDie3vJy4FF"},"_chains":{"BaxHS0LG0MvlUAMCQ/RuGbzQbfXduYUQc9tlz4Lh04wj":{"chainKey":{"counter":1},"chainType":2,"messageKeys":{}},"BbccIkcQ4m3HOX2htsnBee5bAAeeViSW16jQ0N55wMYB":{"chainKey":{"counter":1},"chainType":2,"messageKeys":{}},"BSaNF333+Uq//zGV2znmyyEfEmnhvtcTADJzDWOQL3VE":{"chainKey":{"counter":1},"chainType":2,"messageKeys":{}},"BUW/S47SIZMLZKXlQdBxlrTiMXSLPEfzC8VbfOJgZkIY":{"chainKey":{"counter":1},"chainType":2,"messageKeys":{}},"BThssIOs24vBCsjlV/IO5L51UcZeXo2TZnMfgGQVIfNp":{"chainKey":{"counter":1},"chainType":2,"messageKeys":{}},"Bfs3WPtIet/PqKzlBv0G0Jj+FG/eB3EdUjkfi9sMKJQW":{"chainKey":{"counter":0},"chainType":2,"messageKeys":{}},"BQzgg8OYhNXihS2b0oCAwgg1hJL9qydn3qBUnrD1tBgt":{"chainKey":{"counter":0},"chainType":2,"messageKeys":{}},"BQDJm4xT66arm0E7NntBaW4jd0PVdvaZotMNIUOgrgU3":{"chainKey":{"counter":0},"chainType":2,"messageKeys":{}},"BTHt8XdL0r9wrL5bjB+Oi/uMO/jY+2ZWf66whvbU2uc5":{"chainKey":{"counter":0},"chainType":2,"messageKeys":{}},"BWLEPAJj3s13c774UhOPaB1XvCd/9oiqlPShsrIBEI86":{"chainKey":{"counter":0},"chainType":2,"messageKeys":{}},"BfA3JChEKtXrq6O1jRzASmwMbm61Nar127UjwG+1Pz4+":{"chainKey":{"counter":0},"chainType":2,"messageKeys":{}},"BZ/3X6JCH7x2Wo/PwWE8vdjd4K+91u282rCrAOrgWXxD":{"chainKey":{"counter":0},"chainType":2,"messageKeys":{}},"Be8pcP4o3VR1m6TvNAnPbNETmAYsCFOuHdvmiSivA/hb":{"chainKey":{"counter":0},"chainType":2,"messageKeys":{}},"BavHDq7lXW2cjrSkAX6p0wf4tmiTiJoHiTEeMyGpPehF":{"chainKey":{"counter":0},"chainType":2,"messageKeys":{}},"BXk9QFTUV6MjPZuERQPC0zcOskl9uvNWQXJixE65zEo2":{"chainKey":{"counter":0},"chainType":2,"messageKeys":{}},"BUfN1gs1DTQ4zFQY0RMCY6ButJogwWrewIepKI/ozyU/":{"chainKey":{"counter":0},"chainType":2,"messageKeys":{}},"BUqCzAzlvBLq8Q00nopN7eNsatQxtnEzZFoHTGCLvDZ6":{"chainKey":{"counter":0},"chainType":2,"messageKeys":{}},"Bc4Rv7hvF3R6N0mBwwJBGVO32XHygMSshh0npca0GQ1i":{"chainKey":{"counter":0},"chainType":2,"messageKeys":{}},"BfnmXUg/Ut+JThsPmf6Lw1Lk2sxPQ4EGRMqO4MkoQTQU":{"chainKey":{"counter":0},"chainType":2,"messageKeys":{}},"Bc6aXdY+cshY/BMgZRXv6GQ+HJ8S+Tft9I2n8jI4gRN/":{"chainKey":{"counter":0},"chainType":2,"messageKeys":{}},"BQd6HqNzDvVqCYKA6QeLoiAcimQbkQUueyfDXg5B5vwQ":{"chainKey":{"counter":0},"chainType":2,"messageKeys":{}},"BVsjc1g/HemkDcDoE9blg2IcZCIu7YsGpz0+fSqZuKhf":{"chainKey":{"counter":0},"chainType":2,"messageKeys":{}},"BRHUbzarjqUsH5Wv3UDmJfscHB+GpbcVPjtIte8IMDV7":{"chainKey":{"counter":0},"chainType":2,"messageKeys":{}},"BSIv9P2Ixkm3rgNjd38RuiA3PpAuUVZNKtrUNj6RTFsi":{"chainKey":{"counter":0},"chainType":2,"messageKeys":{}},"Bfew2SK8cs1qe0UshALSlw44Njrlf7HPfssiuWc1Uq9m":{"chainKey":{"counter":0},"chainType":2,"messageKeys":{}},"Bb48RZa508bW51blJ8UINWb2gNtd1P/lNt0coZNdbAJ7":{"chainKey":{"counter":0},"chainType":2,"messageKeys":{}},"BUfC8veNSxY+RejUgwu1L0w75Ij/WkWgWCw7smFLm4k9":{"chainKey":{"counter":0},"chainType":2,"messageKeys":{}},"BUU2mc4pCtcp8+MIg57fyfkUcMoWqKNemRGE8+GNSLwl":{"chainKey":{"counter":0},"chainType":2,"messageKeys":{}},"Bc98Bi4zqSvP6zQ7Zj4cs9OpH+wC7PtqeagDy5uR0tdi":{"chainKey":{"counter":0},"chainType":2,"messageKeys":{}},"BTTKvX18fx3z5gnZwcd2lA15idOp4XbE5OmZ0p9jpFM7":{"chainKey":{"counter":0},"chainType":2,"messageKeys":{}},"Bea9ume1mzgLoPJKpQ20e+mPHgxxfuhiM/sXR58dzPJv":{"chainKey":{"counter":0},"chainType":2,"messageKeys":{}},"BT9lgL7/d2h3tMP/StNS0U9Mlhehp3yWfGGtn+eLPFV5":{"chainKey":{"counter":0},"chainType":2,"messageKeys":{}},"BcvhwwM0Kvjkki0zbpN07HNRpalFleVDQi6zVTOKf9p3":{"chainKey":{"counter":1},"chainType":2,"messageKeys":{}},"BWT9OmnQd7TR3FRnflztHo7o0Op0ISGMf4C9hHipS64B":{"chainKey":{"counter":0},"chainType":2,"messageKeys":{}},"BWbkFobEGlu+J1xdirzKqaNHpAXrFxjG/p4nvsOs+BRb":{"chainKey":{"counter":1},"chainType":2,"messageKeys":{}},"BUL5DTfjikGBmERjD4TqUMNWWUlYUFmdnYjfVES1yfFp":{"chainKey":{"counter":0},"chainType":2,"messageKeys":{}},"BQrwUiQcJ7OGLD0W1l+9lVA6dFy/leR2kOQhSrtl2zEd":{"chainKey":{"counter":1},"chainType":2,"messageKeys":{}},"Bar4AU7aTlAjrzAfJfpGWxZ2V/qqYAkemY+ylZhhdV9O":{"chainKey":{"counter":0},"chainType":2,"messageKeys":{}},"BfOZh9YFX8GzXqg3YoS1WWtZ632qGmWGCsafzhozNnUY":{"chainKey":{"counter":1},"chainType":2,"messageKeys":{}},"BduRiRPu2dTVA4+xxiQ4bLNKb15a1Ei0JFMzpM5DQQEe":{"chainKey":{"counter":0},"chainType":2,"messageKeys":{}},"BTus2LVbpBf4FPh8YtbJo0NKryjFi4q475t4piJIs9QS":{"chainKey":{"counter":0},"chainType":2,"messageKeys":{}},"BbEr7SxJjkd7h6ibYfR30TOu6773vaKyR/ppaudbI8Aj":{"chainKey":{"counter":0,"key":"jhWvhn3P0FXEAhLg2laFHQcEV8BDsIRsheG4GNOzkj4="},"chainType":2,"messageKeys":{}},"BRHyBGbaWOG5LAtddF83g5uAbgUW/QxGJYiIX2aRA49+":{"chainKey":{"counter":0,"key":"nbEdOiTCTKOuPIe07GT0h5Xjx1HWV/4IgJ6PXCfJUXg="},"chainType":1,"messageKeys":{}}}}},"version":"v1"}