{"_sessions":{"BVct+sFl5AcUK+KFWgHkoJfG3gVm0c0/t5ScVjMQmy9d":{"registrationId":12185,"currentRatchet":{"ephemeralKeyPair":{"pubKey":"BYL8LZAJjbgulQhulO0bXMlhui3l/HbPSrNeXWve8g0T","privKey":"wAMSVIf/RShoLAMmNtho400rnLzs+i2LrL5mOpP6VF0="},"lastRemoteEphemeralKey":"BZ/7bJZjEtJB7NrlLvaKYx46JEfFdr1sCEkgDms6oJI7","previousCounter":0,"rootKey":"7eW300/VmRSO0bLyibsCu4WRxW8QpPIbx9MhalVNgeQ="},"indexInfo":{"baseKey":"BVct+sFl5AcUK+KFWgHkoJfG3gVm0c0/t5ScVjMQmy9d","baseKeyType":1,"closed":-1,"used":1731417816778,"created":1731417816778,"remoteIdentityKey":"BV1z/gYT8nHxvyXNX8g4UHLtfU6swYx/DHsm4x7qFZ4a"},"_chains":{"BYL8LZAJjbgulQhulO0bXMlhui3l/HbPSrNeXWve8g0T":{"chainKey":{"counter":93,"key":"suRWe39jaz5oGoXEw2dPgKnCcM3p9/zYMDyuctII5LM="},"chainType":1,"messageKeys":{}}},"pendingPreKey":{"signedKeyId":1,"baseKey":"BVct+sFl5AcUK+KFWgHkoJfG3gVm0c0/t5ScVjMQmy9d","preKeyId":191}}},"version":"v1"}