{"_sessions":{"BXHVZa2K/IAeOsvOqffV6qnv2H0j6dNZBnF/dvrv6YM3":{"registrationId":797369310,"currentRatchet":{"ephemeralKeyPair":{"pubKey":"BYtWNJl4WQ08nYilXTzh37dF2RqNvy6Y2xd27bIddh8i","privKey":"sOlWUq5/MPe9qskqSrOVPTNIn40VfU0od0xoPZOStXc="},"lastRemoteEphemeralKey":"BTVlZK4/zZCiGW+Ez9TrHCeOyviL1jacH5bLAUoZfokc","previousCounter":5,"rootKey":"tOrnzRUzBfB/Ffokrj2nTHsv9bciq5jpdOUrsw7UX9E="},"indexInfo":{"baseKey":"BXHVZa2K/IAeOsvOqffV6qnv2H0j6dNZBnF/dvrv6YM3","baseKeyType":1,"closed":-1,"used":1729605593371,"created":1727196719320,"remoteIdentityKey":"BU2/iTxJDrDjYeMtqCoA5xRH5w5aPYqkh4lmNaplcBRh"},"_chains":{"BZppOIzeNWfBe+q6o3d8l2Hq0TG5temtVE0mFISJjuRG":{"chainKey":{"counter":0},"chainType":2,"messageKeys":{}},"BUukJq2XlDDdEx/21kXhnH5GzzvPDdt0U/asfkdJPKVu":{"chainKey":{"counter":1},"chainType":2,"messageKeys":{"0":"oGKcjfTR2sr8yeWeD9pkfW2nVZuRcNGPSSPfwQODKJw="}},"BTVlZK4/zZCiGW+Ez9TrHCeOyviL1jacH5bLAUoZfokc":{"chainKey":{"counter":10,"key":"OFnS+CZHnacOuKW9pqN7qLbI4HMftX7VWf8s7WbxzVQ="},"chainType":2,"messageKeys":{"0":"llp53n3mkbjuezvuh2H2Jh+I29PPRCQK5pmDx+k8q28=","1":"ATlVVxFEYNXCyMJrSLeZ3wSqDAzm4kbWf0bg1xXvmeo=","2":"Ce+Y6C0nHosvehnPCQ8aWDGWvkVfTL7L6TbIhvAGleg=","3":"13IZxA3VcMt3sxNDXt8KtBUQ2eOm7wSE4N6Mukhx78k=","4":"HbvYr39GvSGd0MILPdjtBPiqnsw+/SVBvFuLv71HUkc=","5":"Vc8VyEeIz25IUsD1MEfpztgxET/OshQiPW0gzJIZRa4=","6":"7Mmyd3vGUUX3PoWTCC8V+7DM1OnUyrmkfLLZBpbWMzQ="}},"BYtWNJl4WQ08nYilXTzh37dF2RqNvy6Y2xd27bIddh8i":{"chainKey":{"counter":139,"key":"k2YNJ82MQl0QZr3BO8FLLhhl6I6ZBuiPAdVtMeLy4WM="},"chainType":1,"messageKeys":{}}}}},"version":"v1"}