{"_sessions":{"BTH5XgEPTWsz0FdrjPi1yRsM3x3gGCGuPrWxVTWQwTMv":{"registrationId":8734,"currentRatchet":{"ephemeralKeyPair":{"pubKey":"BSYThMt4S87MrZ8nGjQN3dg18CzEG6zqdQsGJS7JO/4w","privKey":"sJBiFw5MLX/epJkiKw/nMx66BdRW0x6hrH9suyvh8UQ="},"lastRemoteEphemeralKey":"Bb9wO3wI8kfDd41LVQOK/VFR6BkisJZaoKLOVF01FZwS","previousCounter":1,"rootKey":"vq5eY4vuwfptCHAZAS0rPtRnr4o0ydXcn4MFkkHaK7o="},"indexInfo":{"baseKey":"BTH5XgEPTWsz0FdrjPi1yRsM3x3gGCGuPrWxVTWQwTMv","baseKeyType":1,"closed":-1,"used":1731616855158,"created":1731601562923,"remoteIdentityKey":"BVIeEPHkRljQ2GT3MamjrwNVbDfDQOP/PJ2D0EkiZNoE"},"_chains":{"BRgmqzTloCcP/YyAF6aF2qimpjPMaUYqCcRnF1T+fLAA":{"chainKey":{"counter":0},"chainType":2,"messageKeys":{}},"Bb9wO3wI8kfDd41LVQOK/VFR6BkisJZaoKLOVF01FZwS":{"chainKey":{"counter":0,"key":"lE4u+A1Drwd3fVkRa/ucFuZayy7OonJqpE6VcXl8EdI="},"chainType":2,"messageKeys":{}},"BSYThMt4S87MrZ8nGjQN3dg18CzEG6zqdQsGJS7JO/4w":{"chainKey":{"counter":105,"key":"x1luXoZYG7/YkgdTeiX2Xodh5BZjBGGq1N6Nf5XWAj8="},"chainType":1,"messageKeys":{}}}}},"version":"v1"}