{"_sessions":{"BSyZN/1lKhSWvZQpJULcdRYhnA2YQkbJ6YhvBfRGk5Ug":{"registrationId":202801079,"currentRatchet":{"ephemeralKeyPair":{"pubKey":"BZjsizMazCyig6OFA76jyKSZV5EnTYTe3JJyaphEo/VC","privKey":"4BD+6l9lx3VtWj0TEtIZBEO55zOEIksqPyZPvagY5Wo="},"lastRemoteEphemeralKey":"BY7pnmnJEe3H6JvaykDwWO+G9R06ojiwmrsRwf06rAwf","previousCounter":0,"rootKey":"ILM0K1GcxFZK710bv+Dn7jE08Mum2S6+srXcRQW4v3Q="},"indexInfo":{"baseKey":"BSyZN/1lKhSWvZQpJULcdRYhnA2YQkbJ6YhvBfRGk5Ug","baseKeyType":1,"closed":-1,"used":1737036833593,"created":1737036833593,"remoteIdentityKey":"Bfar0eQfViifyoa7/EjWfiAGFGTfew3WD3iA8QX0kilr"},"_chains":{"BZjsizMazCyig6OFA76jyKSZV5EnTYTe3JJyaphEo/VC":{"chainKey":{"counter":1,"key":"ZRgEh3rsuo5V+zks0NVI44ZrzoxAkmTJukNbv6tcvtQ="},"chainType":1,"messageKeys":{}}},"pendingPreKey":{"signedKeyId":13,"baseKey":"BSyZN/1lKhSWvZQpJULcdRYhnA2YQkbJ6YhvBfRGk5Ug","preKeyId":7509219}}},"version":"v1"}