{"_sessions":{"BdC61b+jX7p0X3uP6plAFiYvGhSkfyZJFSb0Oa1I7NMx":{"registrationId":2067973790,"currentRatchet":{"ephemeralKeyPair":{"pubKey":"BS2FR00YLNB7ZGRmSf7sZ1mrvLbvLIVehcs0ei68dIx/","privKey":"WHsTn+VBkwLOKQRPSpPqMlo8iqueYFekzcpe4IV0EWo="},"lastRemoteEphemeralKey":"BdkQvQYqJDGTKQaoA6jcmj44tIbmlv3Snoljp3Mjgsc7","previousCounter":0,"rootKey":"H6qkJj8LhUi8hqruC0NEee8TyPn0gpb0twKSpG5Fgdw="},"indexInfo":{"baseKey":"BdC61b+jX7p0X3uP6plAFiYvGhSkfyZJFSb0Oa1I7NMx","baseKeyType":2,"closed":-1,"used":1729541842724,"created":1729541842724,"remoteIdentityKey":"BZW0sagHi7jCkF3bRE5X48ECS/EiQu2+cWiDnbQG7mgh"},"_chains":{"BdkQvQYqJDGTKQaoA6jcmj44tIbmlv3Snoljp3Mjgsc7":{"chainKey":{"counter":0,"key":"CkQBWqxDPk1lBmlwYLSSC332a3BWOXBpSKmUdHT+ROE="},"chainType":2,"messageKeys":{}},"BS2FR00YLNB7ZGRmSf7sZ1mrvLbvLIVehcs0ei68dIx/":{"chainKey":{"counter":-1,"key":"SJGet5UXbmAhyvFA4VvOT6de21A1UU0YLBa3yLx8P3g="},"chainType":1,"messageKeys":{}}}}},"version":"v1"}