{"_sessions":{"Bd0XDgAnRZBBmAI7WZR1p7C1FcV1I2qu0kS5loDJw9px":{"registrationId":15133,"currentRatchet":{"ephemeralKeyPair":{"pubKey":"BZXkf9fbVYZTWdRtnFDQNqJxlGvGN/dgoTYXFZ92NaJp","privKey":"GDkaIkpQKr/v9WXQ0aIKMGGr3e4i7gcH9F90g9EPbmo="},"lastRemoteEphemeralKey":"BW5zyE+qPjRtECGTLZW+yR1SVM2Ql5lsW71nbTWevYhh","previousCounter":0,"rootKey":"hhqhMi05aeCq93e3YaTBZaq8cYqZCbtwrHldLTOEZIY="},"indexInfo":{"baseKey":"Bd0XDgAnRZBBmAI7WZR1p7C1FcV1I2qu0kS5loDJw9px","baseKeyType":1,"closed":-1,"used":1735848845237,"created":1735848845237,"remoteIdentityKey":"BdVMh1Dyi5CMx0HcvDOINRjYw4jAo8kPAUMima6WDA1P"},"_chains":{"BZXkf9fbVYZTWdRtnFDQNqJxlGvGN/dgoTYXFZ92NaJp":{"chainKey":{"counter":21,"key":"Z0KYl1ukgORtwnYy99Yp1qD1F9cnYB3TwAUIO19By+M="},"chainType":1,"messageKeys":{}}},"pendingPreKey":{"signedKeyId":1,"baseKey":"Bd0XDgAnRZBBmAI7WZR1p7C1FcV1I2qu0kS5loDJw9px"}}},"version":"v1"}