{"_sessions":{"BZRaZt39XGNsOFvC8JJ4S89wbcOpvZZQBedBot1A/UVV":{"registrationId":3087,"currentRatchet":{"ephemeralKeyPair":{"pubKey":"BXt3yX/8w3lYwXQsHSsKmEyNjYWTmWxQKBwRP8gJxqQu","privKey":"eO/yB+ICMPWvYPNKGLEjeZfZ7dVSOJtILIRDXHfdBkI="},"lastRemoteEphemeralKey":"BWClZyMFMasGiAq5NV5DEm0X0Q9iUqGUY0QvXigm4NMD","previousCounter":0,"rootKey":"dTV87+QeOQNM92yGNQMZciv6Xu94/exJP11xwQ6xZFM="},"indexInfo":{"baseKey":"BZRaZt39XGNsOFvC8JJ4S89wbcOpvZZQBedBot1A/UVV","baseKeyType":1,"closed":-1,"used":1731418807387,"created":1731418807387,"remoteIdentityKey":"BXcgLk6CA4czMO04O59a8cl+94wXxVmv0vATidA9sh5p"},"_chains":{"BXt3yX/8w3lYwXQsHSsKmEyNjYWTmWxQKBwRP8gJxqQu":{"chainKey":{"counter":11,"key":"QRKNYE7V1MKZlebmFdjCQ8Z066/M5qskMyhbDE6Cl34="},"chainType":1,"messageKeys":{}}},"pendingPreKey":{"signedKeyId":1,"baseKey":"BZRaZt39XGNsOFvC8JJ4S89wbcOpvZZQBedBot1A/UVV","preKeyId":17}}},"version":"v1"}