{"_sessions":{"BRsyiPJd2qIi+slXf6NbQ7gCEYG6Vot27Q3RHw/W6No0":{"registrationId":10416,"currentRatchet":{"ephemeralKeyPair":{"pubKey":"BXKEWz5UTbQYhKyE6QE+TeSASnATKTBvH6MVNZX/fMIF","privKey":"IOyAXf4a8e37yDPUifFhxb5c2+Yme4vWGFz9g8FgMXM="},"lastRemoteEphemeralKey":"BRt+fiUjgxqIBdIzmHl/k71w5glKNKXqAEjLpjL8vgZM","previousCounter":0,"rootKey":"59DOWuO1cqB8iFcUqw8A1kYaGyLiC5O5kJnxesJl6ec="},"indexInfo":{"baseKey":"BRsyiPJd2qIi+slXf6NbQ7gCEYG6Vot27Q3RHw/W6No0","baseKeyType":1,"closed":-1,"used":1727196711068,"created":1727196711068,"remoteIdentityKey":"BSil6awcz+9cLuI0Aj78KcBOCALOt3S2NOLqu2YMQaoO"},"_chains":{"BXKEWz5UTbQYhKyE6QE+TeSASnATKTBvH6MVNZX/fMIF":{"chainKey":{"counter":11,"key":"o4f8/KflakKaW/rgRuPk2xTYcayLoVmWOtFvaYZ/0y4="},"chainType":1,"messageKeys":{}}},"pendingPreKey":{"signedKeyId":1,"baseKey":"BRsyiPJd2qIi+slXf6NbQ7gCEYG6Vot27Q3RHw/W6No0"}}},"version":"v1"}