{"_sessions":{"BUAaz2gIaxZ/oHSWideiYtmfbUF+9F87mFj8tGwKCDI4":{"registrationId":2103958654,"currentRatchet":{"ephemeralKeyPair":{"pubKey":"BX8LVRUGn5tUQKBBIDTWi/Dm4ZGsVjS5/Lm9FxWCW5cn","privKey":"WJx/JHJ99O5bZkCU8YuF1elgFQZsAMsmvH+EUg8iR10="},"lastRemoteEphemeralKey":"BUVa05wSJsXH2Lh/Wo05pHBQseY+ap6/lodVrIE1k2we","previousCounter":0,"rootKey":"Q7h4n+i8gGkWX0/AiiDkoWgsMA5aPrRXMKkyNVrveTk="},"indexInfo":{"baseKey":"BUAaz2gIaxZ/oHSWideiYtmfbUF+9F87mFj8tGwKCDI4","baseKeyType":1,"closed":-1,"used":1739551413172,"created":1739551413172,"remoteIdentityKey":"BQV+vr1NFqQ6qkphd0CJARQ8TLr0fHflC7MRiWK7c9A4"},"_chains":{"BX8LVRUGn5tUQKBBIDTWi/Dm4ZGsVjS5/Lm9FxWCW5cn":{"chainKey":{"counter":3,"key":"EWVltltaevnWzHInZwoGhhPgjsu+T56tYwyQ+nyVHYI="},"chainType":1,"messageKeys":{}}},"pendingPreKey":{"signedKeyId":15,"baseKey":"BUAaz2gIaxZ/oHSWideiYtmfbUF+9F87mFj8tGwKCDI4","preKeyId":6949220}}},"version":"v1"}