{"_sessions":{"BaEn0v2RAJGS4dONN6c3Xnn/mNQiDDuXeFbbq3N/h0Z2":{"registrationId":11553,"currentRatchet":{"ephemeralKeyPair":{"pubKey":"BUWTDEMpgTNEaHLPGvVJfP+5OS/dR0h5Pjhx0cNR2W1l","privKey":"WNm/G94s1h3dxoFaF1hYBsT7H8+x6qIZy7lhLa2l1WE="},"lastRemoteEphemeralKey":"Bcqsot79DUuKmU+tTeA5y5Fobi3469IiPOjwR1uuzpIG","previousCounter":0,"rootKey":"dk1I1W36JHKqP/Em8S0yHINxyjje3uA2AckTuYcpwP8="},"indexInfo":{"baseKey":"BaEn0v2RAJGS4dONN6c3Xnn/mNQiDDuXeFbbq3N/h0Z2","baseKeyType":1,"closed":-1,"used":1731420535158,"created":1731420535158,"remoteIdentityKey":"Bc6XuXrOhxxkqQVagJmcJEaAHWxo84oqrkp1tZOumHpN"},"_chains":{"BUWTDEMpgTNEaHLPGvVJfP+5OS/dR0h5Pjhx0cNR2W1l":{"chainKey":{"counter":37,"key":"IzqwRbWCZrJnx4hi4I9fhTeVQ3W9wYP9Tzi0xFaoThQ="},"chainType":1,"messageKeys":{}}},"pendingPreKey":{"signedKeyId":3,"baseKey":"BaEn0v2RAJGS4dONN6c3Xnn/mNQiDDuXeFbbq3N/h0Z2","preKeyId":4160}}},"version":"v1"}