{"_sessions":{"BVhtxvJpicZeV/N21euR9pixVD1HlSKUDDY9eqTKOHRv":{"registrationId":3594507208,"currentRatchet":{"ephemeralKeyPair":{"pubKey":"BfHMQdMtmCvMducpmjkM57Dceh2p79KAq5qpdLMUg/oZ","privKey":"uL3FFMJBV2iIQufigEIc269urLaHsjaQp3ACcMtGDnM="},"lastRemoteEphemeralKey":"BaZYVIeF2NnTxrezwH1hdZ2C6E22rIhIyPye+pz83mQS","previousCounter":0,"rootKey":"zWx6gDdWYdVem2o2pX33tUx9W0l5k4mdO4cFwRSonEM="},"indexInfo":{"baseKey":"BVhtxvJpicZeV/N21euR9pixVD1HlSKUDDY9eqTKOHRv","baseKeyType":1,"closed":-1,"used":1732229835390,"created":1732229835390,"remoteIdentityKey":"BThpjKbsrkxuxwuIbEYFfmISYWrEGD5R4pfKEB2cL7An"},"_chains":{"BfHMQdMtmCvMducpmjkM57Dceh2p79KAq5qpdLMUg/oZ":{"chainKey":{"counter":5,"key":"vHvGup3A2/ZmDYIEA13sozmmHPfJUipcJHlcaIMww5E="},"chainType":1,"messageKeys":{}}},"pendingPreKey":{"signedKeyId":11414327,"baseKey":"BVhtxvJpicZeV/N21euR9pixVD1HlSKUDDY9eqTKOHRv"}}},"version":"v1"}