{"_sessions":{"BXk62ESleNU57/rTwLjIdnK9HVSxg2t4/sAtiJqeCGp1":{"registrationId":933,"currentRatchet":{"ephemeralKeyPair":{"pubKey":"BVJ7D4pY0Kx4wZsmjS4yQ8IL8yNSulJ27B8wMDAmHg8W","privKey":"oA7mDuy8Gx0p313Rx+yZZjkdmnvs0G86W01qfdrs+nU="},"lastRemoteEphemeralKey":"BcV/UZedDM8FMpLHOn4m2TYSR/MPnTizbe9YRnbyVSNu","previousCounter":0,"rootKey":"Q7Q/vod15c/JuNz96Ed8ujubwGrWoWxdDk3lKtxnXvc="},"indexInfo":{"baseKey":"BXk62ESleNU57/rTwLjIdnK9HVSxg2t4/sAtiJqeCGp1","baseKeyType":1,"closed":-1,"used":1737491579696,"created":1737491579696,"remoteIdentityKey":"BQXKF38Q18hEzUuZz/Y0zeo9MDQxZ0oOLZyie1IH+8Zb"},"_chains":{"BVJ7D4pY0Kx4wZsmjS4yQ8IL8yNSulJ27B8wMDAmHg8W":{"chainKey":{"counter":14,"key":"14/AAnKvUYZsPDsQeh5SweXTwC5KVgTF6oSJFqWT958="},"chainType":1,"messageKeys":{}}},"pendingPreKey":{"signedKeyId":1,"baseKey":"BXk62ESleNU57/rTwLjIdnK9HVSxg2t4/sAtiJqeCGp1","preKeyId":40}}},"version":"v1"}