{"_sessions":{"BbV/Xm+RJWk4yulbQwVGI1Me7aV/TYW46o6zarJ8Wikd":{"registrationId":11895,"currentRatchet":{"ephemeralKeyPair":{"pubKey":"BVA9Pg8oEVZSaOnDC3xqDnHq+hFVRQqpGVjaS/PQJxRn","privKey":"MOOFFCDFIStAfbJRnNLSRkSTsIr0TsdzCxpTur650n8="},"lastRemoteEphemeralKey":"Bccj93Jd+3+mmoeG7FueBfFvG7HvtS4EmDFLPRzEWEdd","previousCounter":0,"rootKey":"xN3RbyxUYwnhxuRbO1i7g6+a3egPrfMZq+wJSBppIfA="},"indexInfo":{"baseKey":"BbV/Xm+RJWk4yulbQwVGI1Me7aV/TYW46o6zarJ8Wikd","baseKeyType":1,"closed":-1,"used":1733497429153,"created":1733497429153,"remoteIdentityKey":"Bd424X7t9eqxxgHqD4HJH3BxsbW6qlcRldaV/JoPF75Z"},"_chains":{"BVA9Pg8oEVZSaOnDC3xqDnHq+hFVRQqpGVjaS/PQJxRn":{"chainKey":{"counter":2,"key":"xARvxAWow9XCJsZPmG6W+x+9eXXWIKjjfpGYlir/VeU="},"chainType":1,"messageKeys":{}}},"pendingPreKey":{"signedKeyId":1,"baseKey":"BbV/Xm+RJWk4yulbQwVGI1Me7aV/TYW46o6zarJ8Wikd","preKeyId":111}}},"version":"v1"}