{"_sessions":{"BfwGXtX/DEaXexYFCLSMu0d8ZTLCXo7wPYk5+LdqUDYs":{"registrationId":1721042393,"currentRatchet":{"ephemeralKeyPair":{"pubKey":"BWe6cPi9plQsXh335EJeIHW5+IKk+pjR53Lt8t9w3ft1","privKey":"qC9M/0TG0kp5/aABuAXcQPDeSint6RAoxwQyzxdAqGY="},"lastRemoteEphemeralKey":"BdTRBJjYxQDY83TPl4zuEeJ3zvsI3YHzcKlXexErzyAn","previousCounter":0,"rootKey":"qgyLcZhfRR6Dqwb5JtvGmzGtwLFuvqATNyX3Xobyvag="},"indexInfo":{"baseKey":"BfwGXtX/DEaXexYFCLSMu0d8ZTLCXo7wPYk5+LdqUDYs","baseKeyType":1,"closed":-1,"used":1733139785620,"created":1733139785620,"remoteIdentityKey":"BQBH+qU4dm2Gj9W8NMv+A/Qjab9fzT4j3m9V+0biOwd4"},"_chains":{"BWe6cPi9plQsXh335EJeIHW5+IKk+pjR53Lt8t9w3ft1":{"chainKey":{"counter":5,"key":"wNXXQ7pte687ZQkR5VhmyVgBEFXcAVt1kGafoUQ5EZQ="},"chainType":1,"messageKeys":{}}},"pendingPreKey":{"signedKeyId":9708911,"baseKey":"BfwGXtX/DEaXexYFCLSMu0d8ZTLCXo7wPYk5+LdqUDYs"}}},"version":"v1"}