{"_sessions":{"Bd6eCwSv+VjN6CkFiZ+xjIORQ2r5p/csubjBT+wL32FG":{"registrationId":1471970833,"currentRatchet":{"ephemeralKeyPair":{"pubKey":"BZ1gE4c59Nau2z9KYGFmAS5LZ6u3q4e+I5jfLbjTJgVR","privKey":"cDJ8zhmKg80zG0UvnOYA/RQ3we0bdK2/W+d72fbI/Vs="},"lastRemoteEphemeralKey":"BRMPNlTkyUOrwk/GFk27msDHWu3x4S9KMSuffRbzazoM","previousCounter":0,"rootKey":"Kb6ZbEc4U2+euy6b3tXYuxU0Xp0lN1AKDPzZr/zyaWU="},"indexInfo":{"baseKey":"Bd6eCwSv+VjN6CkFiZ+xjIORQ2r5p/csubjBT+wL32FG","baseKeyType":2,"closed":-1,"used":1727386379113,"created":1727386379113,"remoteIdentityKey":"BYZ9JmSjW+QN86OHW3MtPmdJcbjjLVu5Yn+S54Gul8Fm"},"_chains":{"BRMPNlTkyUOrwk/GFk27msDHWu3x4S9KMSuffRbzazoM":{"chainKey":{"counter":0,"key":"0kva7xOYJWHNknj6XplzgKc5BL1Vf3ybWwUwhK++/xM="},"chainType":2,"messageKeys":{}},"BZ1gE4c59Nau2z9KYGFmAS5LZ6u3q4e+I5jfLbjTJgVR":{"chainKey":{"counter":-1,"key":"7veoFpMcBGio1A8+cOXWNzECyAKnLCfzoxkkd7ervfk="},"chainType":1,"messageKeys":{}}}}},"version":"v1"}