{"_sessions":{"BYY5rv3zzQbN7r+OVRpzywShIuJUH6uHTOqI0oDSXp8F":{"registrationId":15929,"currentRatchet":{"ephemeralKeyPair":{"pubKey":"BfaujWk3bOshTEz2gB88Kh1ZZA/kHafYWvZj5E6yEuYG","privKey":"qPIsVC0+PiTDrqIfErf38NpxUyHKbl624tItFq8y/04="},"lastRemoteEphemeralKey":"BUg121ovsIeK2lAuKqicEuMSGhBUhCzx5VJhzCNjuIVS","previousCounter":0,"rootKey":"kJEVmH/+0WDiSkZj5jkb64ZwKcWafdESiiKLoQG4quI="},"indexInfo":{"baseKey":"BYY5rv3zzQbN7r+OVRpzywShIuJUH6uHTOqI0oDSXp8F","baseKeyType":1,"closed":-1,"used":1730394308469,"created":1730394308469,"remoteIdentityKey":"Ba4D8Jh+H1b35z6zoJer6QRWGrzSORMLIpZne/bmG+51"},"_chains":{"BfaujWk3bOshTEz2gB88Kh1ZZA/kHafYWvZj5E6yEuYG":{"chainKey":{"counter":2,"key":"+M1GYKqfKYNr8CjqHOlf+XiVZ4UJ0pZhTMpf9DunozU="},"chainType":1,"messageKeys":{}}},"pendingPreKey":{"signedKeyId":1,"baseKey":"BYY5rv3zzQbN7r+OVRpzywShIuJUH6uHTOqI0oDSXp8F","preKeyId":893}}},"version":"v1"}