{"_sessions":{"BfuHiHIGQwaPBgzO8PBDC7GBvBwLAz1tuY3wHv/1cVln":{"registrationId":1694617925,"currentRatchet":{"ephemeralKeyPair":{"pubKey":"BXqUAogulGC1XPoj4F2SS8QxWdfjk3/JfednNmxFAU58","privKey":"gPyiHDCWBP6RWj9rS2RbcBj+eUehJNns7ch6qjd+sW8="},"lastRemoteEphemeralKey":"BaqlmL+p8kCoIkD6rI2PP9Xpv+G7m0eEc1GFwS7vXngn","previousCounter":0,"rootKey":"R0DazrXLTvvxysF7XOsZ/fwYR4okR76sEpYYa2ea0Zg="},"indexInfo":{"baseKey":"BfuHiHIGQwaPBgzO8PBDC7GBvBwLAz1tuY3wHv/1cVln","baseKeyType":1,"closed":-1,"used":1732802799922,"created":1732802799922,"remoteIdentityKey":"BasUojwHG998pd55beWt348foaHIPAGFVQbvHjp66zBX"},"_chains":{"BXqUAogulGC1XPoj4F2SS8QxWdfjk3/JfednNmxFAU58":{"chainKey":{"counter":1,"key":"EW2JC05mvRTOrWwPDkW/R+gPNHEWe/AqIoAY5BTbKNM="},"chainType":1,"messageKeys":{}}},"pendingPreKey":{"signedKeyId":11,"baseKey":"BfuHiHIGQwaPBgzO8PBDC7GBvBwLAz1tuY3wHv/1cVln","preKeyId":7811586}}},"version":"v1"}