{"_sessions":{"BV0R0KGIETSCKxlaOh2DVayAuSxy029ftUMRtZ/uF3c/":{"registrationId":7012,"currentRatchet":{"ephemeralKeyPair":{"pubKey":"BYegZrXERipJhI38RUXcrxKokEjrp6mFpFe10uBFYQh6","privKey":"SH2WEBD2k0elqfZHVpd8oHwb0/02VLz81Y6xkDIZZEE="},"lastRemoteEphemeralKey":"BV0K9NtwJ5mAvY+kB72DCquTd1Gthlsxaeggx0mS6T5w","previousCounter":1,"rootKey":"UOwaYEtO2ekMUh18VuWQ85/LfoZk5OGeaeDPIP5c4jU="},"indexInfo":{"baseKey":"BV0R0KGIETSCKxlaOh2DVayAuSxy029ftUMRtZ/uF3c/","baseKeyType":1,"closed":-1,"used":1731428966986,"created":1727628649930,"remoteIdentityKey":"BVvPqT+/eGTVu02Od7GdQIdl0w6mzGlhyhOjmgD3y71U"},"_chains":{"BdLDzCovUBkmJI2jCruI0rG7aljwSfiMyzG5Ygr/cQUy":{"chainKey":{"counter":0},"chainType":2,"messageKeys":{}},"Bf4nBTGK06q704ExkmGFvKstW6DsPNol28Ykg9e+b3Rz":{"chainKey":{"counter":0},"chainType":2,"messageKeys":{}},"BWIOIw2EGyui0NPbtcpUs4zrMCsjZWdl1/V68u14lToC":{"chainKey":{"counter":0},"chainType":2,"messageKeys":{}},"BW/B6utioGdNbkJeaN8jHLPBdx5jDaSxCfjaYuwfXp8E":{"chainKey":{"counter":0},"chainType":2,"messageKeys":{}},"BTA5Hj6YVVQGUSaG+OJzvOSM53ZrmUbQFPmJyhtvK3pp":{"chainKey":{"counter":0},"chainType":2,"messageKeys":{}},"BVAw+7VczBUF6CqO1krDSdKa5W+pfFmi1tBqzK09REtF":{"chainKey":{"counter":0},"chainType":2,"messageKeys":{}},"BXL60QwzJ4zNx3gq/gA2akI5YmAzkCvQdzWCOzFmTWUH":{"chainKey":{"counter":0},"chainType":2,"messageKeys":{}},"BTJ9nbyqr45i5POqidVGTeJjFcIBsQr+jzi8jm4/K5Ml":{"chainKey":{"counter":0},"chainType":2,"messageKeys":{}},"BURt2TBYMm2YwDCOUiKn8j4yqRo7YncvEdxUp2/cdBQw":{"chainKey":{"counter":0},"chainType":2,"messageKeys":{}},"BVRNoRzleVH3nP72SHg0Vr5kZirLbNYkB0CoFAJpHE0R":{"chainKey":{"counter":0},"chainType":2,"messageKeys":{}},"BX51kWKpMFOI3T43Iii5lQSkoPNHmAgwk4D7rWc/O7cO":{"chainKey":{"counter":0},"chainType":2,"messageKeys":{}},"BQiapMD0nD4LI1EtqUhSEpC0aRkp9EF1ZJH9mh/6olEe":{"chainKey":{"counter":0},"chainType":2,"messageKeys":{}},"BV3Sdzi+YeBbS+AwPMKlqhB9NE9pJnuCWY2yGJgTCH0L":{"chainKey":{"counter":0},"chainType":2,"messageKeys":{}},"BWI7Na4Oe1jgyGbWBwfYC16yqJuh3kjlrlsxjQG8iChW":{"chainKey":{"counter":1},"chainType":2,"messageKeys":{"0":"rUO5M17mrSt2CkqDNbrMQbCV0T/GENrvCL+SMErkrxc="}},"BSaDGq64vByhvrLkQOzGx0BGI7ew+NduPZ5YMcHF9Awx":{"chainKey":{"counter":0},"chainType":2,"messageKeys":{}},"BSk/399s2lBSmz5oM9AZ2ZRaAlu7J9o/IyYSmAYNwQ9P":{"chainKey":{"counter":0},"chainType":2,"messageKeys":{}},"BbuPS/aYHUmBEjBVkTKi+2N/rDvcPkd/taaZwmy1wKUu":{"chainKey":{"counter":0},"chainType":2,"messageKeys":{}},"BV0K9NtwJ5mAvY+kB72DCquTd1Gthlsxaeggx0mS6T5w":{"chainKey":{"counter":0,"key":"W85CmAijVCwox1NLfNHWFgx+nF1cdjfiAn4V+UhhE0E="},"chainType":2,"messageKeys":{}},"BYegZrXERipJhI38RUXcrxKokEjrp6mFpFe10uBFYQh6":{"chainKey":{"counter":5,"key":"Bn/2pw455mJ+//xhXlOM307IeOTyZufLQO8XtRcbEXw="},"chainType":1,"messageKeys":{}}}}},"version":"v1"}