{"_sessions":{"BRqT9OxWoG9zMHfzWCuNIqzdodMhTlUSOJrdSTqvnc4v":{"registrationId":16241,"currentRatchet":{"ephemeralKeyPair":{"pubKey":"BaX6wNdy8gPlYEZjC8cT5d35tv5FeYTcLcyHt4hXzwpC","privKey":"INZnjWlKr+VtK5+FEfKyqRR9gSMLvsODVXK/yGJOXEQ="},"lastRemoteEphemeralKey":"Be1Mg5wi2dU1DVsuFRn48/eu8LrYXoth6YN6bnv9+rl1","previousCounter":0,"rootKey":"AngfCj7E2YoZrqf4h9g9RpRF+AjgM0OPtZF2my5Ru9w="},"indexInfo":{"baseKey":"BRqT9OxWoG9zMHfzWCuNIqzdodMhTlUSOJrdSTqvnc4v","baseKeyType":1,"closed":-1,"used":1737740086823,"created":1737740086823,"remoteIdentityKey":"BT2BJ3cBUJYWFjJmYULqrI1QfRbz9fQK7NVdfVQRXE5w"},"_chains":{"BaX6wNdy8gPlYEZjC8cT5d35tv5FeYTcLcyHt4hXzwpC":{"chainKey":{"counter":2,"key":"0ton1xOoj9uCm42TzJWurADXvtquG2n5K64x42a78CE="},"chainType":1,"messageKeys":{}}},"pendingPreKey":{"signedKeyId":1,"baseKey":"BRqT9OxWoG9zMHfzWCuNIqzdodMhTlUSOJrdSTqvnc4v"}}},"version":"v1"}