{"_sessions":{"BYMj/+TH49RhRMIi1R3x9TsuHfnV81JNB8kI4tbqol5k":{"registrationId":7414,"currentRatchet":{"ephemeralKeyPair":{"pubKey":"BSxOfnFcK7R2anjYqOdkDJISEue0KtZFuwpZDvedtXBt","privKey":"GENQvzv7R2s4Ggp1XhvNa4ne/QOvkW6/rHg3u7xAVEg="},"lastRemoteEphemeralKey":"BVNSxlTvTDznbQWR97h794IFL2zsdyieWzS7mxUg3psa","previousCounter":0,"rootKey":"LbrFrG3z3mxLmCrFpruXpTrn4NvKyKHrm8mjvNUx0Oo="},"indexInfo":{"baseKey":"BYMj/+TH49RhRMIi1R3x9TsuHfnV81JNB8kI4tbqol5k","baseKeyType":2,"closed":-1,"used":1729546964537,"created":1729546964537,"remoteIdentityKey":"BXl3AneN7Rgbre2078/ua8M6MQ2dcyX2TqdjVM/OWx0S"},"_chains":{"BVNSxlTvTDznbQWR97h794IFL2zsdyieWzS7mxUg3psa":{"chainKey":{"counter":0,"key":"zaeMmoR/RZFkh6eDU81755AEVEDXFono0AcQ0ZGjiHo="},"chainType":2,"messageKeys":{}},"BSxOfnFcK7R2anjYqOdkDJISEue0KtZFuwpZDvedtXBt":{"chainKey":{"counter":-1,"key":"SG/sCM8y1OWmZq9XUoI6loxP1dEiyCGP05fg5N42Uuo="},"chainType":1,"messageKeys":{}}}}},"version":"v1"}