{"_sessions":{"BS/6GigcpTh94Loq0GdfrLhHTS50SteUQ/lmOIfyHdAk":{"registrationId":9091,"currentRatchet":{"ephemeralKeyPair":{"pubKey":"BYhyVtxNBKw//TYWw2YfLVbTAt/zZ9o41YoLAlGtOGUx","privKey":"2KE62bO+pvOSN7qiZce3IHIgWY1tw9jDg4Aw0KeKrWg="},"lastRemoteEphemeralKey":"BQoY2HU4HrfKleRqQbwxOA4ibqjVU6NQSfNu+1597QJp","previousCounter":0,"rootKey":"p2ZdE+MZqdjUjanRT6IGwS/9aGWeK5HzUT4DaZjxFJU="},"indexInfo":{"baseKey":"BS/6GigcpTh94Loq0GdfrLhHTS50SteUQ/lmOIfyHdAk","baseKeyType":1,"closed":-1,"used":1728318925434,"created":1728318925434,"remoteIdentityKey":"BQ0OzT159bHooopQwhzB3ZpAYCz0BxwK7x+t4n9Ln0x2"},"_chains":{"BYhyVtxNBKw//TYWw2YfLVbTAt/zZ9o41YoLAlGtOGUx":{"chainKey":{"counter":1,"key":"qE6lSPWr5Ca5wPnyIarGH+C0t2cnnGn2crl4gA8hPjA="},"chainType":1,"messageKeys":{}}},"pendingPreKey":{"signedKeyId":1,"baseKey":"BS/6GigcpTh94Loq0GdfrLhHTS50SteUQ/lmOIfyHdAk","preKeyId":307}}},"version":"v1"}