{"_sessions":{"BfDhfuMS0UrwfVaI+0NgX8Qgz2/z26sPzkSscZhlo744":{"registrationId":678812370,"currentRatchet":{"ephemeralKeyPair":{"pubKey":"BYrzwjwGZlc9JbzCLBRF82ekiEMiLjW6hoyzxWIIlywh","privKey":"kLxpiWqnUsvMCvrbqpGuJqH15r6K35LwDKhEnXEOrWU="},"lastRemoteEphemeralKey":"BbH1nadKjDsSKtRWX+LbfnAo0phA5eeIPav+O93Bc0tp","previousCounter":0,"rootKey":"FRV7vmcCko4Vxv6vtl3tmCGwRuqS/8KPdMEhBbJFmFU="},"indexInfo":{"baseKey":"BfDhfuMS0UrwfVaI+0NgX8Qgz2/z26sPzkSscZhlo744","baseKeyType":1,"closed":-1,"used":1731420534675,"created":1731420534675,"remoteIdentityKey":"BYLECJMLUCOFqEoFKxlB6bpyApURL2YIiC4PXrhrsalh"},"_chains":{"BYrzwjwGZlc9JbzCLBRF82ekiEMiLjW6hoyzxWIIlywh":{"chainKey":{"counter":5,"key":"KdQpoImyc8WhKvv7ye0oXjEzZA/PyC1JVmf2iF5O8MI="},"chainType":1,"messageKeys":{}}},"pendingPreKey":{"signedKeyId":9,"baseKey":"BfDhfuMS0UrwfVaI+0NgX8Qgz2/z26sPzkSscZhlo744","preKeyId":11000330}}},"version":"v1"}