{"_sessions":{"BfOD68rSBGsD1hzY0qFDPvi8w679n46vUvM9iUmGTRVe":{"registrationId":1891050901,"currentRatchet":{"ephemeralKeyPair":{"pubKey":"BQA6sHVOWxPXT5BvAkP0Uw6diMlaEh9HlTAgFsFrhuEc","privKey":"oJlIWcr6821Uvmc4lQjPbzl2xSK279NJcsoMJzo+7kk="},"lastRemoteEphemeralKey":"BWOdoEVdEyzFCNchOLSgXuDp8cqXjZNLMIjp4KfJjXdr","previousCounter":0,"rootKey":"Onk05Rcj3qjEqykxIjHGSU97FVTnRyoZamFcMsOLO5E="},"indexInfo":{"baseKey":"BfOD68rSBGsD1hzY0qFDPvi8w679n46vUvM9iUmGTRVe","baseKeyType":1,"closed":-1,"used":1727761615981,"created":1727761615981,"remoteIdentityKey":"BRVdIbbc6+2cZQm9Ao/yz2V4v83aCI7Dke4m5Rg8ZpIW"},"_chains":{"BQA6sHVOWxPXT5BvAkP0Uw6diMlaEh9HlTAgFsFrhuEc":{"chainKey":{"counter":9,"key":"3Nzc0jEQPrzyBzq9TvYMrxCEJZBSKofJMTJDYhOSWmQ="},"chainType":1,"messageKeys":{}}},"pendingPreKey":{"signedKeyId":1,"baseKey":"BfOD68rSBGsD1hzY0qFDPvi8w679n46vUvM9iUmGTRVe","preKeyId":92}}},"version":"v1"}