{"_sessions":{"BQ7R2sRBjE1wMvlL+TcRNQwh77WLhxHTQVtfdLGQJ35v":{"registrationId":6854,"currentRatchet":{"ephemeralKeyPair":{"pubKey":"BT2DlYq4X4tG+3CnmDiHmtLaYHmozr3U51XzzFfYWu4A","privKey":"6BFtAiNfaRcgUwarGYYF4KYH1YOS0bxrCF9sk8v2JXw="},"lastRemoteEphemeralKey":"BXbYV4P2TqhnXOeXJ8BDViXl5xE8Y2WPoMz4b54Amu5d","previousCounter":0,"rootKey":"qjtqgg0pm6NYf8q12AfWbEByGZOWBO9pt7NbTuTJhBU="},"indexInfo":{"baseKey":"BQ7R2sRBjE1wMvlL+TcRNQwh77WLhxHTQVtfdLGQJ35v","baseKeyType":1,"closed":-1,"used":1738978659815,"created":1738978659815,"remoteIdentityKey":"BRmK/Om1fE+3N/2h9in/zsaX1o4Dh+GqVzWs5nuEMC1E"},"_chains":{"BT2DlYq4X4tG+3CnmDiHmtLaYHmozr3U51XzzFfYWu4A":{"chainKey":{"counter":5,"key":"shtgWk82x0Ise5386VX+2Cve8SsXWfOu/U8K2IBQN8k="},"chainType":1,"messageKeys":{}}},"pendingPreKey":{"signedKeyId":1,"baseKey":"BQ7R2sRBjE1wMvlL+TcRNQwh77WLhxHTQVtfdLGQJ35v","preKeyId":300}}},"version":"v1"}