{"_sessions":{"BeeautVUn/vEqKYZMi4SCPX6H6kXb2dkkSWlWRH0O6sq":{"registrationId":2926,"currentRatchet":{"ephemeralKeyPair":{"pubKey":"BZIyQX9PS0GlH7+cqmr6clxOB/Ramz2Gbk2dwzLBcSUv","privKey":"CBntrUd0p0SDLwhlpM9RyuwMi42Fy/UeHzRdE8qMxGE="},"lastRemoteEphemeralKey":"Bdt66xaRUV0RvtI4CCOQ3H1jIP6p1cCOVAAelIAxzk5N","previousCounter":0,"rootKey":"yBkEdGJCtOK4K6f0lINgaQ9CoL1INbVoP1QQ5pz7W4g="},"indexInfo":{"baseKey":"BeeautVUn/vEqKYZMi4SCPX6H6kXb2dkkSWlWRH0O6sq","baseKeyType":1,"closed":-1,"used":1732137453772,"created":1732137453772,"remoteIdentityKey":"BZV9GOp9lF9IYUrqGie3fVoJt1aRXe0W126UNmxVMYYp"},"_chains":{"BZIyQX9PS0GlH7+cqmr6clxOB/Ramz2Gbk2dwzLBcSUv":{"chainKey":{"counter":31,"key":"uugHseDEac7a5FYBImPhkODMrjbFgzC8iF3cJ+H62Hg="},"chainType":1,"messageKeys":{}}},"pendingPreKey":{"signedKeyId":1,"baseKey":"BeeautVUn/vEqKYZMi4SCPX6H6kXb2dkkSWlWRH0O6sq","preKeyId":199}}},"version":"v1"}