{"_sessions":{"BZhrV4J6B64Rt3o4wTuocGlnV5vwogFuZSx5CcKRlQtn":{"registrationId":584654983,"currentRatchet":{"ephemeralKeyPair":{"pubKey":"BZfPYEPrwdOEJg1/Hy9zR0bRv/XitaYQYAiV36+GMqUC","privKey":"iCd4chXkLf0kSrz1SRPBucHNhY97UTiDHrAm8EjGDlA="},"lastRemoteEphemeralKey":"BYcmsLT0oLHD9egJi7o1WDFNLIiidT+lKvDmeccdpJVQ","previousCounter":0,"rootKey":"hUHT7/PdnMepsFcSnF/UIRWkcPDXF9/pJj7piDPda/o="},"indexInfo":{"baseKey":"BZhrV4J6B64Rt3o4wTuocGlnV5vwogFuZSx5CcKRlQtn","baseKeyType":1,"closed":-1,"used":1739561599171,"created":1739561599171,"remoteIdentityKey":"Bb3fEEuvfSEDYrIzJKJtHtkQAt5y1xt9QHNv7T0MsOQ9"},"_chains":{"BZfPYEPrwdOEJg1/Hy9zR0bRv/XitaYQYAiV36+GMqUC":{"chainKey":{"counter":1,"key":"fVvRhmEMhcVn2Skf+lUhMRRuB8wKyuXDxF1QKvZ6Y3s="},"chainType":1,"messageKeys":{}}},"pendingPreKey":{"signedKeyId":48,"baseKey":"BZhrV4J6B64Rt3o4wTuocGlnV5vwogFuZSx5CcKRlQtn","preKeyId":14821503}}},"version":"v1"}