{"_sessions":{"Bd2gIj7o4XoScGXlvcq89F54VOquLR2UKrMTaWL6xbYp":{"registrationId":13735,"currentRatchet":{"ephemeralKeyPair":{"pubKey":"BYpKxlM16DqPg7ZmDuvM2XnyxDoYlkgXlBHkSRq/sChA","privKey":"oMeQ44Pu9/GoduOCd5fmJigB+V26a4LKszw23pUP4Gk="},"lastRemoteEphemeralKey":"Bd7+85yWgmFzh6T+o9UAuIjrX8FsGwc0Jqny5T57Ollo","previousCounter":0,"rootKey":"DVPYS2KPOKfXNWPHYinaOZYA5xrEr/Wj6BkN3stF0FE="},"indexInfo":{"baseKey":"Bd2gIj7o4XoScGXlvcq89F54VOquLR2UKrMTaWL6xbYp","baseKeyType":1,"closed":-1,"used":1732223334777,"created":1732223334777,"remoteIdentityKey":"BU3rut5vP8HzJ/VHfcVB7NFnimg22RzdM9BCQxWaf2cf"},"_chains":{"BYpKxlM16DqPg7ZmDuvM2XnyxDoYlkgXlBHkSRq/sChA":{"chainKey":{"counter":84,"key":"STXeuYWe2SzZuHemEXSgTbJr4Jua7IC8oGaCqgMXaCg="},"chainType":1,"messageKeys":{}}},"pendingPreKey":{"signedKeyId":1,"baseKey":"Bd2gIj7o4XoScGXlvcq89F54VOquLR2UKrMTaWL6xbYp","preKeyId":112}}},"version":"v1"}