{"_sessions":{"BXgDcd3NVqqnuZT7MPfU2EnZimlvEAJ2iY+/VDfhDlsM":{"registrationId":3703,"currentRatchet":{"ephemeralKeyPair":{"pubKey":"BZEi5+/seF4xkdMZhugD2zF/SkILK2sRmUpX8nEBQmJ2","privKey":"GCrcgo3/VOOTgdlXgb4CYlK6Tof0u2EjfD7h7AEHAHA="},"lastRemoteEphemeralKey":"Ba54ymJ96ZPiHUoLdPumC4JLIgF4DakCcq8YXs7zWVgg","previousCounter":0,"rootKey":"jkbY/YYJCOGezTKyPBVDNE7spZ8EqLCfb+lQ+zMXW54="},"indexInfo":{"baseKey":"BXgDcd3NVqqnuZT7MPfU2EnZimlvEAJ2iY+/VDfhDlsM","baseKeyType":1,"closed":-1,"used":1738978659807,"created":1738978659807,"remoteIdentityKey":"BbM/jFhJfTciUQs7YBYZWpAiBf+ixYfFNy5N3E4dAyUo"},"_chains":{"BZEi5+/seF4xkdMZhugD2zF/SkILK2sRmUpX8nEBQmJ2":{"chainKey":{"counter":5,"key":"iqlYSMw2ianEDb7Oyppkadcpm6lYPr1l0N7lvXQOudc="},"chainType":1,"messageKeys":{}}},"pendingPreKey":{"signedKeyId":1,"baseKey":"BXgDcd3NVqqnuZT7MPfU2EnZimlvEAJ2iY+/VDfhDlsM","preKeyId":163}}},"version":"v1"}