{"_sessions":{"BUomEiESJcMlNvuoecDY2qQ0HsMcfMPp3Zvbsf2Indcq":{"registrationId":798893186,"currentRatchet":{"ephemeralKeyPair":{"pubKey":"BUiXQJuRajrF4JYvBrHrxL/30pRnGjbtHDp/3/pYrFQC","privKey":"kO42XeDENQfwdFMrJ1etB16j+9qaDk7cHD/DgW8J3Us="},"lastRemoteEphemeralKey":"BUzblGQyhu4lf6tJ8Z9NM7rV6t1nayOlf/oZc+U0ZgAn","previousCounter":5,"rootKey":"udHPRtaMS/JN3tgY1vh+1iVW4lZI5zZqNw8yEiQpKNo="},"indexInfo":{"baseKey":"BUomEiESJcMlNvuoecDY2qQ0HsMcfMPp3Zvbsf2Indcq","baseKeyType":1,"closed":-1,"used":1738993369838,"created":1727196714916,"remoteIdentityKey":"BUORgvtWntdOXZxOMKmoRx5HbBfc5z8ezPDrbXka6/FZ"},"_chains":{"BYS/vjvWvU4bK9LbQW7hiGa3OKwLcBDpj/FU9/Xzcitj":{"chainKey":{"counter":1},"chainType":2,"messageKeys":{"0":"ifjCogaGlxA+cOYtit6V6JFtMiPgTsJ4VZPLSwQdGZw="}},"BRoCMp+TiW6pvoge9YD5XILCOVg7Cu6gjEak0kEE18R8":{"chainKey":{"counter":2},"chainType":2,"messageKeys":{"0":"piNkJGizeZCcrRlLSBhx/C5XbNoQWTYfLanH2Lnl43w=","1":"KqRmzYvmU4Tya2v524oGkEpbV/NhERskmiEDrEwfrlQ="}},"Bev1eiWemBkktlZpkdRWP3TbWpTdc845A003hShdswV9":{"chainKey":{"counter":0},"chainType":2,"messageKeys":{}},"BQEb8XPK1BDYQDryWi8SfA2JoL9azbH5eX8NB+Lz7mdb":{"chainKey":{"counter":1},"chainType":2,"messageKeys":{}},"BfX/Ifnrryf8+A/ELQj6WZ1xGT6DrBxaKmYfHFv/rLoD":{"chainKey":{"counter":0},"chainType":2,"messageKeys":{}},"BeoL2/RqUwy6UIVosGP3CjwdQMc/9kv7MnyJwmL36Ykm":{"chainKey":{"counter":2},"chainType":2,"messageKeys":{"0":"K+5G0tIahi8JvVV8hIs219seqj0IrLVIKMjxDcASZSY="}},"BdQVsVGlsGFRQKE0iX73XwiNMyWpoc3l4N9EX3Ya7v4w":{"chainKey":{"counter":1},"chainType":2,"messageKeys":{"0":"n8g2vKXGecyp9cBvfsIdqPcWPsLuluqU7+d9jUFIhgg="}},"Ba0d3qCJFhJojXDrFHee6Ruu9c/FEtd6gsMrDMCEMC0E":{"chainKey":{"counter":0},"chainType":2,"messageKeys":{}},"BX82KpaKFR5uCz7voEg312XN4TwI1xAbw6SyqFrQnDQ6":{"chainKey":{"counter":2},"chainType":2,"messageKeys":{"0":"CP/JLOdvDkcw4xLSUHvV+KYBE6N3F+F8upRrXxQMGTM=","1":"eROR+CycNClEYjZLPGf3GQlWvwk3/0FNucY2vWJIvlk="}},"BUzblGQyhu4lf6tJ8Z9NM7rV6t1nayOlf/oZc+U0ZgAn":{"chainKey":{"counter":0,"key":"fbLGLMWw7yyQdzcJPzy43pqcvR0VQ5Z6+Nxa7yR47FM="},"chainType":2,"messageKeys":{}},"BUiXQJuRajrF4JYvBrHrxL/30pRnGjbtHDp/3/pYrFQC":{"chainKey":{"counter":14,"key":"CI1LGXvriOChsRvQlrYFo6UCurYOSIjIaHc0krafVpU="},"chainType":1,"messageKeys":{}}}}},"version":"v1"}