{"_sessions":{"BSq+Bz0De269n89k4uZisNDg4NzMhM7HVzp9sqfOf9xX":{"registrationId":9,"currentRatchet":{"ephemeralKeyPair":{"pubKey":"Bf4hzt9blEEPtuz1BreJV8eOPrWa6zJ1UREisQdXVfJm","privKey":"cJp0lFKDNEtRmgMiAyXqufglWvsZuDNeoXiHBYp4Pls="},"lastRemoteEphemeralKey":"BUb7EZus0gBAdwQo+KZeDQ9C6d2KcM6sHLKVPAYIiJgx","previousCounter":0,"rootKey":"lZnj2iksoTAa6oNHxRlvmwoUs6AV7TZtEaqbMupyZI0="},"indexInfo":{"baseKey":"BSq+Bz0De269n89k4uZisNDg4NzMhM7HVzp9sqfOf9xX","baseKeyType":1,"closed":-1,"used":1729542207077,"created":1729542207077,"remoteIdentityKey":"BfHr+I/aCm4784zAITa0gENvaduIXCof8SrqGXumTtc+"},"_chains":{"Bf4hzt9blEEPtuz1BreJV8eOPrWa6zJ1UREisQdXVfJm":{"chainKey":{"counter":11,"key":"5SBVRMk0J7cCqF3gaUblBadk5sgHNPntQGpCtMu6oWE="},"chainType":1,"messageKeys":{}}},"pendingPreKey":{"signedKeyId":1,"baseKey":"BSq+Bz0De269n89k4uZisNDg4NzMhM7HVzp9sqfOf9xX","preKeyId":66}}},"version":"v1"}