{"_sessions":{"BUoYp/1E9xNjflVHsvWhss03sI6W5iZ8MGCJ2VLNhDEA":{"registrationId":1169192120,"currentRatchet":{"ephemeralKeyPair":{"pubKey":"BX4S6MO5AwmjFf+PQY6H9XeK0D5Sz7Ey0RX+UgdSf5YT","privKey":"UJNcZW1tkqABqAvEMkutYt2RJqcavXu96blJ9PWSWGI="},"lastRemoteEphemeralKey":"Bed+WHVzxre6cVxF3q4hEXou+87k0mxlPwB15BJCFL9q","previousCounter":0,"rootKey":"E++xe1BgdtkilzPFsPWxwKTsoebNiafmN6wWGFo95a8="},"indexInfo":{"baseKey":"BUoYp/1E9xNjflVHsvWhss03sI6W5iZ8MGCJ2VLNhDEA","baseKeyType":2,"closed":-1,"used":1737036512984,"created":1737036488228,"remoteIdentityKey":"BfAW4XAva3n0dttWQJDEfwWQgrMVq8Xt0GLyqXpvLZRW"},"_chains":{"BaQ/q0bqD1SjKO3AolziRsqwVWq4VmWJgQ2OXrmZatNB":{"chainKey":{"counter":0},"chainType":2,"messageKeys":{}},"Bed+WHVzxre6cVxF3q4hEXou+87k0mxlPwB15BJCFL9q":{"chainKey":{"counter":0,"key":"cwJzOqe46JBjiPrD49yXlEwDMk4uQ8Ibn8NFZia+3Ok="},"chainType":2,"messageKeys":{}},"BX4S6MO5AwmjFf+PQY6H9XeK0D5Sz7Ey0RX+UgdSf5YT":{"chainKey":{"counter":0,"key":"WoAZKywiqi9leEq9TLZtUZb8002MpI8cphRCcMxSg4o="},"chainType":1,"messageKeys":{}}}}},"version":"v1"}