{"_sessions":{"Baz1mQbm2SCho60HU+I4Y+5QuTqPlA9ehSBuIfmPKNcI":{"registrationId":775895976,"currentRatchet":{"ephemeralKeyPair":{"pubKey":"BajLCHjuKtcF3EBLt6qWWSqfbYwcIOgB3YZ6At7XavBO","privKey":"MLAuN+LIkOxzmi6L48kjjhiriKkeFZWCRl4YTQ4iOmY="},"lastRemoteEphemeralKey":"BZ5wHR5dwo+gTIBiw/DMgD5ioCtiJuuXqCnYBlQz0TRa","previousCounter":0,"rootKey":"Wu4e3Ejc01568X1HgyXRFj+6z1GFFzyD/ubv1fb9RXY="},"indexInfo":{"baseKey":"Baz1mQbm2SCho60HU+I4Y+5QuTqPlA9ehSBuIfmPKNcI","baseKeyType":1,"closed":-1,"used":1737036833590,"created":1737036833590,"remoteIdentityKey":"BSLNAFndnhVhaaepHegMcAjPElZsf2q3btaRy2kUn7xL"},"_chains":{"BajLCHjuKtcF3EBLt6qWWSqfbYwcIOgB3YZ6At7XavBO":{"chainKey":{"counter":1,"key":"EBkg5KZ6FmQ0IxtFiika6avuF1rgb0/LYzLC0ORt06U="},"chainType":1,"messageKeys":{}}},"pendingPreKey":{"signedKeyId":1,"baseKey":"Baz1mQbm2SCho60HU+I4Y+5QuTqPlA9ehSBuIfmPKNcI","preKeyId":168}}},"version":"v1"}