{"_sessions":{"Bd1a7dvGpC18VTLGN2z37seOJ46je4YtgBPL6Z4MvR9/":{"registrationId":444627472,"currentRatchet":{"ephemeralKeyPair":{"pubKey":"BXHp26QkO6fSOUorXo0D7f6oaMSyXhgFOlRy25xirOka","privKey":"aOUsiU/EhRIuGRtEqlcA76ANWcQvZ2BujZqd/5k9EGo="},"lastRemoteEphemeralKey":"BVR86mZq47zP3DMX9MKDGtgeeHILR6fhSpcbHOBLh6ZY","previousCounter":0,"rootKey":"F327+auHWihGGsCnXtr4I+utGoec/pUWxT8jxk4bz3o="},"indexInfo":{"baseKey":"Bd1a7dvGpC18VTLGN2z37seOJ46je4YtgBPL6Z4MvR9/","baseKeyType":2,"closed":-1,"used":1736699138064,"created":1736699138064,"remoteIdentityKey":"BcyhZ7qgv7bwbZAJiYDcJBEtUodsKvlPEKqPOwtAc1tu"},"_chains":{"BVR86mZq47zP3DMX9MKDGtgeeHILR6fhSpcbHOBLh6ZY":{"chainKey":{"counter":0,"key":"1mORgOjvbQmBB51FEvhcqrsZd9uCKgspxhhU6MFEyKg="},"chainType":2,"messageKeys":{}},"BXHp26QkO6fSOUorXo0D7f6oaMSyXhgFOlRy25xirOka":{"chainKey":{"counter":0,"key":"0sHYGR0PKvFLxTZJiTSrF7uzu1o70GlA8dcX9Ux5Sjc="},"chainType":1,"messageKeys":{}}}}},"version":"v1"}