{"_sessions":{"BQu35XiJFP6vMGDAFlwx1dO32BMqyNW2bAxSRnbpfrhf":{"registrationId":5123,"currentRatchet":{"ephemeralKeyPair":{"pubKey":"Ba4cleYp5EhgSO9CYIkSHAxaCDzeqTf/tqZiTAd0l3xS","privKey":"kB1gJP15y6EAfQG1lNuVx6SEFGqMHdfRK8lB0F7rJmY="},"lastRemoteEphemeralKey":"BY2wOd8XJvNwjZypCl673QVElKb9dZoD0CjJwG0oyhgO","previousCounter":0,"rootKey":"s6i8bmWn2h9Pg9fBDPXfNQ8CQMR6FYL8mt61LEYs5L4="},"indexInfo":{"baseKey":"BQu35XiJFP6vMGDAFlwx1dO32BMqyNW2bAxSRnbpfrhf","baseKeyType":1,"closed":-1,"used":1739561599168,"created":1739561599168,"remoteIdentityKey":"BdYQHxZlpwfA4hHUZhXSXfHLLLHp4RAN0/dabC3/RDgz"},"_chains":{"Ba4cleYp5EhgSO9CYIkSHAxaCDzeqTf/tqZiTAd0l3xS":{"chainKey":{"counter":1,"key":"at6yHqwnemE+0+IfWu9C4i86L3ivcpZrujbd5CXIj5E="},"chainType":1,"messageKeys":{}}},"pendingPreKey":{"signedKeyId":1,"baseKey":"BQu35XiJFP6vMGDAFlwx1dO32BMqyNW2bAxSRnbpfrhf","preKeyId":149}}},"version":"v1"}