{"_sessions":{"BWAkWjgcbm0aIRpRwKYUzqVdXREyWfVWJ9a275T91n9V":{"registrationId":233,"currentRatchet":{"ephemeralKeyPair":{"pubKey":"BSXYCUyNUuuaWINACtcy8I7RNmHXgNlgbASJC/p9WNVo","privKey":"MOWk54uS0I2xPNsgv6brRZiooSirQ8OB8XhoVm3ezlA="},"lastRemoteEphemeralKey":"BYCxxGzRaTvGzZw8x3HUqhevutIPC1g03B64E7Yf+dI/","previousCounter":0,"rootKey":"g1bx6LtpXj+x9+jvr4RMN0TOWOOYUBbbBnK1CccuEeI="},"indexInfo":{"baseKey":"BWAkWjgcbm0aIRpRwKYUzqVdXREyWfVWJ9a275T91n9V","baseKeyType":1,"closed":-1,"used":1736343413000,"created":1736343413000,"remoteIdentityKey":"BWB06a2P2Bp1+rntE+kVnI8fj2KOWHbi2hRoZpMiU7Bm"},"_chains":{"BSXYCUyNUuuaWINACtcy8I7RNmHXgNlgbASJC/p9WNVo":{"chainKey":{"counter":11,"key":"CMUz6mB+6yvCvHUOBB/IRt29nrB1k8jwjwpagNcG6OQ="},"chainType":1,"messageKeys":{}}},"pendingPreKey":{"signedKeyId":1,"baseKey":"BWAkWjgcbm0aIRpRwKYUzqVdXREyWfVWJ9a275T91n9V","preKeyId":327}}},"version":"v1"}