{"_sessions":{"BeOllar1eRXupy8uwHappdEuCxTvRoyhJz+te2r4LfY1":{"registrationId":11134,"currentRatchet":{"ephemeralKeyPair":{"pubKey":"BY2RNLUvUY0GuLI6wN0w6wekw/0VvM9EUcPWZtF32ix/","privKey":"iMbBTl+MwsYWVYExVMCueJOOGkum1r3XctOhDwvoa0Q="},"lastRemoteEphemeralKey":"BSMJlIwoGEnM/QSTDvT/mI/zfPdIfQByjQIc+ucqOYQQ","previousCounter":11,"rootKey":"P3lXTAjjZ6ldt2zMPTy/O2QtkAOSRvOsgJ+nn+sJke0="},"indexInfo":{"baseKey":"BeOllar1eRXupy8uwHappdEuCxTvRoyhJz+te2r4LfY1","baseKeyType":1,"closed":-1,"used":1727442921156,"created":1727196714909,"remoteIdentityKey":"BS0cU0S63hakFi+ve15RlkVCBhEWou1QVOL3LQfhw2gn"},"_chains":{"BSz+VUYv2eyqXAY8KZjXbSmaHdvrFth1f7FAJVAWJvZT":{"chainKey":{"counter":0},"chainType":2,"messageKeys":{}},"BSMJlIwoGEnM/QSTDvT/mI/zfPdIfQByjQIc+ucqOYQQ":{"chainKey":{"counter":0,"key":"NcaqPdPr4L0rziyTrGAKMZIjcEISy91JtwXO6/5rhcc="},"chainType":2,"messageKeys":{}},"BY2RNLUvUY0GuLI6wN0w6wekw/0VvM9EUcPWZtF32ix/":{"chainKey":{"counter":-1,"key":"VUXbI/dx1YpHq6ms7u5ZpnJ+FGvQOD/PXldQM0S8vig="},"chainType":1,"messageKeys":{}}}}},"version":"v1"}