{"_sessions":{"Ba3UY60uTfSdepRxyKCMqpNxjPRQDuStNgd2/JvffHhl":{"registrationId":736,"currentRatchet":{"ephemeralKeyPair":{"pubKey":"BUYh0dp+b4ICi4TmUUpdsyeXfcw1xazh11We39LzdC0S","privKey":"aCv/6S6PZrbea21urOWMMNOqQ+h8E+edlylfcFszFEI="},"lastRemoteEphemeralKey":"BcNEOasvsWNoCctq9DE0Iyeelg+Ywnafq7xeDpemZ44C","previousCounter":0,"rootKey":"luX0uXxlPpiT8G5U5ZBbjfdVfQKF0emoVLE4lPQ30Os="},"indexInfo":{"baseKey":"Ba3UY60uTfSdepRxyKCMqpNxjPRQDuStNgd2/JvffHhl","baseKeyType":1,"closed":-1,"used":1737230079417,"created":1737230079417,"remoteIdentityKey":"BR5WWcVtVfE5LlbISwBM8lFWAek1D2QW93AVlqRHzjsH"},"_chains":{"BUYh0dp+b4ICi4TmUUpdsyeXfcw1xazh11We39LzdC0S":{"chainKey":{"counter":1,"key":"e/MRg9cCPuywPXYK1pav99JHgMQLByxTdzMcbQgNtj0="},"chainType":1,"messageKeys":{}}},"pendingPreKey":{"signedKeyId":1,"baseKey":"Ba3UY60uTfSdepRxyKCMqpNxjPRQDuStNgd2/JvffHhl","preKeyId":52}}},"version":"v1"}