{"_sessions":{"BVh0Mca5tZqus159EmhWk+pAsVZTlosUVgaojw+uqMdi":{"registrationId":120158554,"currentRatchet":{"ephemeralKeyPair":{"pubKey":"BcTkH0BouKDc/Xc/zA95+PGD4ZXzVNiA0kUvPuEa7Q1l","privKey":"mAQ0wqaorEQseSZrL80KDnCTOXcrnTXFmRc1uX6CKmI="},"lastRemoteEphemeralKey":"BTWUeXEOxRl4w6F0y/9DKu95SgvT25MB5V3aWxyQ4uFg","previousCounter":0,"rootKey":"PPgzDmET4wARqO0S4Ajrcoz4cdDPq1HGBND+9+hq/lM="},"indexInfo":{"baseKey":"BVh0Mca5tZqus159EmhWk+pAsVZTlosUVgaojw+uqMdi","baseKeyType":1,"closed":-1,"used":1741187463589,"created":1741187463589,"remoteIdentityKey":"BbUBIuJ0f/eSeyW1jMTuz/JbEXiAewo0Bv0471wPj6pv"},"_chains":{"BcTkH0BouKDc/Xc/zA95+PGD4ZXzVNiA0kUvPuEa7Q1l":{"chainKey":{"counter":7,"key":"n8eBS43YtvypaLGaUfe8CXurxKyionQUwSWbm+KpRF8="},"chainType":1,"messageKeys":{}}},"pendingPreKey":{"signedKeyId":19,"baseKey":"BVh0Mca5tZqus159EmhWk+pAsVZTlosUVgaojw+uqMdi","preKeyId":6334554}}},"version":"v1"}