{"_sessions":{"BXVpsS3GFmE9ZVggFRU2RJfIhRg762qaXAMvhjy8+T5v":{"registrationId":651611040,"currentRatchet":{"ephemeralKeyPair":{"pubKey":"BRzeNz/fV9HVTJyXUD4kDu4xhybkJo4zdWjtOLAFhlNC","privKey":"2ATZPi3uQVXdb4lk5020RKqKDm1Zg0k/lblolviJp00="},"lastRemoteEphemeralKey":"BRZea8sD/Kp0ptlCth+/uMYiXR42Ic4kAm0zFpJB89Vt","previousCounter":0,"rootKey":"5I2bt93gonlqtCHQEfk942AquNxvEm19+QLK+0ua5LQ="},"indexInfo":{"baseKey":"BXVpsS3GFmE9ZVggFRU2RJfIhRg762qaXAMvhjy8+T5v","baseKeyType":1,"closed":-1,"used":1731420535165,"created":1731420535165,"remoteIdentityKey":"BWA2lNrw7IFRNMa/yhF5CShA1cJ4XY9gDnNbRkf+QYoc"},"_chains":{"BRzeNz/fV9HVTJyXUD4kDu4xhybkJo4zdWjtOLAFhlNC":{"chainKey":{"counter":27,"key":"xYo7cDuvfhG7ekzJGXjOjPUzw+A330gdZr1ozER4JpI="},"chainType":1,"messageKeys":{}}},"pendingPreKey":{"signedKeyId":5,"baseKey":"BXVpsS3GFmE9ZVggFRU2RJfIhRg762qaXAMvhjy8+T5v","preKeyId":3868}}},"version":"v1"}