{"_sessions":{"BfnkldbayjlM0vNLaOQh2KWIBHjRtIYyrTkdRQYcHO1T":{"registrationId":8072,"currentRatchet":{"ephemeralKeyPair":{"pubKey":"BXAu6E9FXRPgE7CMT2878RVr0Ikf5lchNQZOCKTi7Ps5","privKey":"GBr3Eou3TxEXpj/USCqf2zEfcRw3TL0AWo9bTpg78GU="},"lastRemoteEphemeralKey":"BQKJAuFtZ8UGdPUBuytGL/ottvrg4ty+/+HNQ9IwkAVy","previousCounter":0,"rootKey":"KEdhwHfcPWtfctPkFP9UfTTwe0pFu7Sxu1WCyEYmVnM="},"indexInfo":{"baseKey":"BfnkldbayjlM0vNLaOQh2KWIBHjRtIYyrTkdRQYcHO1T","baseKeyType":1,"closed":-1,"used":1731092977889,"created":1731092977889,"remoteIdentityKey":"BZ/u5ZnMMSWKY9HwyvIiQ/RQ2TFR6pPV1Y5uEbJf46M6"},"_chains":{"BXAu6E9FXRPgE7CMT2878RVr0Ikf5lchNQZOCKTi7Ps5":{"chainKey":{"counter":1,"key":"EYs6bW2J7jm6PwwHa7x+k9Ec7byvquxmXB6D9ZMlOik="},"chainType":1,"messageKeys":{}}},"pendingPreKey":{"signedKeyId":4,"baseKey":"BfnkldbayjlM0vNLaOQh2KWIBHjRtIYyrTkdRQYcHO1T","preKeyId":931}}},"version":"v1"}