{"_sessions":{"BZihrKYiAuNqouZeeZD/vCyjMTYtqalsF/aEAWK7Gw0P":{"registrationId":222006474,"currentRatchet":{"ephemeralKeyPair":{"pubKey":"BRNjsvJnvVDN2dctkEUoIGdt9dcE3KoQrfPNjFgTbYN1","privKey":"yIgImmbwgleL+REg3hfhwmpDlebudjDfVIlmvGBMCHY="},"lastRemoteEphemeralKey":"BZvI6xpzSYELi/0L+QuUd1xSA4irvEmzRYRTfx0KW65R","previousCounter":0,"rootKey":"GVSZud33iupmE3S9HtLvTXxzrg3myPR4kUq+Ph1Tkd8="},"indexInfo":{"baseKey":"BZihrKYiAuNqouZeeZD/vCyjMTYtqalsF/aEAWK7Gw0P","baseKeyType":1,"closed":-1,"used":1739561073539,"created":1739561073539,"remoteIdentityKey":"BYRl858nQjEs2CR50vgc/cW/uwb41NVqkazzxfRlqeVS"},"_chains":{"BRNjsvJnvVDN2dctkEUoIGdt9dcE3KoQrfPNjFgTbYN1":{"chainKey":{"counter":1,"key":"O0TwFwFusM9nYfr1meVwuEN52AvH/DzjSjVhNuY3OMc="},"chainType":1,"messageKeys":{}}},"pendingPreKey":{"signedKeyId":28,"baseKey":"BZihrKYiAuNqouZeeZD/vCyjMTYtqalsF/aEAWK7Gw0P","preKeyId":4794358}}},"version":"v1"}