{"_sessions":{"Bb1HcDx2YutnFBZoQUcv7wkQawcgRsJcz/q+CLwlcdlq":{"registrationId":364539447,"currentRatchet":{"ephemeralKeyPair":{"pubKey":"Beyc3p+4uYyiXmrpu9ZASWdSwO63QACuafZ0Bo8vivZs","privKey":"UMh5YVHMptBA0Im1/LdCDO3Yy8R054GgYLswOOj6hkY="},"lastRemoteEphemeralKey":"BR5iJl5rTVqJ5NepkFQsieuWg2ipL/hjdAP2wTfHUsZE","previousCounter":0,"rootKey":"2np+iylJ5TTlnBAmJJRgTisXC94IxJ9XRLM+cFkUWKo="},"indexInfo":{"baseKey":"Bb1HcDx2YutnFBZoQUcv7wkQawcgRsJcz/q+CLwlcdlq","baseKeyType":1,"closed":-1,"used":1732132789265,"created":1732132789265,"remoteIdentityKey":"BbEUcVs5tFZq9pFFzRSRi2Lyu7ltQ26KNrJSjYg8iccl"},"_chains":{"Beyc3p+4uYyiXmrpu9ZASWdSwO63QACuafZ0Bo8vivZs":{"chainKey":{"counter":75,"key":"zp1HCZHc7uzgo7ICXXO30vWrv51Tn6RMy9pG5iU4Jpo="},"chainType":1,"messageKeys":{}}},"pendingPreKey":{"signedKeyId":1,"baseKey":"Bb1HcDx2YutnFBZoQUcv7wkQawcgRsJcz/q+CLwlcdlq","preKeyId":674}}},"version":"v1"}