{"_sessions":{"BaDxtUG9eXMI8TIVO+ZTqtmLpm0udRrQAjkQNLzYuMV9":{"registrationId":163552960,"currentRatchet":{"ephemeralKeyPair":{"pubKey":"BdC9MvFbXBujuBTSvUOHeNEyrUas38/ADWgX3pO2OMgg","privKey":"EIgtiwtT/+P/P5847WK+NzYMJ4CWRPU51sBsdCZdckQ="},"lastRemoteEphemeralKey":"BT+7ts3zki+u32DTDl4C9J3NI0ZnEfbEx9SPrabvVUtO","previousCounter":0,"rootKey":"Rw1G4Mwg3Psb6fzpWuRoLIprErJRUU4i01SZBJL/3vI="},"indexInfo":{"baseKey":"BaDxtUG9eXMI8TIVO+ZTqtmLpm0udRrQAjkQNLzYuMV9","baseKeyType":1,"closed":-1,"used":1734124614567,"created":1734124614567,"remoteIdentityKey":"BZ3V1iIAheR0kQz3FOLpjZG5Zg7xcYThTiXty4pqk/NL"},"_chains":{"BdC9MvFbXBujuBTSvUOHeNEyrUas38/ADWgX3pO2OMgg":{"chainKey":{"counter":45,"key":"F5fQzfZwGxjo+BAPUwrZgPeDkjQwxg8pm6RELy9zZrU="},"chainType":1,"messageKeys":{}}},"pendingPreKey":{"signedKeyId":1,"baseKey":"BaDxtUG9eXMI8TIVO+ZTqtmLpm0udRrQAjkQNLzYuMV9","preKeyId":1601}}},"version":"v1"}