{"_sessions":{"BZ7EDu++P/6xYeaPAq964T8lJG/5OVNKsCV5AoHlXQ0I":{"registrationId":188314957,"currentRatchet":{"ephemeralKeyPair":{"pubKey":"BdyPvqxmfyRIgUvp+EIMSWS40n3VLX1CfzvKvFtFkCpN","privKey":"yB7y4ydrf4aXeQTv7csCxr1nuJ8nyN3mADGydJK5Qng="},"lastRemoteEphemeralKey":"BUq//mJIyX57XCAkPORb4MKq2jiNsSZ26045Dt5e/wQF","previousCounter":0,"rootKey":"T1+o4z1Br4umNX0tPOZ5z7gV2JsGAEFbs+ZjkwQEL6I="},"indexInfo":{"baseKey":"BZ7EDu++P/6xYeaPAq964T8lJG/5OVNKsCV5AoHlXQ0I","baseKeyType":1,"closed":-1,"used":1731080708378,"created":1731080708378,"remoteIdentityKey":"BUkN6E+BLn2DvXmBBkA31wS4QfZIHbBvxKqqUh6b2phI"},"_chains":{"BdyPvqxmfyRIgUvp+EIMSWS40n3VLX1CfzvKvFtFkCpN":{"chainKey":{"counter":17,"key":"2opzpc13ypvg/EgXx99kiW1t0k+rIz9vglqJ2+UsyBg="},"chainType":1,"messageKeys":{}}},"pendingPreKey":{"signedKeyId":1,"baseKey":"BZ7EDu++P/6xYeaPAq964T8lJG/5OVNKsCV5AoHlXQ0I"}}},"version":"v1"}