{"_sessions":{"BYaCKq0ZNm3TVYRDM2bjfoVDdZ8kuRuolDl0zcnVhHJK":{"registrationId":894,"currentRatchet":{"ephemeralKeyPair":{"pubKey":"BYskBGUrMM6CVudWamcm8jzZX7X1fVTGcvtij0NtKj19","privKey":"wDYOPz+Gcg/IC1CMBaUxn9RBcSshJlUJoJD5g1l2p0I="},"lastRemoteEphemeralKey":"BZ/I96kFchjGWnGsI2wjITaKTtsdKS4pszYHB1cApOMf","previousCounter":0,"rootKey":"FCqraBIfrkOlwWmMz4+p8HOl3z7dA3OmihSCqxeRxwE="},"indexInfo":{"baseKey":"BYaCKq0ZNm3TVYRDM2bjfoVDdZ8kuRuolDl0zcnVhHJK","baseKeyType":2,"closed":-1,"used":1735827972823,"created":1735827972823,"remoteIdentityKey":"BdyrsS891lcFKPKswno/91XdnpuNgoXM8bJmDFBEF2gu"},"_chains":{"BZ/I96kFchjGWnGsI2wjITaKTtsdKS4pszYHB1cApOMf":{"chainKey":{"counter":0,"key":"iAzmqlV12BIZBh30Qx/lyru9fFpmtP7rdj8dXbpfd0k="},"chainType":2,"messageKeys":{}},"BYskBGUrMM6CVudWamcm8jzZX7X1fVTGcvtij0NtKj19":{"chainKey":{"counter":51,"key":"FO5ZmI4VFpdj7t8Y4r+KO36zaFebnJU05L7HgML+lGI="},"chainType":1,"messageKeys":{}}}}},"version":"v1"}