{"_sessions":{"BfwL3eG5U0KjaxzEFxJUBZR5MJDiLdqAtOAaNb/wMNAB":{"registrationId":1781425766,"currentRatchet":{"ephemeralKeyPair":{"pubKey":"BXbNyxBzMu4/ABSIQT6xfwp6S3o+Y9nAX+GL4XJfl/Ab","privKey":"0Bw1iICP2apYNvr1Hs2bmGCpEY2EKsGgeaUr9UaaM0I="},"lastRemoteEphemeralKey":"BT/wshGDcgFq5RFWbq2IoQmL/JAj0ypDh/0RBpOWOr16","previousCounter":0,"rootKey":"iFU5zrJ3wXg6ix/XF78BIIhogasVhafwxrOowh1BKA8="},"indexInfo":{"baseKey":"BfwL3eG5U0KjaxzEFxJUBZR5MJDiLdqAtOAaNb/wMNAB","baseKeyType":1,"closed":-1,"used":1739561073141,"created":1739561073141,"remoteIdentityKey":"BblQGI5uICc+an7PAtE54hCl6QuC+TidZnwLc2i1luEq"},"_chains":{"BXbNyxBzMu4/ABSIQT6xfwp6S3o+Y9nAX+GL4XJfl/Ab":{"chainKey":{"counter":1,"key":"YgdL+faiPkolClX1ZMnL5qGN81sbxO1x06Czf+w7DXs="},"chainType":1,"messageKeys":{}}},"pendingPreKey":{"signedKeyId":31,"baseKey":"BfwL3eG5U0KjaxzEFxJUBZR5MJDiLdqAtOAaNb/wMNAB","preKeyId":9805698}}},"version":"v1"}