{"_sessions":{"BVgg6gJx9LyxnPrPcopsZw/g0s02SciuoqW3wvNn5BND":{"registrationId":9859,"currentRatchet":{"ephemeralKeyPair":{"pubKey":"BSxP+6lEZAAwXX/+rhe2WESl5OkwlIDBVZxg8l12IHlN","privKey":"0KOwDtEpXeSXJRosak0LHhU3atGFpw9/+ltNJnId4XU="},"lastRemoteEphemeralKey":"BVIFX49PoG9THs4mtIeXPxZydhwmiSUnK3h9YgfBKuVc","previousCounter":0,"rootKey":"rLgcLPmkJ5kzD8UZsd5aEsaB0nLMu2ejruVffRVfHc0="},"indexInfo":{"baseKey":"BVgg6gJx9LyxnPrPcopsZw/g0s02SciuoqW3wvNn5BND","baseKeyType":1,"closed":-1,"used":1735140357056,"created":1735140357056,"remoteIdentityKey":"BYNdz9TxdpeoPlUAFNiakDSAPl5nHS96tmFcc/29LMVA"},"_chains":{"BSxP+6lEZAAwXX/+rhe2WESl5OkwlIDBVZxg8l12IHlN":{"chainKey":{"counter":10,"key":"3UDK3Int+hYe5urgb8ihwvjodk3a5BJzoaUnBSx+ljs="},"chainType":1,"messageKeys":{}}},"pendingPreKey":{"signedKeyId":1,"baseKey":"BVgg6gJx9LyxnPrPcopsZw/g0s02SciuoqW3wvNn5BND"}}},"version":"v1"}