{"_sessions":{"Bez9s30DtG8TC3xqjhSnIGdVYxAHVPDg54pRd7711jxX":{"registrationId":10764,"currentRatchet":{"ephemeralKeyPair":{"pubKey":"BV31vQsTLJWPIv70Nvdkdmw1p2q3Lnaml9TNUWfCADRq","privKey":"WNUtzhE8y+ldVZx3DlJ6LcWLtOw0SsdJ5H1Cq3qMS0E="},"lastRemoteEphemeralKey":"BQ5jMBf8DL/Ar0Ei1qq7tdIPOJCA1RqrX3TfuXsNIZV7","previousCounter":0,"rootKey":"56ltGlKeKoqE2HufdhjoM+ey3cOG+Xl8kmFe7kpyXRM="},"indexInfo":{"baseKey":"Bez9s30DtG8TC3xqjhSnIGdVYxAHVPDg54pRd7711jxX","baseKeyType":1,"closed":-1,"used":1733065517109,"created":1733065517109,"remoteIdentityKey":"BTBRSPV2sQL0SLm0XsrinbvJJiAEqQOT7kEvrFEAWXEr"},"_chains":{"BV31vQsTLJWPIv70Nvdkdmw1p2q3Lnaml9TNUWfCADRq":{"chainKey":{"counter":7,"key":"mSVKHVGEQXCHRnKtaX6jQnnBhIUoW6NnXLvq7aLEY0k="},"chainType":1,"messageKeys":{}}},"pendingPreKey":{"signedKeyId":1,"baseKey":"Bez9s30DtG8TC3xqjhSnIGdVYxAHVPDg54pRd7711jxX"}}},"version":"v1"}