{"_sessions":{"BaANGDG/CisYHvYXxdJyiJ5GlDIwfEkHWHKRMebhp0k7":{"registrationId":15551,"currentRatchet":{"ephemeralKeyPair":{"pubKey":"BZ9LbayY9t5++MOsC2++mc0KxXCH8Sitf6UYs0yJ0qQ3","privKey":"6NdIwxZPEYIECKjdwms8AIovPHNeCvQBXeUn59d3qGw="},"lastRemoteEphemeralKey":"BbzjcesA7C9G75v93XishBiiTIq3eNwOgpTRbulzV/h7","previousCounter":0,"rootKey":"yCNOqO2pKUILssz8iSiSFE4cQGrF8w37ddQK1VjQUgo="},"indexInfo":{"baseKey":"BaANGDG/CisYHvYXxdJyiJ5GlDIwfEkHWHKRMebhp0k7","baseKeyType":1,"closed":-1,"used":1741187464187,"created":1741187464187,"remoteIdentityKey":"BU1O5Kyqnr5e42t+CmB56nZ79ynsyXS5e/4ImxLFUlR8"},"_chains":{"BZ9LbayY9t5++MOsC2++mc0KxXCH8Sitf6UYs0yJ0qQ3":{"chainKey":{"counter":8,"key":"BRzgv46FmMhQAymnsKd37JE8L3NjpniE7dtn+Vs5q/A="},"chainType":1,"messageKeys":{}}},"pendingPreKey":{"signedKeyId":1,"baseKey":"BaANGDG/CisYHvYXxdJyiJ5GlDIwfEkHWHKRMebhp0k7"}}},"version":"v1"}