{"_sessions":{"BRk8v2iOa+bDOqA90BHS87H3rdgdCxfli/56j9Ry3HQ6":{"registrationId":703,"currentRatchet":{"ephemeralKeyPair":{"pubKey":"BSqiX4wpUAd2z22p8g+z55gHoQ7a4ipDKunwVYJ5gjB9","privKey":"2Lc7B/Q/7uVUGzPvlrhQBE5+OLBxWnfnuU8Om0ZYbE4="},"lastRemoteEphemeralKey":"BaBYxri0NUQR63Wn+c4EGATpgkvy3GpYLZzHS7ZZNlEM","previousCounter":0,"rootKey":"WehcLal3VvowdK8nWgc04Y2aL9O2aMClinofsTCw7C0="},"indexInfo":{"baseKey":"BRk8v2iOa+bDOqA90BHS87H3rdgdCxfli/56j9Ry3HQ6","baseKeyType":1,"closed":-1,"used":1738181546110,"created":1738181546110,"remoteIdentityKey":"BUQ3plazX60YSmRwD59plMAK/OvK79AG/17uE68DfMVy"},"_chains":{"BSqiX4wpUAd2z22p8g+z55gHoQ7a4ipDKunwVYJ5gjB9":{"chainKey":{"counter":3,"key":"eakGZI9MZjhQVkcVAUa4pJrLs2t0C6IHaAOtUwyQPnU="},"chainType":1,"messageKeys":{}}},"pendingPreKey":{"signedKeyId":1,"baseKey":"BRk8v2iOa+bDOqA90BHS87H3rdgdCxfli/56j9Ry3HQ6","preKeyId":158}}},"version":"v1"}