{"_sessions":{"BbsT9o3stGtQsHwjuRZiyDSH4q8RzGWYXKxvg813IyU9":{"registrationId":5477,"currentRatchet":{"ephemeralKeyPair":{"pubKey":"BSUubc6gDOEfU8EpeUawM21750QDjLXGED+weVWnH8wR","privKey":"yLW77LjcZC/1J/ZlIs87YqGcTXxm1ZXYn4q3kAuadGk="},"lastRemoteEphemeralKey":"BQND96R757+xMOkharN6qYh3uALQjCrSgevpxIFYwzR6","previousCounter":0,"rootKey":"8OmWJgVvhDfOocmV1iMAwF5Kp5kGhpeuhGzwzeHxhWU="},"indexInfo":{"baseKey":"BbsT9o3stGtQsHwjuRZiyDSH4q8RzGWYXKxvg813IyU9","baseKeyType":1,"closed":-1,"used":1732133070854,"created":1732133070854,"remoteIdentityKey":"BW4LL7Mt6CrjldfeF51PGSQ/EEoIBZFfDGhQzOkgLxMO"},"_chains":{"BSUubc6gDOEfU8EpeUawM21750QDjLXGED+weVWnH8wR":{"chainKey":{"counter":113,"key":"SCPAEOJyblPbmj0b6+luzmzHwYiW+UCQxXADCZldeWE="},"chainType":1,"messageKeys":{}}},"pendingPreKey":{"signedKeyId":1,"baseKey":"BbsT9o3stGtQsHwjuRZiyDSH4q8RzGWYXKxvg813IyU9","preKeyId":978}}},"version":"v1"}