{"_sessions":{"BfKOyWenw67NSAE308Iay0Qap9RYk8Jh7F1bXsOdFxNa":{"registrationId":487083278,"currentRatchet":{"ephemeralKeyPair":{"pubKey":"BYIDLeidjINTWD34DBG3pJMZTVq7xk+BBqb9Oi5OY3Ve","privKey":"4JZ2j+Cc6ahpDF9MjT11Qs49otyNCN5rRVPbwgCt8Fc="},"lastRemoteEphemeralKey":"BaGgZqgwf53Gjn4oVkdfjTX5P0jB7DEk+FcOC4w1Xc0u","previousCounter":0,"rootKey":"TcstbZZYbFf646q9srqIvVmBcosv1PQy9n1eal+3fLI="},"indexInfo":{"baseKey":"BfKOyWenw67NSAE308Iay0Qap9RYk8Jh7F1bXsOdFxNa","baseKeyType":2,"closed":-1,"used":1729989639008,"created":1729989437313,"remoteIdentityKey":"BRSKcGAtRXgVZWUiP1LdPltUDsvkQu1o/7Vrd8yIkBtR"},"_chains":{"BSPB6zbcanYSvTvrcgcn4QG9a6f0gFLP9waJLCe942h2":{"chainKey":{"counter":0},"chainType":2,"messageKeys":{}},"BfCv7Z2Qzp/WAPnWOYEWUBKQzsIRSTVod201c7Vip0Vx":{"chainKey":{"counter":0},"chainType":2,"messageKeys":{}},"BWTsqzh7GlHVgXLQJgfq1qDiWQr8RX+a306IF13Y6RdC":{"chainKey":{"counter":0},"chainType":2,"messageKeys":{}},"BfLp6F8OmqgYbvOdu5QYzLA3oAX6xZKi04SGUBFAmDp1":{"chainKey":{"counter":0},"chainType":2,"messageKeys":{}},"Be2HX9t0WwqwrTTDz5pGV75m5lBgqsTV7w6s9HA2yI0k":{"chainKey":{"counter":0},"chainType":2,"messageKeys":{}},"BVNTeHvwDedlBI+/9KUjFcHQRQPqz6tccoU9mAP0wLZc":{"chainKey":{"counter":0},"chainType":2,"messageKeys":{}},"BakYdmBWQgJqbRlyNTgWXk6Ic7083sqOKlir6Y+Hyclx":{"chainKey":{"counter":0},"chainType":2,"messageKeys":{}},"BQTBjR0D5MrlPozfgpYmTY5xf7j+iI7q+77XTmUg9dw8":{"chainKey":{"counter":0},"chainType":2,"messageKeys":{}},"BZYextwT+SZ5amqkW8U3acH7Rpa/xI3LrAj9GRxed3RO":{"chainKey":{"counter":0},"chainType":2,"messageKeys":{}},"BUEqBBmTsVRAqPRErQUev/OkMgg2OuPLMqAYXznW2yF8":{"chainKey":{"counter":0},"chainType":2,"messageKeys":{}},"BaGgZqgwf53Gjn4oVkdfjTX5P0jB7DEk+FcOC4w1Xc0u":{"chainKey":{"counter":0,"key":"02LyUV1DTYXJE94DxpLXOYs6q8FAkmcleVyxvVFDmzA="},"chainType":2,"messageKeys":{}},"BYIDLeidjINTWD34DBG3pJMZTVq7xk+BBqb9Oi5OY3Ve":{"chainKey":{"counter":0,"key":"CxXrzsxJ67tOhgW+TzoCC6W/afu6HbUJs1mm/AuOxDI="},"chainType":1,"messageKeys":{}}}}},"version":"v1"}