{"_sessions":{"BWV2mFWhprWPbgAbGjMQA9ZZSCh9Y07qzRtx9qzjzUZp":{"registrationId":5960,"currentRatchet":{"ephemeralKeyPair":{"pubKey":"BSyivQfvqJWflRmX4vI3S6tb4QyLBoHc47O4s1VLMEFn","privKey":"yLdooLwC8WNpFF0wXmLHHI6OOpfrfoDh215JJGpml0g="},"lastRemoteEphemeralKey":"BSd2xA28BJdWdKUXArivc7aFCtw5fF+EKnEsRsu7J+ln","previousCounter":0,"rootKey":"oEMpTMCy1BPnMwjpgh9pxu1z9za2bAvfp1FMO/5qQvA="},"indexInfo":{"baseKey":"BWV2mFWhprWPbgAbGjMQA9ZZSCh9Y07qzRtx9qzjzUZp","baseKeyType":1,"closed":-1,"used":1729989437513,"created":1729989437513,"remoteIdentityKey":"BYTn/zJE1uvI14HBFoPswY9kY3JetVOxziKtv/KCiDZt"},"_chains":{"BSyivQfvqJWflRmX4vI3S6tb4QyLBoHc47O4s1VLMEFn":{"chainKey":{"counter":10,"key":"GcRUtoE8CGr9UwvalFziL3HhMiFQUC1MlcMACB7f+8M="},"chainType":1,"messageKeys":{}}},"pendingPreKey":{"signedKeyId":1,"baseKey":"BWV2mFWhprWPbgAbGjMQA9ZZSCh9Y07qzRtx9qzjzUZp","preKeyId":263}}},"version":"v1"}