{"_sessions":{"BTCOH+I2kLoesSWp+b1W9olmKIo31eysRDYPQDoggllD":{"registrationId":1812088279,"currentRatchet":{"ephemeralKeyPair":{"pubKey":"BRlUoAbCZ5YycRNTzm/nqExaiftYJIms4JUEiNn7Rm02","privKey":"4BZTNWaEn4S1tdjEvdZCexCzkWDCzhB6mpcBvwbRSn4="},"lastRemoteEphemeralKey":"BQ7nTzzRsLGerJnHsp8ZUfu3tBTR6Cg4ZLX+tJcnDO8L","previousCounter":0,"rootKey":"pq699M9VC8/xdPmwT7Nm7nDsz9ibe0h1IE6d0fIAvVY="},"indexInfo":{"baseKey":"BTCOH+I2kLoesSWp+b1W9olmKIo31eysRDYPQDoggllD","baseKeyType":1,"closed":-1,"used":1728494635090,"created":1728494635090,"remoteIdentityKey":"BT7E2m0OXRCqarU8zEyROLSn34RMH8LcVzFKjVIg8GV8"},"_chains":{"BRlUoAbCZ5YycRNTzm/nqExaiftYJIms4JUEiNn7Rm02":{"chainKey":{"counter":49,"key":"53L6txsIfNIIJpwJMI5TosPa69kZ6EYAbyfUv34p04k="},"chainType":1,"messageKeys":{}}},"pendingPreKey":{"signedKeyId":10939622,"baseKey":"BTCOH+I2kLoesSWp+b1W9olmKIo31eysRDYPQDoggllD","preKeyId":6294}}},"version":"v1"}