{"_sessions":{"BeYbsM3J1TW1yG8fwPJluNCEjPbP5KKR5BV0d86VBqAP":{"registrationId":219625768,"currentRatchet":{"ephemeralKeyPair":{"pubKey":"Bbc3G08E5ynGvnTzmAP3TeuSbPz3eRfGQ7iYrvvDTxlx","privKey":"GMTGnn+PuCF1Jr4xMOGzBhB+krh0Ggs5mJLV3GZsvFA="},"lastRemoteEphemeralKey":"BQKmcG8hCmQ4Eck/QoLWPArKXLww8dkb54ORpkn/0+5K","previousCounter":0,"rootKey":"rd1fAL4HNh6niMYVGJ5Q3g7DNNieIZdFdgA+1WN8VkQ="},"indexInfo":{"baseKey":"BeYbsM3J1TW1yG8fwPJluNCEjPbP5KKR5BV0d86VBqAP","baseKeyType":2,"closed":-1,"used":1727403916460,"created":1727403916460,"remoteIdentityKey":"BbuVsEeyhafZwsYK+zKkO9gQsYhYJ1/E5U9FlNfn2XJa"},"_chains":{"BQKmcG8hCmQ4Eck/QoLWPArKXLww8dkb54ORpkn/0+5K":{"chainKey":{"counter":0,"key":"ksiRnv+eiW9JZM4Jk4jz+246Uqw+y9iDbPBQb0qqpNE="},"chainType":2,"messageKeys":{}},"Bbc3G08E5ynGvnTzmAP3TeuSbPz3eRfGQ7iYrvvDTxlx":{"chainKey":{"counter":-1,"key":"y55xQDkDeuo9HTgjSI8/41nKo8ZHFTv4L3UvXIznCBk="},"chainType":1,"messageKeys":{}}}}},"version":"v1"}