{"_sessions":{"BYApeQGv0pFgKbBmWk+aVge5bJnilA2T+gWcYeaOYfVb":{"registrationId":20,"currentRatchet":{"ephemeralKeyPair":{"pubKey":"BaPfPDxI0qHpNXBJRldxpNkiIMslWZ0Hjh6TifVXwGho","privKey":"EBLyFfeeIfD2AlxT5/RyZO0QVwINXmebQn84GS81DHU="},"lastRemoteEphemeralKey":"BVo1HpMKMYzBC1B1VrA0BNx0QDxP6WF+p2ouuXo40wo1","previousCounter":0,"rootKey":"9cQ4MIfbiSmhC/p69L6FBK55vlJbOgj3g0+I3AL+FgE="},"indexInfo":{"baseKey":"BYApeQGv0pFgKbBmWk+aVge5bJnilA2T+gWcYeaOYfVb","baseKeyType":1,"closed":-1,"used":1727196710796,"created":1727196710796,"remoteIdentityKey":"Bevi9eUT86lamfmMTBvgo8ZAy7Ll7ElzXotn38CVQn1g"},"_chains":{"BaPfPDxI0qHpNXBJRldxpNkiIMslWZ0Hjh6TifVXwGho":{"chainKey":{"counter":13,"key":"kEjga4zo8zfqJTmiQXJ103UcHYckUXTFx0bsA5CtYKY="},"chainType":1,"messageKeys":{}}},"pendingPreKey":{"signedKeyId":1,"baseKey":"BYApeQGv0pFgKbBmWk+aVge5bJnilA2T+gWcYeaOYfVb"}}},"version":"v1"}