{"_sessions":{"BWJuhK1oeFDvOLpJIjCGLsyW4lil1v/hBJtlavlRjNd0":{"registrationId":266911397,"currentRatchet":{"ephemeralKeyPair":{"pubKey":"BYDhYZ1LKzltLcP6MdVj2etiPWziYue57TUuuf7Ajfl/","privKey":"EJv0VFi+2f7jwFGHgVStv4zFOq+5q7bg2odQg3+xrUE="},"lastRemoteEphemeralKey":"Bco85iPWkY1SWYXMbmHrR748X9HVKJX86znAOgz+7k4n","previousCounter":0,"rootKey":"kqI7ZPdZoRaw03ssaq9Mh/vWgdz0a7mGO+bV4X8T4/8="},"indexInfo":{"baseKey":"BWJuhK1oeFDvOLpJIjCGLsyW4lil1v/hBJtlavlRjNd0","baseKeyType":1,"closed":-1,"used":1736433222668,"created":1736433222668,"remoteIdentityKey":"BYciw5FHzgJLvHDbSCGqcYZeri1F1IZEmrqfySgQB4lL"},"_chains":{"BYDhYZ1LKzltLcP6MdVj2etiPWziYue57TUuuf7Ajfl/":{"chainKey":{"counter":1,"key":"S1v5NvpFF5A8C7r9FaxGqvbw0/JQBU3SEZxUhLsnNE4="},"chainType":1,"messageKeys":{}}},"pendingPreKey":{"signedKeyId":6764087,"baseKey":"BWJuhK1oeFDvOLpJIjCGLsyW4lil1v/hBJtlavlRjNd0"}}},"version":"v1"}