{"_sessions":{"BTEsY8z6Duf8DzlgRNyX3oj6rwItmE3m60hEOUF5dTJZ":{"registrationId":3025496392,"currentRatchet":{"ephemeralKeyPair":{"pubKey":"BRzbsupoeiE7Ahi0EHEZfE5/pSxUyY7niuDJwXUMHYJ0","privKey":"yKyBqGGAlvOYUSvXxvQIW3Lj/PXJJFXpjgqfIJmVFHk="},"lastRemoteEphemeralKey":"BZ9r8/r5uw2TpR8HGMKR4qHK4V2bjPttBYMp0RfeAuFJ","previousCounter":0,"rootKey":"AukHH+/RSsvY+9X2yekAcRgbHOJyv9WiE1/9McJb49I="},"indexInfo":{"baseKey":"BTEsY8z6Duf8DzlgRNyX3oj6rwItmE3m60hEOUF5dTJZ","baseKeyType":1,"closed":-1,"used":1732229837981,"created":1732229837981,"remoteIdentityKey":"BeDZJaBKsyIkJdTNN6JN77oRIrFQ5NZU8/IzTwWbD1Bs"},"_chains":{"BRzbsupoeiE7Ahi0EHEZfE5/pSxUyY7niuDJwXUMHYJ0":{"chainKey":{"counter":5,"key":"bOyaGGKb5UR+en8pNVR1KSY8Vly/t6dvzzBe0Ey4QH8="},"chainType":1,"messageKeys":{}}},"pendingPreKey":{"signedKeyId":3061497,"baseKey":"BTEsY8z6Duf8DzlgRNyX3oj6rwItmE3m60hEOUF5dTJZ"}}},"version":"v1"}