{"_sessions":{"BWJf2Z/uaa7HeYElAqFOSrg6UJtYiBdq4TVvDnEBlWkM":{"registrationId":4713,"currentRatchet":{"ephemeralKeyPair":{"pubKey":"BY6cMmv676Hre1IT/c2bPt67h3YIW6ByizjC57xUa+gh","privKey":"4AShuuRZQvwnJiUycYQnau6e8lYuRhuYF8ftGiKom1Y="},"lastRemoteEphemeralKey":"BZ7sghGxOQjs0TNOIFPjCSQNJ2tiFKzo4w1egtKZUF1z","previousCounter":0,"rootKey":"8k9ziTPfd/00p3MnaJDaJR3EaAfh1ljfCuDi4Pl0lMg="},"indexInfo":{"baseKey":"BWJf2Z/uaa7HeYElAqFOSrg6UJtYiBdq4TVvDnEBlWkM","baseKeyType":1,"closed":-1,"used":1727533744859,"created":1727533744859,"remoteIdentityKey":"Bf5oD9VWKS3UudADeRXLMbbmtSXHUDuA0BnhrqiJuXVm"},"_chains":{"BY6cMmv676Hre1IT/c2bPt67h3YIW6ByizjC57xUa+gh":{"chainKey":{"counter":35,"key":"GKPerTMVGHdH+eTSBRV9N6gM7FTfehVfF9Q3KTVqIiE="},"chainType":1,"messageKeys":{}}},"pendingPreKey":{"signedKeyId":1,"baseKey":"BWJf2Z/uaa7HeYElAqFOSrg6UJtYiBdq4TVvDnEBlWkM","preKeyId":4}}},"version":"v1"}