{"_sessions":{"BZXiA6YYI1ngNhN4/KAmUdpOAgFh7VvART8zgOj4vh11":{"registrationId":2470,"currentRatchet":{"ephemeralKeyPair":{"pubKey":"BbqINyVkXojeeIa/6sQpxjk8XNj4oOrKmh57u5UMEahT","privKey":"UDC/dLrXPc4tVyCYIqhJKUVA3AoNqSf6kom68aRL4ng="},"lastRemoteEphemeralKey":"BRhigQio3Zp6yJ0Pz0Z4UX6W+Iq5fX61RX3jFivtxEhm","previousCounter":0,"rootKey":"MD/gD9wYMtrpj7he5goxOpJp3oOoepVj+5n2gq4lVH8="},"indexInfo":{"baseKey":"BZXiA6YYI1ngNhN4/KAmUdpOAgFh7VvART8zgOj4vh11","baseKeyType":1,"closed":-1,"used":1727196690011,"created":1727196690011,"remoteIdentityKey":"BWrxhumt2yLshahJSDQ8XSppphq2oztDz66rNoa/7HQI"},"_chains":{"BbqINyVkXojeeIa/6sQpxjk8XNj4oOrKmh57u5UMEahT":{"chainKey":{"counter":68,"key":"5g9Z2XfiyC4FrlY1MRxcdCCCBU0jRALMFAhE9kMSX1Q="},"chainType":1,"messageKeys":{}}},"pendingPreKey":{"signedKeyId":1,"baseKey":"BZXiA6YYI1ngNhN4/KAmUdpOAgFh7VvART8zgOj4vh11"}}},"version":"v1"}