{"_sessions":{"BYAI/Jj9RdEeFAHA8IVT4iB2KHPgtAZtZ2usJ822mJQv":{"registrationId":489687492,"currentRatchet":{"ephemeralKeyPair":{"pubKey":"BYzdBHAUEc2hiyJoSQpC7flwTjz0XB749m5N7ceSYvFT","privKey":"kKfJt91GwUQl5dzzA0CjrdhXHdp9VjOwURtJ83bUU34="},"lastRemoteEphemeralKey":"BZPq3VKm8xPSdU8iZ0kvXRy4YHbctcN+Xf4gLIPT3VhW","previousCounter":0,"rootKey":"Uy48RS1C8Il29ilg0/H8DlEgikCijuOdvWVPOP4I2yM="},"indexInfo":{"baseKey":"BYAI/Jj9RdEeFAHA8IVT4iB2KHPgtAZtZ2usJ822mJQv","baseKeyType":1,"closed":-1,"used":1735848845682,"created":1735848845682,"remoteIdentityKey":"BblQZwurhSWlBzlW91J/kk8aoXTIsouBlKRxj5WKNRM2"},"_chains":{"BYzdBHAUEc2hiyJoSQpC7flwTjz0XB749m5N7ceSYvFT":{"chainKey":{"counter":25,"key":"Ob/QG355GuH8xTyYUKlvESiyZVfbKXFS3aJWXf6C64U="},"chainType":1,"messageKeys":{}}},"pendingPreKey":{"signedKeyId":1,"baseKey":"BYAI/Jj9RdEeFAHA8IVT4iB2KHPgtAZtZ2usJ822mJQv"}}},"version":"v1"}