{"_sessions":{"BcD73ysaVlpcKLP/PE6fFLKc5oh9Y8zdBK+7H9why9M+":{"registrationId":610981280,"currentRatchet":{"ephemeralKeyPair":{"pubKey":"BShhM5eXLVOJh86V62Ooju5YPqnJZAXrBhfwaR1dPEhd","privKey":"MJC5wlZHxpmMA/28viUqyKtZCz8q67DM60ZNRtkVuHE="},"lastRemoteEphemeralKey":"BT1WbgV6dfsYtHAsuXTrR3tQAkDSJEZ0n1hDPQCVkAxO","previousCounter":37,"rootKey":"1pUFgpn/kBDn/jYYLJ+WYSZnPZMbq1aSogyDqpe6iwU="},"indexInfo":{"baseKey":"BcD73ysaVlpcKLP/PE6fFLKc5oh9Y8zdBK+7H9why9M+","baseKeyType":1,"closed":1729957000412,"used":1727800411638,"created":1727196719099,"remoteIdentityKey":"BUjXv2OEd3jTUCOjUvPwT6N3t41JOluIM4zxa3TXUHsw"},"_chains":{"BT1WbgV6dfsYtHAsuXTrR3tQAkDSJEZ0n1hDPQCVkAxO":{"chainKey":{"counter":0,"key":"zlB5Z03oqV46LnuNwa/QzRg9Bl0ylJ/yW8q18lpbBxw="},"chainType":2,"messageKeys":{}},"BShhM5eXLVOJh86V62Ooju5YPqnJZAXrBhfwaR1dPEhd":{"chainKey":{"counter":52,"key":"lleeTkQtTFAgl6E3gzd0TDki3ylvspe39v++uO7lqIU="},"chainType":1,"messageKeys":{}}}},"Bcax2ymDjMQEdDrOwCwlKX/S9wYw3b0tgZ6Wb80hNU87":{"registrationId":724156948,"currentRatchet":{"ephemeralKeyPair":{"pubKey":"BQBz8dbwbOrnBNHR73EM50QLMiVJSHgHAOpgjImWf+Ze","privKey":"iFFa/pI4taj00dpi1EuXpk1iKzIC1a6+rMcEfyVuwUY="},"lastRemoteEphemeralKey":"BdUnLBvxK2EUUo3gpnagxyVee95Qo+BpbTPocrwzoegQ","previousCounter":0,"rootKey":"huTZn665YR1eLueAfHcfxa+r3oeIBu6mzVl/Ny9mhZQ="},"indexInfo":{"baseKey":"Bcax2ymDjMQEdDrOwCwlKX/S9wYw3b0tgZ6Wb80hNU87","baseKeyType":1,"closed":1729957000607,"used":1729957000410,"created":1729957000410,"remoteIdentityKey":"BTuOAM1vYvlLRpILRWyEKNWMveZkcoM4j6ycfO8J9B91"},"_chains":{"BQBz8dbwbOrnBNHR73EM50QLMiVJSHgHAOpgjImWf+Ze":{"chainKey":{"counter":0,"key":"38L9qAYiGKo/Hc/ZV1OZQXuPlgmd1YzWSBEXeNdHgjA="},"chainType":1,"messageKeys":{}}},"pendingPreKey":{"signedKeyId":0,"baseKey":"Bcax2ymDjMQEdDrOwCwlKX/S9wYw3b0tgZ6Wb80hNU87","preKeyId":10252562}},"BZHRHieUSzMzlT5rsQM/RwyF3J89oD4kfpg/JUfsxjgq":{"registrationId":724156948,"currentRatchet":{"ephemeralKeyPair":{"pubKey":"BRonn95Ruc6s22j08Uqrm8RTQ/WRoFDCBffWfTDzPkko","privKey":"YEr4q89jrSW53qT+TWO7s0HdTOB0orMLWvNsE4JCTkI="},"lastRemoteEphemeralKey":"BdUnLBvxK2EUUo3gpnagxyVee95Qo+BpbTPocrwzoegQ","previousCounter":0,"rootKey":"xKrfPD8UtPZleV5Yfom6h0y1vCe1BOb1/leQSQXVvTw="},"indexInfo":{"baseKey":"BZHRHieUSzMzlT5rsQM/RwyF3J89oD4kfpg/JUfsxjgq","baseKeyType":1,"closed":1732132790573,"used":1729957000606,"created":1729957000606,"remoteIdentityKey":"BTuOAM1vYvlLRpILRWyEKNWMveZkcoM4j6ycfO8J9B91"},"_chains":{"BRonn95Ruc6s22j08Uqrm8RTQ/WRoFDCBffWfTDzPkko":{"chainKey":{"counter":26,"key":"3BSPXFGjf5V1Et39elo6ewxyfn1E8hKdeeAMRvIMom8="},"chainType":1,"messageKeys":{}}},"pendingPreKey":{"signedKeyId":0,"baseKey":"BZHRHieUSzMzlT5rsQM/RwyF3J89oD4kfpg/JUfsxjgq","preKeyId":10252924}},"BdV8xnEjKOvjCG7lMldT8TG2DR2XGs6672eGZikCwqdC":{"registrationId":1216225581,"currentRatchet":{"ephemeralKeyPair":{"pubKey":"BRzLSldlT7VybgLT/iPLArdLppFROHfd8RAGrc83PH1E","privKey":"uM90PNPgErXMsP+cXVfDHwu4wc2WiYY8Gxadn/wsx1U="},"lastRemoteEphemeralKey":"BVZ9eitgQMzbMKmlqcRaVPW8W/BQByA1p/nuy8eaFb9W","previousCounter":0,"rootKey":"CkVAL9jKPPrfSVoPexIlxSedJTj25IO9yXrK3iuMUX8="},"indexInfo":{"baseKey":"BdV8xnEjKOvjCG7lMldT8TG2DR2XGs6672eGZikCwqdC","baseKeyType":1,"closed":1732132790775,"used":1732132790571,"created":1732132790571,"remoteIdentityKey":"BXXSeo8LoUFFWamerczGRq8qgAVnKkiDD4K+CUJECKpS"},"_chains":{"BRzLSldlT7VybgLT/iPLArdLppFROHfd8RAGrc83PH1E":{"chainKey":{"counter":0,"key":"5QpP/wl370Z4bLQ1B/7tQIAnfnyuoajsJaJTCy0ZeiI="},"chainType":1,"messageKeys":{}}},"pendingPreKey":{"signedKeyId":0,"baseKey":"BdV8xnEjKOvjCG7lMldT8TG2DR2XGs6672eGZikCwqdC","preKeyId":15334208}},"BdNryUREgremuU0SB0PsnFvsaGEZgEXyiqcK66B9+DUs":{"registrationId":1216225581,"currentRatchet":{"ephemeralKeyPair":{"pubKey":"BeOTo4LrnRa95ucH3vs+z4prg5TXANtgTosj1Ai+FyxP","privKey":"+CgEtVeUiIcofw10YZf8aMuxy+SSZYx4nwQN0+rF1XQ="},"lastRemoteEphemeralKey":"BVZ9eitgQMzbMKmlqcRaVPW8W/BQByA1p/nuy8eaFb9W","previousCounter":0,"rootKey":"PV+CznTm4fZfoEh4nuw/gS6X+FAHb83cwmU9JOn+5eA="},"indexInfo":{"baseKey":"BdNryUREgremuU0SB0PsnFvsaGEZgEXyiqcK66B9+DUs","baseKeyType":1,"closed":1734124615837,"used":1732132790774,"created":1732132790774,"remoteIdentityKey":"BXXSeo8LoUFFWamerczGRq8qgAVnKkiDD4K+CUJECKpS"},"_chains":{"BeOTo4LrnRa95ucH3vs+z4prg5TXANtgTosj1Ai+FyxP":{"chainKey":{"counter":74,"key":"90nAQBNMfCLiOCfxBGuVf8s4hATpUMQ61OecrLI4fsI="},"chainType":1,"messageKeys":{}}},"pendingPreKey":{"signedKeyId":0,"baseKey":"BdNryUREgremuU0SB0PsnFvsaGEZgEXyiqcK66B9+DUs","preKeyId":15334160}},"BVRaP3JzPZV+BLX15Hi38A4oWqecGW9tXdsEhM2S5XZM":{"registrationId":1673964221,"currentRatchet":{"ephemeralKeyPair":{"pubKey":"BVokmRStx4m8USUykZ95URY0bGexpGVbxnxlbpTsu2Bw","privKey":"0IxCmr20nE4WWizwVGM36SaXmmB2IUkroGKLfQb7rG0="},"lastRemoteEphemeralKey":"BedL9artXuunmv0bwNe+OFrU++SSKcG29Wpjy4j1vA42","previousCounter":0,"rootKey":"TzKuwuDq1VHKERlmQ9qcXfD7XWU22gh69mXUJKFuMh4="},"indexInfo":{"baseKey":"BVRaP3JzPZV+BLX15Hi38A4oWqecGW9tXdsEhM2S5XZM","baseKeyType":1,"closed":1734124616005,"used":1734124615834,"created":1734124615834,"remoteIdentityKey":"BSp/McWKYOLxi4iLk+PHvFaRFmOxWT63Rt+SMkiGl2RS"},"_chains":{"BVokmRStx4m8USUykZ95URY0bGexpGVbxnxlbpTsu2Bw":{"chainKey":{"counter":0,"key":"/yN64HivA2h+tkRcZyRsFAs5NhnZxQHKRNrhznw6FuQ="},"chainType":1,"messageKeys":{}}},"pendingPreKey":{"signedKeyId":0,"baseKey":"BVRaP3JzPZV+BLX15Hi38A4oWqecGW9tXdsEhM2S5XZM","preKeyId":7777135}},"Bf7YHQAsU7S+AXThjz05i9T8dUfaq1W//AkaSOx5ZMtw":{"registrationId":1673964221,"currentRatchet":{"ephemeralKeyPair":{"pubKey":"BVzt+TR2OMzoy2d+VgkpbWx4cVkP6JMwqxuQDDUvbFIA","privKey":"mAs97RJ1cLt8EL/rnZQDw27q+aoh7VqxSccAISN4n3w="},"lastRemoteEphemeralKey":"BedL9artXuunmv0bwNe+OFrU++SSKcG29Wpjy4j1vA42","previousCounter":0,"rootKey":"XyZL6pqmT1ly8FOpAiw6beDrcYCcjPy3iJp+DAfc6w0="},"indexInfo":{"baseKey":"Bf7YHQAsU7S+AXThjz05i9T8dUfaq1W//AkaSOx5ZMtw","baseKeyType":1,"closed":-1,"used":1734124616002,"created":1734124616002,"remoteIdentityKey":"BSp/McWKYOLxi4iLk+PHvFaRFmOxWT63Rt+SMkiGl2RS"},"_chains":{"BVzt+TR2OMzoy2d+VgkpbWx4cVkP6JMwqxuQDDUvbFIA":{"chainKey":{"counter":98,"key":"vlM501SZ+Dmo+bUFMYtg5v0FqlcB/ww883LusQV0GP4="},"chainType":1,"messageKeys":{}}},"pendingPreKey":{"signedKeyId":0,"baseKey":"Bf7YHQAsU7S+AXThjz05i9T8dUfaq1W//AkaSOx5ZMtw","preKeyId":7777243}}},"version":"v1"}