{"_sessions":{"BfveJ+ddbuEBNDkd8i3q1IETyo3YcixXoduq5Xt3Xkcs":{"registrationId":7339,"currentRatchet":{"ephemeralKeyPair":{"pubKey":"BaLQJkZ7JRgwmqsVmDDYWXoUEedT2LyXs+G0a5CbZEds","privKey":"UNCIGpVsGtdM47dJR1tX1qkgegx7WdGrXFqc3Z71fWI="},"lastRemoteEphemeralKey":"BTcjUtVtLkJGhsLkP3DJb3ZmrdVqWqoyyt7/ivK6kXlZ","previousCounter":0,"rootKey":"EK5yjkp5xMHfUUvyjTXwawrq4MnL+HEzOt2G0bPcAUo="},"indexInfo":{"baseKey":"BfveJ+ddbuEBNDkd8i3q1IETyo3YcixXoduq5Xt3Xkcs","baseKeyType":1,"closed":-1,"used":1737206877180,"created":1735848845511,"remoteIdentityKey":"BdQq/+AkAT6zFotsOdulgr6s6sMHfZ7e1Y2myBHFBFMu"},"_chains":{"BQbjyiNywR8iFhOI8IUvMXLqslj7nm/FoKElBcRaeXxD":{"chainKey":{"counter":0},"chainType":2,"messageKeys":{}},"BWOUqZPlF7rny+gy104qHEJPllXEtKpb1NDyzMTQb9Jh":{"chainKey":{"counter":0},"chainType":2,"messageKeys":{}},"BTn/j40BHPCB6qEVg8Ophb58hdA+eO/XbdDuBTltZmYT":{"chainKey":{"counter":0},"chainType":2,"messageKeys":{}},"BWxZtFk1w/B/+VdjBeS1ow+nhrTXGkEy24ApLM71Eg0v":{"chainKey":{"counter":0},"chainType":2,"messageKeys":{}},"BTcjUtVtLkJGhsLkP3DJb3ZmrdVqWqoyyt7/ivK6kXlZ":{"chainKey":{"counter":1,"key":"M8DWhsfj13R5aZUHIxeP1Epg30ld2UcLmyGj1mibnj0="},"chainType":2,"messageKeys":{}},"BaLQJkZ7JRgwmqsVmDDYWXoUEedT2LyXs+G0a5CbZEds":{"chainKey":{"counter":4,"key":"7aKU1ayN3UiesWhhhkd9DSkjn+pCzRp5SMjZNDe88iM="},"chainType":1,"messageKeys":{}}}}},"version":"v1"}