{"_sessions":{"BdpWct7S4KtljnXON9gIX8/Aq4Vh0pVCjcMXX0YdNl1k":{"registrationId":1262071885,"currentRatchet":{"ephemeralKeyPair":{"pubKey":"BfyP8OaYxPJR3fZnkpqh+RTXX4GoCFfx4bcpwaV7261E","privKey":"oJpp7d6XV7thuNizmGJkuAPVNHSE5A9OVIWuwwDs5UI="},"lastRemoteEphemeralKey":"Be2fqYt3VeBiRgT2kYNOjrm/VCnF7LEJ9zQAHSxNGeYw","previousCounter":0,"rootKey":"/ePwab9ffsMfdej+FDOn2vKf+5UT+U5Dw4Uu0Bm2eTs="},"indexInfo":{"baseKey":"BdpWct7S4KtljnXON9gIX8/Aq4Vh0pVCjcMXX0YdNl1k","baseKeyType":1,"closed":-1,"used":1727196714555,"created":1727196714555,"remoteIdentityKey":"BYlx4aDaU99oRJg/YMHQscChF3pFgrT4H3phh9HnArxL"},"_chains":{"BfyP8OaYxPJR3fZnkpqh+RTXX4GoCFfx4bcpwaV7261E":{"chainKey":{"counter":104,"key":"kbfKKwdU4OwVGH0nL1RpX9LIw51rKpRhaKAn3hEfOV8="},"chainType":1,"messageKeys":{}}},"pendingPreKey":{"signedKeyId":1241877,"baseKey":"BdpWct7S4KtljnXON9gIX8/Aq4Vh0pVCjcMXX0YdNl1k"}}},"version":"v1"}