{"_sessions":{"BWu7km5LnsdgJ9FQPCDNINLN6mP7ru2GJ+uluJ0q0+wx":{"registrationId":10299,"currentRatchet":{"ephemeralKeyPair":{"pubKey":"BY74H5k/nLNnx0iMHeQcIb4B0X7UzGIq123aIW7GB09j","privKey":"yC8HpapS6uE9D561mCtmlR9d4kPQ7pOGeAV9mRIq4nQ="},"lastRemoteEphemeralKey":"BesLzmgYAu0yAhQdCS8lMsXgiPX0ULLCijq/1Wiz6nF+","previousCounter":0,"rootKey":"gJoKc4Ai3N9R2fVSAMZ/lehpAS5QX7ZijKEf+ghccMk="},"indexInfo":{"baseKey":"BWu7km5LnsdgJ9FQPCDNINLN6mP7ru2GJ+uluJ0q0+wx","baseKeyType":1,"closed":-1,"used":1741884184928,"created":1741884184928,"remoteIdentityKey":"BQ/yqAgb1+ox19pNnQc/SNj96uSl35cqR3wcNnSxMJp0"},"_chains":{"BY74H5k/nLNnx0iMHeQcIb4B0X7UzGIq123aIW7GB09j":{"chainKey":{"counter":3,"key":"lJ58X2ByPJ0NbSvVgOrhXK4MeeMNdJGoSpY2BEZhMRg="},"chainType":1,"messageKeys":{}}},"pendingPreKey":{"signedKeyId":1,"baseKey":"BWu7km5LnsdgJ9FQPCDNINLN6mP7ru2GJ+uluJ0q0+wx","preKeyId":272}}},"version":"v1"}