{"_sessions":{"BataLINx4vBSByEgAjJRi93ar1eZ9uUavvG/ZgYWy9R3":{"registrationId":251959296,"currentRatchet":{"ephemeralKeyPair":{"pubKey":"BZsW+5GKAwJGfV4kpEQR2409FeOtVajCY+Du5MyhRu42","privKey":"aJXRafpozLOFullaSp9rbmBTjazZdBhPFY3Tr0zVmnY="},"lastRemoteEphemeralKey":"Bevg81g6q++ljRWsWY1bIIyOVVF1TwIagSEDlgJQ7PY3","previousCounter":0,"rootKey":"eIdJeyO0WraJTqTyPurTBbllxeC7us8QOYej7vvTLe4="},"indexInfo":{"baseKey":"BataLINx4vBSByEgAjJRi93ar1eZ9uUavvG/ZgYWy9R3","baseKeyType":1,"closed":-1,"used":1737037162825,"created":1737036836671,"remoteIdentityKey":"BXGsIfVB8YF4m3Xj3E7a+OUttgID2N1xu/LEAEqmaANh"},"_chains":{"BQYzYgLyWawRp7uiZUp8Sa/fiq0U3dQO5KZzwRw7b30/":{"chainKey":{"counter":0},"chainType":2,"messageKeys":{}},"Bevg81g6q++ljRWsWY1bIIyOVVF1TwIagSEDlgJQ7PY3":{"chainKey":{"counter":0,"key":"dXDk4R9jllL/P9SI7prp2Hoq8lux1jH7pgEm8qFqUCM="},"chainType":2,"messageKeys":{}},"BZsW+5GKAwJGfV4kpEQR2409FeOtVajCY+Du5MyhRu42":{"chainKey":{"counter":0,"key":"hGBirAUU12CkFowdq/KOS+HasFNeTLYTQnp0EWrdmbc="},"chainType":1,"messageKeys":{}}}}},"version":"v1"}