{"_sessions":{"BfNbH3XoWICFVrNS2fbBN2Xc1BKVGoms0vzrID4VwYl5":{"registrationId":604022717,"currentRatchet":{"ephemeralKeyPair":{"pubKey":"BRnBAZz2cO13LY42viI3QMFinYq7jD4sMVsa3QkuZdpT","privKey":"MBgxJEzKXHLBsVNlc9Uf/l5BdZa/QL39351e0Zo2FUE="},"lastRemoteEphemeralKey":"BVbeiVQ5yut29wpyPxfKXW3aZO5iPVorLLokyKO52dJa","previousCounter":0,"rootKey":"RM+MbyYY2bHq9GE/ay5NnlLkQOCfBarcchPjaf9C68Q="},"indexInfo":{"baseKey":"BfNbH3XoWICFVrNS2fbBN2Xc1BKVGoms0vzrID4VwYl5","baseKeyType":2,"closed":-1,"used":1736902144906,"created":1736902144906,"remoteIdentityKey":"Bew91dw1qD0VcRwobBYtnJaJ6oRgvuBzk3OVvUWqD98Z"},"_chains":{"BVbeiVQ5yut29wpyPxfKXW3aZO5iPVorLLokyKO52dJa":{"chainKey":{"counter":24,"key":"L8v4X2iYLYTh2NCoRjVoOeloakHhYNEkUVyyNhf7xyg="},"chainType":2,"messageKeys":{"0":"aZsNLP+3z2DztuSSjFvdgpaO+Yms7lHEZD/WGzJwkzs=","1":"27tdTQxkmvjVE3a7bSPze0VFGrpqmLwETeKvPvuztB8=","2":"KDxPHkyNuY/N3R+OURxweLlfFIsLxl24VXkHgdH6POY=","3":"8gWoalfCcfwcLNvg5LpySerGrTGPlKT5gFB6DcziKDI=","4":"dBJUnrAui1atFa/WVydEJQ7wac9Y6ItEYYLLVt/M+SI=","5":"9i6rQ8uyup31k97xEnDPhLE5dqpy8BlnbAJG+rO1GRg=","6":"rhVb3lnSowCeP6eJLDBHQCXpozWA9F53vGyOM7hgDCE=","7":"MraobTliJlYxoNQJa5mDQ1Sctm6KPafjWl+DU9YnIeU=","8":"TmE927d655JlHFkQSd+hTCprMNyVyySgTIXaipzWNoQ=","9":"IwrNpWEKFrgxVBHv5xR9Bziupg52R91+CsXNjkCGSIk=","10":"R7Kgf1/xuYpPBQV3ulfM6CRHCHYCu1/FtnkNZxtByno=","11":"nm3S0BmWZe04uyEMMOngotsJo6vhPDc6+g8+weqF9jc=","12":"6+kOWgYZlncQ0Wmv4w+ULFxfgPxrGUHwrplAUmWVAAU=","13":"vTeiZ00BcYF70DFq/ExqXAvYY/A2tpiISkIJcDh9b8Q=","14":"9P0yfkAcwaFCdrne2OAbswm65jU+RyCGXIwaBJkfzDo=","15":"BSWML8B7IY89jNpeg3PiPxE2VS6QQuwjdWV52wrDfO8=","16":"GPAKKPaQzkZw3FpQ6zBRVkQ+4jtfiHaKv3dSda+xbOU=","17":"i01AhgfjEDrmSfOhuVXpQ1I5ROAANddm0A0N89Ql/t8=","18":"49BZe4MrDH13B6BVK5yr/OdZtVjZd1fTLnkQocfw2BE=","19":"RydvHJ+gGVahMaq+lnV5W0wmUQZxvjy2qlXGKepLuLc=","20":"7wZtfQx+CoM3rrn/9EYh/+K7esaiH6cPV1/LMgp/MYY=","21":"BYZhA4y/nVenPY/dKk+Hj9TbdLAsdU6F6FJfa2eijdk=","22":"Vhelgj5y2vNvV0fTiqmVsQqhNqBGU5RTYpibRLovcd0=","23":"Su98J/wMj/WMxfWm2fTC+h0ARfyb4/Pv60PciVt26G4="}},"BRnBAZz2cO13LY42viI3QMFinYq7jD4sMVsa3QkuZdpT":{"chainKey":{"counter":0,"key":"7s+bGXL3kbhdygvmAW3qk85HTTg44mRb5lIYBD0DJFw="},"chainType":1,"messageKeys":{}}}}},"version":"v1"}