{"_sessions":{"BY6T9YQ+CNCAPKCILuA6ozl8HQsLl1fEQWz0ViTwbGI0":{"registrationId":238513762,"currentRatchet":{"ephemeralKeyPair":{"pubKey":"BVrecEhYsf+BXRfEOe3QenBaXzMmoTEKXdLWL7LmDBMA","privKey":"qEQPfHycPGPUZ+Kn2IaaAgkjYVQzQiGtot+7jX80h2w="},"lastRemoteEphemeralKey":"BZf5RggKGzNHmJBgUP9u7Xcp3SJFLydjGfm/to7zT4sU","previousCounter":0,"rootKey":"Ol5I6HGm0T2iiH6TfTSzREY1reAm8UnTcBbDogHCNR8="},"indexInfo":{"baseKey":"BY6T9YQ+CNCAPKCILuA6ozl8HQsLl1fEQWz0ViTwbGI0","baseKeyType":1,"closed":-1,"used":1736627498990,"created":1736627498990,"remoteIdentityKey":"BU0J29aQAtiV58LJC70IdeRADnmCuMJ8rLhtBF8yyth+"},"_chains":{"BVrecEhYsf+BXRfEOe3QenBaXzMmoTEKXdLWL7LmDBMA":{"chainKey":{"counter":0,"key":"Ts9KdNd942vuHfZ4KFmoxnkpA2gDaWva/ZWSNjYxMgs="},"chainType":1,"messageKeys":{}}},"pendingPreKey":{"signedKeyId":5,"baseKey":"BY6T9YQ+CNCAPKCILuA6ozl8HQsLl1fEQWz0ViTwbGI0","preKeyId":3270}}},"version":"v1"}