{"_sessions":{"BTfs1jLc5lshkca0YSfhF1FITImeNxQyMxNSPIVYhhtQ":{"registrationId":1156,"currentRatchet":{"ephemeralKeyPair":{"pubKey":"BYOUW7g03XaMjVhrrsp03/kNl7Wr49zResx2l18hTSVW","privKey":"EEHrRxP2tv7YHn7lfgurl83STtiHgJecbRCxTu94vGk="},"lastRemoteEphemeralKey":"BbZwd/3x0sr2UqGpp6+4YYia1Bx/1od+97HylOB57CFa","previousCounter":0,"rootKey":"YUXvTemyx/3HNjamTxBDKqm0SeqmYA2U+4amx0TvNaI="},"indexInfo":{"baseKey":"BTfs1jLc5lshkca0YSfhF1FITImeNxQyMxNSPIVYhhtQ","baseKeyType":1,"closed":-1,"used":1728344349268,"created":1728344349268,"remoteIdentityKey":"BTXFi9qZxK7svBYZIi//52+Qfc/WQlTWnzvasp3DsdEY"},"_chains":{"BYOUW7g03XaMjVhrrsp03/kNl7Wr49zResx2l18hTSVW":{"chainKey":{"counter":1,"key":"dl2X5ADfthAhZADdn82szF9nKZbPKBRrnScibkf5ucU="},"chainType":1,"messageKeys":{}}},"pendingPreKey":{"signedKeyId":1,"baseKey":"BTfs1jLc5lshkca0YSfhF1FITImeNxQyMxNSPIVYhhtQ","preKeyId":24}}},"version":"v1"}