{"_sessions":{"BUpxU7OfhUVp4WYQR2vHbXIolQRx8C0EHpG/BpOyPJMb":{"registrationId":148,"currentRatchet":{"ephemeralKeyPair":{"pubKey":"Ba1dOx4wMKbka6l9OXdDjJ7L3LAadEMV48uK2gpaQHMA","privKey":"WE1R2exDPxwQq047Zw2Q5iSL7D4eWAjAtERYXLZZfXI="},"lastRemoteEphemeralKey":"BYl16XEY+yzFbpjV9etXAWOX6VY5Mg72vTK1iO6W7ZUX","previousCounter":0,"rootKey":"A+QhQt7lVt33kCxs4kK9K7K0qvq9pGuDb8LggU49fOE="},"indexInfo":{"baseKey":"BUpxU7OfhUVp4WYQR2vHbXIolQRx8C0EHpG/BpOyPJMb","baseKeyType":1,"closed":-1,"used":1727196714913,"created":1727196714913,"remoteIdentityKey":"BbqYNus3sLs0JwMOjAJv5c4fdbQ4S7xG9G6H41HWZ4Qi"},"_chains":{"Ba1dOx4wMKbka6l9OXdDjJ7L3LAadEMV48uK2gpaQHMA":{"chainKey":{"counter":19,"key":"H/UvOkOexO0xXPvRRdximiUmvB2VcmuZ5NNRVTdZP9M="},"chainType":1,"messageKeys":{}}},"pendingPreKey":{"signedKeyId":1,"baseKey":"BUpxU7OfhUVp4WYQR2vHbXIolQRx8C0EHpG/BpOyPJMb","preKeyId":894}}},"version":"v1"}