{"_sessions":{"BQjHvpEvc+BjXtmCpgc0uy27i+bqA5Y7YoFwoeBZRGsi":{"registrationId":6496,"currentRatchet":{"ephemeralKeyPair":{"pubKey":"BXz0TMTf24OrQxMkDY/iWOTZxvTI6lKy1MNAwVXWIzcZ","privKey":"IC8SWpfPTRN9w3sMhhI3RsIKDsa4PMGtBz01AcXnF2s="},"lastRemoteEphemeralKey":"BewAdufAc8n068zT47kr/+dFk+d4SyQG7LJ4iFFxANpL","previousCounter":0,"rootKey":"2puCkthrd+5SH2mZNJw5RZgJHrcQtdyK4gN9AUmLGX0="},"indexInfo":{"baseKey":"BQjHvpEvc+BjXtmCpgc0uy27i+bqA5Y7YoFwoeBZRGsi","baseKeyType":1,"closed":-1,"used":1729690809081,"created":1727531630998,"remoteIdentityKey":"BQZg2o720gTT2UtY3qvb89ivKxRzVOcag5w5tgL30D8G"},"_chains":{"BUo3f5caQJ+/ZWzmPcwoOMlMuhZE5XQBGzOBmGxMy3sv":{"chainKey":{"counter":0},"chainType":2,"messageKeys":{}},"BUsUSleZ7xmwZTaguE5nNgYi3nVBynGSMQNQcbIcVrE8":{"chainKey":{"counter":1},"chainType":2,"messageKeys":{}},"BQ72Kv52xSq3ZxrzmBKnleYM/R9I6SgtEoGgl8kfTClx":{"chainKey":{"counter":1},"chainType":2,"messageKeys":{}},"BTPfiFdUob6QE5U4d0EKE5DiqJ5SBBJmGJzdtmCXwP8Y":{"chainKey":{"counter":1},"chainType":2,"messageKeys":{}},"BcNbPWnjSuvLlXCG9iM3RkMCFvWOD2D8a49O6uOihv9r":{"chainKey":{"counter":0},"chainType":2,"messageKeys":{}},"BewAdufAc8n068zT47kr/+dFk+d4SyQG7LJ4iFFxANpL":{"chainKey":{"counter":0,"key":"yrpDA/PsrXRRvWzmHitxFfTRbsonFjbwrNoQhcRJJx0="},"chainType":2,"messageKeys":{}},"BXz0TMTf24OrQxMkDY/iWOTZxvTI6lKy1MNAwVXWIzcZ":{"chainKey":{"counter":7,"key":"w1kaGAc2Xpf8/NFGQp99UoCm71FkEnb1vZnHeR33bZo="},"chainType":1,"messageKeys":{}}}}},"version":"v1"}