{"_sessions":{"BeU0HbLvoJGbnfzLh14eLSY5So3QymPYKtGkjeafn7xD":{"registrationId":1297815478,"currentRatchet":{"ephemeralKeyPair":{"pubKey":"BR9/bRfJ4fFLWBIss2LhQAN46j0wzB0A2/0s6LO3oJ9g","privKey":"kG7lxHH+T2K7GU5Doj8pcz6wo4AVnTwVCvfpcsM3XXY="},"lastRemoteEphemeralKey":"BXzaz1KwySpteWUkT0LZPpuDslh7FlDTPCNSIwBjLKM7","previousCounter":0,"rootKey":"tcPmIY8mQ6Sytr4jm3sYtzqSwi2UdoYge44XpQGCfCA="},"indexInfo":{"baseKey":"BeU0HbLvoJGbnfzLh14eLSY5So3QymPYKtGkjeafn7xD","baseKeyType":2,"closed":-1,"used":1731092990418,"created":1731092973368,"remoteIdentityKey":"BWYD7whMO10piaD3qdZ+47ZrHPaQnUem7ak6EmsbQ8I2"},"_chains":{"BWPC8tEMZ1qSdCy8v/mZtuXtxohnha3ixBWU/nLkwkk0":{"chainKey":{"counter":0},"chainType":2,"messageKeys":{}},"BXzaz1KwySpteWUkT0LZPpuDslh7FlDTPCNSIwBjLKM7":{"chainKey":{"counter":0,"key":"kBmeY1uUXcQOvW1rEz/nnTWeON1JF4KXdPrqTwHhx0k="},"chainType":2,"messageKeys":{}},"BR9/bRfJ4fFLWBIss2LhQAN46j0wzB0A2/0s6LO3oJ9g":{"chainKey":{"counter":0,"key":"V/ScAFVK+nQp4nvFFjX9OiRjLSfSRfooqKU8UMrFY+c="},"chainType":1,"messageKeys":{}}}}},"version":"v1"}