{"_sessions":{"Bbk8RpKTFk1PrBagdzlexGYHhxQY9X77iOWiHFoF3Mgv":{"registrationId":4433,"currentRatchet":{"ephemeralKeyPair":{"pubKey":"BT0ldX5JvG62BPxJYkEdXPekhDvioS3S/LQRLTXsTg8m","privKey":"iBSPXbZSUPKjhh/+/MZmzjoKcoxxqR+B+x7HTdAWF3E="},"lastRemoteEphemeralKey":"BYb/yPW0t4aspXJ8gqlYPlKrlg0Whqu6HS6LPOtemJdX","previousCounter":0,"rootKey":"1Sht/Jjj2ISOK2krLmeIXNccV8NmIBAMDe3K0BHOxCU="},"indexInfo":{"baseKey":"Bbk8RpKTFk1PrBagdzlexGYHhxQY9X77iOWiHFoF3Mgv","baseKeyType":1,"closed":-1,"used":1737046571388,"created":1737046571388,"remoteIdentityKey":"BQi3BvHIWUnzSOM3NbztoIUwHugZbqD3Ksl4S6ScK9dW"},"_chains":{"BT0ldX5JvG62BPxJYkEdXPekhDvioS3S/LQRLTXsTg8m":{"chainKey":{"counter":0,"key":"pDqill2JRURLCnYEv9P9RovjF2fUfaiZa5V/n7ztc8g="},"chainType":1,"messageKeys":{}}},"pendingPreKey":{"signedKeyId":1,"baseKey":"Bbk8RpKTFk1PrBagdzlexGYHhxQY9X77iOWiHFoF3Mgv"}}},"version":"v1"}