{"_sessions":{"BS5zpEwfiYNvKhWjXmmCG/UO3/Wj87cdQpKiFKh9bPAT":{"registrationId":1367397130,"currentRatchet":{"ephemeralKeyPair":{"pubKey":"BTzvOsbPjyeuy5yFpDHrBw2PL468VCGij7Pg9OsApMpj","privKey":"OH9R4JIQttaYu4yF7JtzBRdfZpuM3q4FvZJV+M0wn2Q="},"lastRemoteEphemeralKey":"BZOZ20TZfxUXsKfOyyMa7ZK5EEAHNffqWJAZ4j33O2JN","previousCounter":34,"rootKey":"h5kDF5EBxL4jLiC3aWswLb+fFIbNEWZwWdjJ3pfHP88="},"indexInfo":{"baseKey":"BS5zpEwfiYNvKhWjXmmCG/UO3/Wj87cdQpKiFKh9bPAT","baseKeyType":1,"closed":-1,"used":1739458504352,"created":1727287346148,"remoteIdentityKey":"BfAug+1DGUPclwsBfD6eukgHa9daXolfB9l2+Kkudull"},"_chains":{"BZr4Vm+D5F91sqBZM/3cjV9iHh9Xn3oYVRMZXzB81iRz":{"chainKey":{"counter":0},"chainType":2,"messageKeys":{}},"BSfa1s/4zSL88DmFwunuiaZ9LGy5qxvA1So5yIuIqH9V":{"chainKey":{"counter":28},"chainType":2,"messageKeys":{"0":"NutXLCdgw7XxlJF8mPF0CYhEYin80j26rl1/Rr9rHfU=","1":"AUa+AAgIdSt2HvgFHfPISY3SGGat6r+fcEk7jHcfbQI=","2":"NToSLhAMcxUAuY7ira9omNiGylYrLxE1QnuA6gYrJT8=","3":"6+XLjU9dyx/ZLrywG+YyU9PSp5zMC3OVeZzBNuqYu/A=","4":"FOu0Ymnzkd9knddpDBDgInEktXYcGfG+Id1UNIivGT8=","5":"pfAfH9IG9Nx4i+qd9+YT8Vtbxs97Acjx9eAEG/7dcVs=","6":"c7+YFif4zsMs/MHiZGquvzBHoMlOr9sGuu05UvuHBiE=","7":"adCnctoQBYsdpUU7jBgsJ5LMVBFdRfi4YjgzoQ2i/CY=","8":"VqDkWJ7HT3CHhOkmyC+RclYysC4qdGBPFgmIOYMADyI=","9":"W68olMmElEXAoKqOW72266zd3tilpQiQRS1x3h+TeWg=","10":"lVzEUflXci2nFkkoEEDMR8TZ8SHRaxsOqtfgGECmsog=","11":"4Wxl9kfV+MnDPHNIxLYti4D1ObPcT2xHHof0jLVlRTA=","12":"0M27CYIje7rez2fQyHLgFbONGaJtRwzR39H1EdbboRE=","13":"5Rl/ju5ZUzYUH0z9kZi/Rn8lqM8cNhTB1j5XiS2zuL4=","14":"B3W1LEnvDfVqYbAPfg1RBN8bZ1g7lGIvPccL0CgOY9s=","15":"6tXjFTFO6devIJEvpp1n8oEfuLxlfaTuQjOATKFmejM=","16":"/5Q5oDm5uBU6NjFdTuo7Hpe6RmhxLFQBTlyno7Izw4A=","17":"BAbnM6A4ff/yqAsc0OZgdCIj8qDKeVQyjecr66a4hmQ=","18":"FgZJaTDVePQRFqk+6nlN9iceAbQ3BtWbmpTnasvptO8=","19":"rbsnZ8+nWkoQWquSTa5A3OMWrUVTaF5HLKZUYahBb60=","20":"4loYmCfXow7cHkzZhHDyAuy17zpI/Hv1lFhv06RBmbU=","21":"BZ8A9F8zJkmJNKDrg+lbCPHJrgO7bZaQc8w3Rv+EHfg=","22":"L5MmyAqv4I9YoFrTi29EZUfjwWsSKtwZzE9Zd8Gh8Jo=","23":"CcHDWYqT6z5o1O36O7k1thi8BuzQbDHunDeDyKQ0Kj8=","24":"JyJpIMlXD3LCrkCRP2NKTOueAzaFuLkOXpkXZkdo1wY=","25":"4Y76eJs5vvdgn8Ahg0cox4T4HCpHvLRreM2C6PsO3SQ=","26":"N6O7LOKHf0zAdAMSNBsSf10V2IHWD4FE520MjWvLEn4=","27":"dZfY7nXCvZztK7l92x1gxlhYZRaAfpZMPkToTZN68Xc="}},"BZOZ20TZfxUXsKfOyyMa7ZK5EEAHNffqWJAZ4j33O2JN":{"chainKey":{"counter":43,"key":"qqZdHj74bqPLUavDOyVErkJFt4dXg24nfMWl4XMKKGQ="},"chainType":2,"messageKeys":{"0":"YvHP2mj/miXSOHF0qwn31dFNx1MMFlk3l0OGu3cN5ow=","1":"YLQ1J743jYYfVuqHEPOaOcCfNJkNbISsIQBWJuVrCrc=","2":"AnZkEiKaR+k7PaWzYsF5a5/GJVBXm5A6rN7vqO39X7w=","3":"sCs2hAqQ5wgnZ3Fh93RJ5R0LGM55sYm4/1J99rElLwQ=","4":"Y1dKVqsbaezaKFKWOddaDyphNdUrkugW0TNCrHRL4ak=","5":"kKWCYiCPRwfGT3krDC1X4S9ctuNo3sTsEjO4tGKT8q8=","6":"NZaGjs+JOVLfGqr27XVh8Jih6IaPkkNAPckpGWiYa2M=","7":"UY3L8cbVSg3UiGeayJnq/Wnlz0Ul3M03BGWx0UZ2Hx0=","8":"xMSXWM+lx3G+1kyCgc9ph8rwNNqYfqKO7fRi6cppnY4=","9":"Q5LJi0nLEdt0wFMkgIEU+1PFaJ1n2UcTbGZvoSer6ug=","10":"Gp8Pldul1PWKovuy72GWkMu25uPCd7uoWLi6Iab38t4=","11":"FRXAi/MrLQVj1v+TtjVmsLTEsXRoirwQY1QwyHQDHvc=","12":"//IvdoronPIt34CkpF7JwTtizeUlFjpKGBWCa5LrP4M=","13":"5SwMhagdk0yPtNJ8HfwrCQlm2ok/C7zhFa2lQHrFKSg=","14":"cpdMRwjsZjZW/0gZ1PVTsI21PD7hFFiVHbAGI2+fWn0=","15":"mAvJd7t8230uy7U+Xyjzgg07yD2CTM/PPyIW3tRsqNw=","16":"ALaI1Tw+blI+mfgLR55MO2IzwyMNT8Ow5CxBH/Ncb2Q=","17":"VgbXxnruCKVVGyIJpXKyFcvc2SoDP+rPIng9cPXVui8=","18":"hUYXgkKJx5QNrpExEPF2PEsNueFjcXMOVj1M3W3M0bA=","19":"2pL4G8wDNMfy+rUh0KrE0SS1+D55fQtZCMSBhhrQuUw=","20":"Yq1jpKFnYfBceW4d/TroYUTnEdHF1z0kmRlRhXgT7p4=","21":"5NrJr99DGz3tCJgJcVEKqn1k1f/8L6TsnaNxOAy5rf8=","22":"8rvlqE33iLfWuhMot3cjatCrLrmVjBf4aCWAM2TVJWI=","23":"g8JzUOdw3BPURxSNW6A0hfxktEM5Y6WmllpsUJL56og=","24":"sbPqeOjG3ZyEobqpR+wV3e0HW1Ki0nE9j8V8rkuh1Yw=","25":"Wfb8jQ21oYYnyzG2gFrUB/d+UwwieqVLt2k07DOg7xo=","26":"Ui+QbGTaZ/s3TUpSdgFQAmsFDllZmnL7KyN1RKUMONI=","27":"gu27K+QMSbHNDxwSkG2aEzDEwxGe/HVZ1JtZQpnW4bU=","28":"VYdGiMliN+egcVB9BCVaWmDL02jIbFs6ulpzkQ1cogk=","29":"7dvtHxMwahIreihhii5fFGUVK0z+XQ7y8SYVgK/fX0U=","30":"wzgsEmRRKmAx4oXxcOOyejrj9aqc0hR/+9POEgXSJv0=","31":"coEqaWgBi7LkTEyqde2uNSgaYI44k/JCMrFFwSpBKFk=","32":"GlN8n+YEyicYyMbSPBVYUzyg7l8xR7E8Wp02wdb7gGk=","33":"+jspdJWraE6wZTKcV2Jk3PN34A7dtrwuE4RDyJ5aIwo=","34":"yG4QsSSccSFQO87leV7AXexI1oc7gkfgvcAHmcfPUAA=","35":"VXjTzesPyd3ujb/SJgGtA7CCk7J90n0Z8dscmFydRlw=","36":"kxbGksY1K9fwqHeH7kKEkqHRVIjbnQQmHOsc+iyC13c=","37":"+aB5L4ucPwsVj2eD/KRW/bG3+RYLdHS9QZzXGj9SLwg=","38":"U1QOcUZJ+DMOZlE9wJYPBMkEmN6KDwS+YbPg77JyDBc=","39":"8ColxkIisfk+VeemL/1YTBsSPqLABNo0nXT+oKkiFCM=","40":"TqonbgCL4AOMq3ogAwL0avti5ESTp556gXaj1LjUTks=","41":"u8K+53t1grTNoBmRXO48cm3OS3tHyKv3aMiBuNa4uf4=","42":"v9ccfvfJWpGEGmrK0LaKYdoLOj2JpJ8DyU17tCvzWCo="}},"BTzvOsbPjyeuy5yFpDHrBw2PL468VCGij7Pg9OsApMpj":{"chainKey":{"counter":28,"key":"xqVhD9ahrs5RSQHRcqvIDurmf0vOIsE29ZOp4f8Dwdc="},"chainType":1,"messageKeys":{}}}}},"version":"v1"}