{"_sessions":{"BWM6SnwP3jH4P4BOzfaiURFWgaTHYyswmO8OYQ7Vs7Ql":{"registrationId":1665125551,"currentRatchet":{"ephemeralKeyPair":{"pubKey":"BYPX35bb7TbyKeWswArIFIphPPGnBSax6t1a8Mf2Qn1g","privKey":"GOTfnDhTHKnFtx2CB/sBPVHR6Tm9T+QJzrumpxEX5E0="},"lastRemoteEphemeralKey":"BSo91VtTy2cF1SpSxx+CYKIZBo2RxCrfmyp16TSD4ZIT","previousCounter":0,"rootKey":"vhTvbqG9KpWerSW8RChHXaQKgPYlypg0DxbapDzkUws="},"indexInfo":{"baseKey":"BWM6SnwP3jH4P4BOzfaiURFWgaTHYyswmO8OYQ7Vs7Ql","baseKeyType":1,"closed":-1,"used":1729956998495,"created":1729956998495,"remoteIdentityKey":"BQkGysYTA6DEczKfq7XNbPiOqPGGezKMOGmAl8LhYURT"},"_chains":{"BYPX35bb7TbyKeWswArIFIphPPGnBSax6t1a8Mf2Qn1g":{"chainKey":{"counter":13,"key":"/E4ghnyBCk0Xba84msYk+xTiXHrnRv4ZnXIPIAZXJX0="},"chainType":1,"messageKeys":{}}},"pendingPreKey":{"signedKeyId":5638914,"baseKey":"BWM6SnwP3jH4P4BOzfaiURFWgaTHYyswmO8OYQ7Vs7Ql","preKeyId":1873}}},"version":"v1"}