{"_sessions":{"BVC3rzH8uiTuvQyTdagaigd22Mw1UzXINGSItYj/jp5G":{"registrationId":371196825,"currentRatchet":{"ephemeralKeyPair":{"pubKey":"Be3zUw4QKU4X2PAMOtx8PEZ2A3PJMARtkXgq2Cs7/2RL","privKey":"2E2++c3iocNQTrcD6p+ziV+AnzOilHwjzGv9Rln/3VU="},"lastRemoteEphemeralKey":"BXk5PL/lGcI3hnKdwdB/mtqn0bZTFBBMo14cznxInYla","previousCounter":0,"rootKey":"oS+/YkQkzjn+yD9FWbCKolGx4hzISF5BDSG3e1KASGk="},"indexInfo":{"baseKey":"BVC3rzH8uiTuvQyTdagaigd22Mw1UzXINGSItYj/jp5G","baseKeyType":2,"closed":-1,"used":1728670070202,"created":1728670070202,"remoteIdentityKey":"Ba5X4aZ3VI/cKqeJ6YypFcUnuMKbP4tg6+ThoEmE8epC"},"_chains":{"BXk5PL/lGcI3hnKdwdB/mtqn0bZTFBBMo14cznxInYla":{"chainKey":{"counter":0,"key":"/h0qeR1r7Vb7sB/jyPhQ3drG0uNQEBWBGw7O+9JyB7M="},"chainType":2,"messageKeys":{}},"Be3zUw4QKU4X2PAMOtx8PEZ2A3PJMARtkXgq2Cs7/2RL":{"chainKey":{"counter":-1,"key":"ucAsSanro8KUJ+6vjvKlbbrZlRsZqqWRx6aHYE/HQ9k="},"chainType":1,"messageKeys":{}}}}},"version":"v1"}