{"_sessions":{"BYQoEyuo2z+VRl8WSQnHXJVI4RVCfeLfC/cvFn1HI6R2":{"registrationId":3243615420,"currentRatchet":{"ephemeralKeyPair":{"pubKey":"BTljOdtLmxciWe4IL4KZYaBwMdbNvsYpy3iPs9y8xRAG","privKey":"MBrhEhjkR7uXa0oWpN0d4JjxPvmd44j/QuOFapgvWWU="},"lastRemoteEphemeralKey":"BQyrnGpqcUGMgOZrXyhl5jAzzCxGT5gFkDwGvLvUt5Io","previousCounter":0,"rootKey":"+ZRipYR0D/tgs+Twxhjym95MXYPdS9/4MECedzvJ2gw="},"indexInfo":{"baseKey":"BYQoEyuo2z+VRl8WSQnHXJVI4RVCfeLfC/cvFn1HI6R2","baseKeyType":1,"closed":-1,"used":1739551524894,"created":1739551524894,"remoteIdentityKey":"BR+lK/Qt1RwnIlq8TijhEC+bvSU1QxEgNMS7EyWbcb4O"},"_chains":{"BTljOdtLmxciWe4IL4KZYaBwMdbNvsYpy3iPs9y8xRAG":{"chainKey":{"counter":1,"key":"rH9/mtIwxua11DT/tpz01FYWl4HK9MivtK5AI4HT9bg="},"chainType":1,"messageKeys":{}}},"pendingPreKey":{"signedKeyId":9644129,"baseKey":"BYQoEyuo2z+VRl8WSQnHXJVI4RVCfeLfC/cvFn1HI6R2"}}},"version":"v1"}