{"_sessions":{"BbzYBwwjZeyyD6KMmdfbkWT0mMfervwQn38R6lA0UsNk":{"registrationId":9224,"currentRatchet":{"ephemeralKeyPair":{"pubKey":"BRiq+0QXI0BWAsszl/DQxVVpnCycKe4SAAi4vq/NcEtB","privKey":"2BUP01p74pAdG4i+3BBhtDmAoaF1RD55kUQRjZG7tGE="},"lastRemoteEphemeralKey":"BQlxhmpq9483soaMTH0jL4uHTlCXGRFajRT+fU4YKvRy","previousCounter":0,"rootKey":"LYwkuOIeOgm+KEz+Osp1OPWfLRmbdF9gLb2jhSExzgw="},"indexInfo":{"baseKey":"BbzYBwwjZeyyD6KMmdfbkWT0mMfervwQn38R6lA0UsNk","baseKeyType":1,"closed":-1,"used":1732197495459,"created":1732197495459,"remoteIdentityKey":"BYjyKUEo5gcHCytSVaN/v/JhIdiPrGXn5Mja7dwu5/VI"},"_chains":{"BRiq+0QXI0BWAsszl/DQxVVpnCycKe4SAAi4vq/NcEtB":{"chainKey":{"counter":65,"key":"0h3oWsQO/a1BHWwJIj0ZghXar5cKHoJRdhVPR6ZWDXk="},"chainType":1,"messageKeys":{}}},"pendingPreKey":{"signedKeyId":1,"baseKey":"BbzYBwwjZeyyD6KMmdfbkWT0mMfervwQn38R6lA0UsNk","preKeyId":245}}},"version":"v1"}