{"_sessions":{"BXHExsh22uUKt9DbjZXcxKXWuN8eSUwEOVsBDGZQA7N+":{"registrationId":511090386,"currentRatchet":{"ephemeralKeyPair":{"pubKey":"BRd+eFH2ZBI/zZlysPU/j0FenF815rh3xHTcl3Q9opN7","privKey":"2PQ1jqH42n2rSRPt5oxYc5+3y9EUrDjPr2cF5ks6hkc="},"lastRemoteEphemeralKey":"BQWkr7kVVSjdq73HmYofFLVPcpw7wnm6CMCS1OiLsYR2","previousCounter":0,"rootKey":"HCAjE0JytvavAMsRzqL4Pj+IUOyKotdInHwr29Rdedk="},"indexInfo":{"baseKey":"BXHExsh22uUKt9DbjZXcxKXWuN8eSUwEOVsBDGZQA7N+","baseKeyType":1,"closed":1732197496845,"used":1727667353546,"created":1727667353546,"remoteIdentityKey":"BSzh1kmMPedJIZQNZ5Ttxu9RgpLbY/0YC8g3MIrk4Fl3"},"_chains":{"BRd+eFH2ZBI/zZlysPU/j0FenF815rh3xHTcl3Q9opN7":{"chainKey":{"counter":7,"key":"PZ8sCIHdGQCJzBzXitIF2+hqzhGu+JLYRbqaljTySfA="},"chainType":1,"messageKeys":{}}},"pendingPreKey":{"signedKeyId":14189094,"baseKey":"BXHExsh22uUKt9DbjZXcxKXWuN8eSUwEOVsBDGZQA7N+","preKeyId":1246}},"BQ7UjRQ4G9nZ7MAS4Hi6Hr0L9OsvGA3VqmbSWRmdDHQv":{"registrationId":511090386,"currentRatchet":{"ephemeralKeyPair":{"pubKey":"BSVLnvcPmI9kicWk5gRXbeD2FzUv3pNWon13ewEEBzFb","privKey":"+POURbwGSvW7dZffYx1kE4F49LrM/ovo00iMyffnInk="},"lastRemoteEphemeralKey":"BdtyxVED64itmaN/eiy43qlUjpJ4NxwZ3ZkALhuaIiAD","previousCounter":0,"rootKey":"8HRL4ByfqYIi1cngrji2VUMXDPcu6Fro7TzXbtbAB5c="},"indexInfo":{"baseKey":"BQ7UjRQ4G9nZ7MAS4Hi6Hr0L9OsvGA3VqmbSWRmdDHQv","baseKeyType":1,"closed":1732197497084,"used":1732197496844,"created":1732197496844,"remoteIdentityKey":"BSzh1kmMPedJIZQNZ5Ttxu9RgpLbY/0YC8g3MIrk4Fl3"},"_chains":{"BSVLnvcPmI9kicWk5gRXbeD2FzUv3pNWon13ewEEBzFb":{"chainKey":{"counter":0,"key":"sFFS/4LgfKo+AYLHIh+QjP1GZvCUB3rRXiEN89OSWbE="},"chainType":1,"messageKeys":{}}},"pendingPreKey":{"signedKeyId":14189096,"baseKey":"BQ7UjRQ4G9nZ7MAS4Hi6Hr0L9OsvGA3VqmbSWRmdDHQv","preKeyId":2541}},"Bf18VNRXBCEYroIofOzrsm0+bn0Nhtduc09WB/njuxVM":{"registrationId":511090386,"currentRatchet":{"ephemeralKeyPair":{"pubKey":"BZAq6blgyvuihHHXXIP/agJfGV9PYPI56oWHJwQzqrV0","privKey":"MB8yQ3b1KviO6+37ga7E6JztASzjKHg5BmkB32bD0l4="},"lastRemoteEphemeralKey":"BdtyxVED64itmaN/eiy43qlUjpJ4NxwZ3ZkALhuaIiAD","previousCounter":0,"rootKey":"USqRQzwVdL/MjgwO3fdymHvPpGd32IHyJdY752RL1PU="},"indexInfo":{"baseKey":"Bf18VNRXBCEYroIofOzrsm0+bn0Nhtduc09WB/njuxVM","baseKeyType":1,"closed":1732197645382,"used":1732197497082,"created":1732197497082,"remoteIdentityKey":"BSzh1kmMPedJIZQNZ5Ttxu9RgpLbY/0YC8g3MIrk4Fl3"},"_chains":{"BZAq6blgyvuihHHXXIP/agJfGV9PYPI56oWHJwQzqrV0":{"chainKey":{"counter":2,"key":"XQrUcnbN3FPMksaLm/uJwHfxHgBY5rGVkRLH7quwR5c="},"chainType":1,"messageKeys":{}}},"pendingPreKey":{"signedKeyId":14189096,"baseKey":"Bf18VNRXBCEYroIofOzrsm0+bn0Nhtduc09WB/njuxVM","preKeyId":3150}},"BUdp4IETBByLk/OM9ufJYtFeRnZ+66m4BFpGqcFSg55b":{"registrationId":511090386,"currentRatchet":{"ephemeralKeyPair":{"pubKey":"BYUjTHrJieNt6xW2GQf6CjGZVvN+p8yvQoreaf9IRccV","privKey":"kPujBHQYIppgByyCZnXK2ZauaPzbrR0r08Cbaby07Uo="},"lastRemoteEphemeralKey":"BdtyxVED64itmaN/eiy43qlUjpJ4NxwZ3ZkALhuaIiAD","previousCounter":0,"rootKey":"q50xLSie2OHO9cLPQauQ05Stus/h0gL2r4hppl6y3Jo="},"indexInfo":{"baseKey":"BUdp4IETBByLk/OM9ufJYtFeRnZ+66m4BFpGqcFSg55b","baseKeyType":1,"closed":1732197645599,"used":1732197645381,"created":1732197645381,"remoteIdentityKey":"BSzh1kmMPedJIZQNZ5Ttxu9RgpLbY/0YC8g3MIrk4Fl3"},"_chains":{"BYUjTHrJieNt6xW2GQf6CjGZVvN+p8yvQoreaf9IRccV":{"chainKey":{"counter":0,"key":"vqZRikh1GODyE0hCikif/FUQ4jhY7INrpUU1vXJ1RSs="},"chainType":1,"messageKeys":{}}},"pendingPreKey":{"signedKeyId":14189096,"baseKey":"BUdp4IETBByLk/OM9ufJYtFeRnZ+66m4BFpGqcFSg55b","preKeyId":2437}},"BYQfM7OhO4uc6HEIM7ljzp2c4rDuzQ0EEokOK8c0nNVe":{"registrationId":511090386,"currentRatchet":{"ephemeralKeyPair":{"pubKey":"BST4mn4X7A42QVjWgve/cLrsycIQZJpwoO7/hWKGWpgY","privKey":"KI2PPj7sO9Qjs0Ig3qxzmNWT6iswXoWdYxShpel3k1M="},"lastRemoteEphemeralKey":"BdtyxVED64itmaN/eiy43qlUjpJ4NxwZ3ZkALhuaIiAD","previousCounter":0,"rootKey":"H8tmC2VwMZE3foVvTzwZ/tjPHRjfMgCWAUcjHHRckqA="},"indexInfo":{"baseKey":"BYQfM7OhO4uc6HEIM7ljzp2c4rDuzQ0EEokOK8c0nNVe","baseKeyType":1,"closed":1732197951313,"used":1732197645598,"created":1732197645598,"remoteIdentityKey":"BSzh1kmMPedJIZQNZ5Ttxu9RgpLbY/0YC8g3MIrk4Fl3"},"_chains":{"BST4mn4X7A42QVjWgve/cLrsycIQZJpwoO7/hWKGWpgY":{"chainKey":{"counter":0,"key":"X5l2w/pZLLuLbP0bUcAxlfr/qUzG/YLPaqyJdT951lA="},"chainType":1,"messageKeys":{}}},"pendingPreKey":{"signedKeyId":14189096,"baseKey":"BYQfM7OhO4uc6HEIM7ljzp2c4rDuzQ0EEokOK8c0nNVe","preKeyId":2519}},"BeU3avSzm7SbXqCdU+oE3xAk7nxOO+GgOEfEJAIfzcYA":{"registrationId":511090386,"currentRatchet":{"ephemeralKeyPair":{"pubKey":"BXyy+y1/HJyZv/8LEQ0Q3GSGqafVJEmw8M3fVArdLSEF","privKey":"sFWvdBTKfIUs1ABIVqtQpvwu5UeDDnhOIljf7p8Ba2g="},"lastRemoteEphemeralKey":"BdtyxVED64itmaN/eiy43qlUjpJ4NxwZ3ZkALhuaIiAD","previousCounter":0,"rootKey":"Dqgq9z3y7olHUTg4mQouBA7MYzYQmpnS0orz218NDHQ="},"indexInfo":{"baseKey":"BeU3avSzm7SbXqCdU+oE3xAk7nxOO+GgOEfEJAIfzcYA","baseKeyType":1,"closed":1732197951754,"used":1732197951311,"created":1732197951311,"remoteIdentityKey":"BSzh1kmMPedJIZQNZ5Ttxu9RgpLbY/0YC8g3MIrk4Fl3"},"_chains":{"BXyy+y1/HJyZv/8LEQ0Q3GSGqafVJEmw8M3fVArdLSEF":{"chainKey":{"counter":0,"key":"SBDbomC1nS6LUvnlK0P1di6i+UlcfWm6RjjArueeTqE="},"chainType":1,"messageKeys":{}}},"pendingPreKey":{"signedKeyId":14189096,"baseKey":"BeU3avSzm7SbXqCdU+oE3xAk7nxOO+GgOEfEJAIfzcYA","preKeyId":2448}},"BTS/0GouGqNRRfUzQROmBv8MQh6s7RR055K08/W15kIK":{"registrationId":511090386,"currentRatchet":{"ephemeralKeyPair":{"pubKey":"BSDhpCO88+++diksM9CiOeCkLE8VziGYNCRrBRYiZPU1","privKey":"UMatGPx0WWuBKoeCk1vXiidmrego/xrLiJui9pVzIVI="},"lastRemoteEphemeralKey":"BdtyxVED64itmaN/eiy43qlUjpJ4NxwZ3ZkALhuaIiAD","previousCounter":0,"rootKey":"L9BCokKoUS4Sbzq9tskFw3ln2Z7AgI3cnWH8nSc9Tbs="},"indexInfo":{"baseKey":"BTS/0GouGqNRRfUzQROmBv8MQh6s7RR055K08/W15kIK","baseKeyType":1,"closed":1732197951974,"used":1732197951752,"created":1732197951752,"remoteIdentityKey":"BSzh1kmMPedJIZQNZ5Ttxu9RgpLbY/0YC8g3MIrk4Fl3"},"_chains":{"BSDhpCO88+++diksM9CiOeCkLE8VziGYNCRrBRYiZPU1":{"chainKey":{"counter":0,"key":"e1ekO+sEgav41mgcxA8z1KdWb992nECVKbAFk9Tb6Rk="},"chainType":1,"messageKeys":{}}},"pendingPreKey":{"signedKeyId":14189096,"baseKey":"BTS/0GouGqNRRfUzQROmBv8MQh6s7RR055K08/W15kIK","preKeyId":3138}},"BUkWdVhFYjX7bto5Rx4nELHhtdQKaUX7qtXbl8QpXiJ0":{"registrationId":511090386,"currentRatchet":{"ephemeralKeyPair":{"pubKey":"BRX+I0gVMNV5MjwD0UINl0ofTqT0P3IgtioZ00rqHjI+","privKey":"KLahcIfcSgqDUn4ngBZi81y9iOnXfGLYnpM9+P92KEc="},"lastRemoteEphemeralKey":"BdtyxVED64itmaN/eiy43qlUjpJ4NxwZ3ZkALhuaIiAD","previousCounter":0,"rootKey":"c6U4ZEcLpQwG1GhSB0nvdXquxCspEHcse3m7My+yAkU="},"indexInfo":{"baseKey":"BUkWdVhFYjX7bto5Rx4nELHhtdQKaUX7qtXbl8QpXiJ0","baseKeyType":1,"closed":1732197952189,"used":1732197951973,"created":1732197951973,"remoteIdentityKey":"BSzh1kmMPedJIZQNZ5Ttxu9RgpLbY/0YC8g3MIrk4Fl3"},"_chains":{"BRX+I0gVMNV5MjwD0UINl0ofTqT0P3IgtioZ00rqHjI+":{"chainKey":{"counter":0,"key":"tIkJWj7v3EilkwzQ9d+NHnFicIZcOhelmram9UbURaY="},"chainType":1,"messageKeys":{}}},"pendingPreKey":{"signedKeyId":14189096,"baseKey":"BUkWdVhFYjX7bto5Rx4nELHhtdQKaUX7qtXbl8QpXiJ0","preKeyId":2440}},"BSjF+AIXFm2xBK31Mk6ceYHWAovQhpJiu8/9rjwoL6h0":{"registrationId":511090386,"currentRatchet":{"ephemeralKeyPair":{"pubKey":"BTidC2g2s9DNus3VUtNKGRCq9GyvHuensWjkPXH1GpIF","privKey":"8M+xjKK4APgVkmYmKID0sn//IQeiuXXKwpxE2MVjdW8="},"lastRemoteEphemeralKey":"BdtyxVED64itmaN/eiy43qlUjpJ4NxwZ3ZkALhuaIiAD","previousCounter":0,"rootKey":"snX3ypsF36jnfSrWNFgUh2ujAFCB8l59Wl5yGiqi6jc="},"indexInfo":{"baseKey":"BSjF+AIXFm2xBK31Mk6ceYHWAovQhpJiu8/9rjwoL6h0","baseKeyType":1,"closed":1732199569583,"used":1732197952188,"created":1732197952188,"remoteIdentityKey":"BSzh1kmMPedJIZQNZ5Ttxu9RgpLbY/0YC8g3MIrk4Fl3"},"_chains":{"BTidC2g2s9DNus3VUtNKGRCq9GyvHuensWjkPXH1GpIF":{"chainKey":{"counter":0,"key":"83VHxUbJR9VBagN/9U2cBUI5lCy1gsame/ObX6/ilE4="},"chainType":1,"messageKeys":{}}},"pendingPreKey":{"signedKeyId":14189096,"baseKey":"BSjF+AIXFm2xBK31Mk6ceYHWAovQhpJiu8/9rjwoL6h0","preKeyId":3151}},"BdeBgjE9b2iF8JtbVZY0L/BHWOJcIzyVTudeEv/yA4F4":{"registrationId":511090386,"currentRatchet":{"ephemeralKeyPair":{"pubKey":"BbHDKfdFLNdT0iG8dxBOH4XWUlMveZe7FmIHjkX3M0Vw","privKey":"gADxRaYfhTSUzpBUSOczRCSiXujtUc03XkZxAv4Wumc="},"lastRemoteEphemeralKey":"BdtyxVED64itmaN/eiy43qlUjpJ4NxwZ3ZkALhuaIiAD","previousCounter":0,"rootKey":"v3rd1UCjVpyG2ukW906BFykQE4E0Vjkyy0DgQBWcCAU="},"indexInfo":{"baseKey":"BdeBgjE9b2iF8JtbVZY0L/BHWOJcIzyVTudeEv/yA4F4","baseKeyType":1,"closed":1732199569830,"used":1732199569581,"created":1732199569581,"remoteIdentityKey":"BSzh1kmMPedJIZQNZ5Ttxu9RgpLbY/0YC8g3MIrk4Fl3"},"_chains":{"BbHDKfdFLNdT0iG8dxBOH4XWUlMveZe7FmIHjkX3M0Vw":{"chainKey":{"counter":0,"key":"lotindC3wUv+G4ZXRJ/gNBGP1uLWNcydTntFLRjSfjo="},"chainType":1,"messageKeys":{}}},"pendingPreKey":{"signedKeyId":14189096,"baseKey":"BdeBgjE9b2iF8JtbVZY0L/BHWOJcIzyVTudeEv/yA4F4","preKeyId":2497}},"BcOBHMdDEZKPN6Uh6mHv88Fp8I1uIyVB0yL1FAl6sNgi":{"registrationId":511090386,"currentRatchet":{"ephemeralKeyPair":{"pubKey":"BXfF0a1fSQBEpfxsnY75ppW++zXyaczFIyRGJ1+Jvc1l","privKey":"cK03/P+yuP2T1ELSWDfmB2dyb/gMflnq4oBv/SsbiUs="},"lastRemoteEphemeralKey":"BdtyxVED64itmaN/eiy43qlUjpJ4NxwZ3ZkALhuaIiAD","previousCounter":0,"rootKey":"6rh4GMO5zVEjSSCDn2xi6jVsXYbOJQ9B3yMYQoi3Nqg="},"indexInfo":{"baseKey":"BcOBHMdDEZKPN6Uh6mHv88Fp8I1uIyVB0yL1FAl6sNgi","baseKeyType":1,"closed":1732199742196,"used":1732199569829,"created":1732199569829,"remoteIdentityKey":"BSzh1kmMPedJIZQNZ5Ttxu9RgpLbY/0YC8g3MIrk4Fl3"},"_chains":{"BXfF0a1fSQBEpfxsnY75ppW++zXyaczFIyRGJ1+Jvc1l":{"chainKey":{"counter":0,"key":"MYFzlEZcAeSCGN7ENGd1/4EItzYb2o1pPNtB+s7ZmVU="},"chainType":1,"messageKeys":{}}},"pendingPreKey":{"signedKeyId":14189096,"baseKey":"BcOBHMdDEZKPN6Uh6mHv88Fp8I1uIyVB0yL1FAl6sNgi","preKeyId":2487}},"BbH6o4CCDXjPIwtLU3nUT7o4euPo0wpMDSAii2UOFup3":{"registrationId":511090386,"currentRatchet":{"ephemeralKeyPair":{"pubKey":"BXuOBONNXlP3ZsStGaYydnYxH4XNNYiqSRSSrNSYlhpk","privKey":"MJenl895D/McF2nfUQZx886CclrSQszUqXD9aCuZanE="},"lastRemoteEphemeralKey":"BdtyxVED64itmaN/eiy43qlUjpJ4NxwZ3ZkALhuaIiAD","previousCounter":0,"rootKey":"Ac7Z/SV03A+AFRg4w0iI63b91vU7l8XDQpv7TMj/464="},"indexInfo":{"baseKey":"BbH6o4CCDXjPIwtLU3nUT7o4euPo0wpMDSAii2UOFup3","baseKeyType":1,"closed":1732199742425,"used":1732199742194,"created":1732199742194,"remoteIdentityKey":"BSzh1kmMPedJIZQNZ5Ttxu9RgpLbY/0YC8g3MIrk4Fl3"},"_chains":{"BXuOBONNXlP3ZsStGaYydnYxH4XNNYiqSRSSrNSYlhpk":{"chainKey":{"counter":0,"key":"Gwvwc2zYiZEaFKE1Bj2+Su7Id42Fgkp3sBKQ8CAREls="},"chainType":1,"messageKeys":{}}},"pendingPreKey":{"signedKeyId":14189096,"baseKey":"BbH6o4CCDXjPIwtLU3nUT7o4euPo0wpMDSAii2UOFup3","preKeyId":3205}},"BS8+sn3XAxK4tEQ3yryrn4orEN/yNZfISC3BDk/RGnsH":{"registrationId":511090386,"currentRatchet":{"ephemeralKeyPair":{"pubKey":"BbXvsiKudKbRriPK9VWXCDVTo90Okgu5txKV+UO3ICgH","privKey":"aJqMy0wouNwch4UMA/F0AerSqkpXNIf5yusIfP+tRUs="},"lastRemoteEphemeralKey":"BdtyxVED64itmaN/eiy43qlUjpJ4NxwZ3ZkALhuaIiAD","previousCounter":0,"rootKey":"3BwsQUcUc2j/2zqXHTMoeCLrhHFscFgWNJywByv037c="},"indexInfo":{"baseKey":"BS8+sn3XAxK4tEQ3yryrn4orEN/yNZfISC3BDk/RGnsH","baseKeyType":1,"closed":-1,"used":1732199742424,"created":1732199742424,"remoteIdentityKey":"BSzh1kmMPedJIZQNZ5Ttxu9RgpLbY/0YC8g3MIrk4Fl3"},"_chains":{"BbXvsiKudKbRriPK9VWXCDVTo90Okgu5txKV+UO3ICgH":{"chainKey":{"counter":50,"key":"tVkvA8B0Bxply2U/loNMRsVwMdU/vIs+NbE0b3QGOIE="},"chainType":1,"messageKeys":{}}},"pendingPreKey":{"signedKeyId":14189096,"baseKey":"BS8+sn3XAxK4tEQ3yryrn4orEN/yNZfISC3BDk/RGnsH","preKeyId":3196}}},"version":"v1"}