{"_sessions":{"BQfYMd/s97UcgecjiPyHcAizGAtvdgzbU8fMGl1yRX1P":{"registrationId":15304,"currentRatchet":{"ephemeralKeyPair":{"pubKey":"BUOBSzA+15mfyLuYl0jQkGj3HUMFVnzZX2YZtk4ogYBt","privKey":"0Eeab8FMTz+LQc5FRcjpatVrgAurDQ5lTyaLqGEKhFE="},"lastRemoteEphemeralKey":"BZRobxb1McCObqFrJ1R2zXGXhmrwtDJ6De92Bpo5V4gS","previousCounter":0,"rootKey":"kzPfU2Aq+/pF2KWuLBCL5DTOormsGIXaRfBbwW1DfQo="},"indexInfo":{"baseKey":"BQfYMd/s97UcgecjiPyHcAizGAtvdgzbU8fMGl1yRX1P","baseKeyType":1,"closed":-1,"used":1731601562112,"created":1731601562112,"remoteIdentityKey":"BaTW4B2NbruPqbZTGq9o+fBrNroxMJbf9pELh9kpB1xm"},"_chains":{"BUOBSzA+15mfyLuYl0jQkGj3HUMFVnzZX2YZtk4ogYBt":{"chainKey":{"counter":93,"key":"owR9Dvg7Iv5MMVfVM+rQChgjR8L7hGwhhwyJz0/R2a4="},"chainType":1,"messageKeys":{}}},"pendingPreKey":{"signedKeyId":1,"baseKey":"BQfYMd/s97UcgecjiPyHcAizGAtvdgzbU8fMGl1yRX1P","preKeyId":171}}},"version":"v1"}