{"_sessions":{"BeESZww8t7kj4wHvsttkM3BpwyIhrfv1Sx1cvX6/cjsH":{"registrationId":1734656780,"currentRatchet":{"ephemeralKeyPair":{"pubKey":"BTcpkaP4YuSHNZnXtuLkob34bpCaDZtroWAkFEjcKFAO","privKey":"cCdWaC0hDRwpxl4jVNrH/7ky+zD3Gd5HlmLLbRFOpWw="},"lastRemoteEphemeralKey":"BRH1gBqqHQUrmrC7K79frxxhGqZ89IORoRpcAUKYNkMM","previousCounter":0,"rootKey":"gnIkZA0dMXO7lFAOGFkGjzER3c/l+jFAFmoCXXQ1qWo="},"indexInfo":{"baseKey":"BeESZww8t7kj4wHvsttkM3BpwyIhrfv1Sx1cvX6/cjsH","baseKeyType":2,"closed":-1,"used":1737233318219,"created":1737233318219,"remoteIdentityKey":"Bblsbw3ZFMDhXTKUf/yYEgxnytUhriGrubJUUA685+IQ"},"_chains":{"BRH1gBqqHQUrmrC7K79frxxhGqZ89IORoRpcAUKYNkMM":{"chainKey":{"counter":0,"key":"mVIDuDoX63Ub4QZi8pVq736GpkJMo8agiesL9rbTKNU="},"chainType":2,"messageKeys":{}},"BTcpkaP4YuSHNZnXtuLkob34bpCaDZtroWAkFEjcKFAO":{"chainKey":{"counter":0,"key":"2ttOj24I5xznZycxU7XHNskHvG38xhWJKfXLq35YzfY="},"chainType":1,"messageKeys":{}}}}},"version":"v1"}