{"_sessions":{"BQicaxfDC4uQ8KKxAOjuPJPFla9SA0m7HTCxeAvHhlct":{"registrationId":285,"currentRatchet":{"ephemeralKeyPair":{"pubKey":"BYamMMuiD+NJQplHg1jgoVCPhuobto/Gs6QrAz2sswZ+","privKey":"6Jj5WM8zaeDw14qIA1GfAyLC+GiJabrD+8wvMyrO71k="},"lastRemoteEphemeralKey":"BRC2JqvcWpEPSnH41Uy4+NeAK+eoaRHUGHCUKLb97oNm","previousCounter":0,"rootKey":"I/vam0/8v4k3oD+ig2AW8qmDAYerFVueoO8gDHDBYDE="},"indexInfo":{"baseKey":"BQicaxfDC4uQ8KKxAOjuPJPFla9SA0m7HTCxeAvHhlct","baseKeyType":1,"closed":-1,"used":1727899866609,"created":1727899866609,"remoteIdentityKey":"BbgQpF0eAeCNSb+2pAitQInqu0noFHWPGbztM6vk4fk2"},"_chains":{"BYamMMuiD+NJQplHg1jgoVCPhuobto/Gs6QrAz2sswZ+":{"chainKey":{"counter":3,"key":"iahBRTVLwKUfxcegqTVErzaQoMJsvjtfTeHj37YSB28="},"chainType":1,"messageKeys":{}}},"pendingPreKey":{"signedKeyId":1,"baseKey":"BQicaxfDC4uQ8KKxAOjuPJPFla9SA0m7HTCxeAvHhlct","preKeyId":40}}},"version":"v1"}