{"_sessions":{"BWD26leQaX/cf2EbZEstMdfXtAtBh0nVBoHeKVAO+q0X":{"registrationId":8447,"currentRatchet":{"ephemeralKeyPair":{"pubKey":"BWU4o1VEodKc7vmuPb5VwQwxthdeFkA4bjEofrYAcLBs","privKey":"0FbLFkebPW3ksY9tTMWGWpljU+adTSjwDZIrA551hEQ="},"lastRemoteEphemeralKey":"BVtMnSdxL03c4+F5+KV1esOQekHlLE6ykJJ+moFP+cZ7","previousCounter":0,"rootKey":"OiUgMkrBdMJ76hkSztplRcjZMKdIyd/B7F5+yLFW7Uc="},"indexInfo":{"baseKey":"BWD26leQaX/cf2EbZEstMdfXtAtBh0nVBoHeKVAO+q0X","baseKeyType":1,"closed":-1,"used":1727196714906,"created":1727196714906,"remoteIdentityKey":"BbFeDFXTDvN9how6yyqbxGoj0mtlRQSGZ96a58g1sXM7"},"_chains":{"BWU4o1VEodKc7vmuPb5VwQwxthdeFkA4bjEofrYAcLBs":{"chainKey":{"counter":19,"key":"Ko+eVZfTianvoTN8FMNNSxIM/JTbRanE79EdIVzyUwo="},"chainType":1,"messageKeys":{}}},"pendingPreKey":{"signedKeyId":1,"baseKey":"BWD26leQaX/cf2EbZEstMdfXtAtBh0nVBoHeKVAO+q0X","preKeyId":721}}},"version":"v1"}