{"_sessions":{"Bc0VJw1UYZwmROclYrpc4Kor8Zqy/y1859jr/+uu+gxl":{"registrationId":4806,"currentRatchet":{"ephemeralKeyPair":{"pubKey":"BR+e42xl65vvm6Hxg4nl4h+fyDcgm57NjJDDQ+oobAlt","privKey":"sNkunn5v5TCZg4XbbUBDdg4TnatzSdwDbLkjX6vBWng="},"lastRemoteEphemeralKey":"BXo0LDmDcx4UsDpt/wVfrpTGfseny/Z5G9qct5tiYxk4","previousCounter":0,"rootKey":"R7vH+BHSzQ5duNxI5IZcZGQ7nwldTvjQX/njZvn4SRs="},"indexInfo":{"baseKey":"Bc0VJw1UYZwmROclYrpc4Kor8Zqy/y1859jr/+uu+gxl","baseKeyType":1,"closed":-1,"used":1729106844023,"created":1729106844023,"remoteIdentityKey":"BUuQXaD6Nsz8eXsFdYM1iiVSxq6KH7CKIJc+PvmcnPUP"},"_chains":{"BR+e42xl65vvm6Hxg4nl4h+fyDcgm57NjJDDQ+oobAlt":{"chainKey":{"counter":4,"key":"uNueQAkVvgLeo9rTCEYc7SLNc+aQ3II+/mYUAZIxIQQ="},"chainType":1,"messageKeys":{}}},"pendingPreKey":{"signedKeyId":1,"baseKey":"Bc0VJw1UYZwmROclYrpc4Kor8Zqy/y1859jr/+uu+gxl","preKeyId":298}}},"version":"v1"}