{"_sessions":{"Ba37W6u5wH/Vedz1r6k+qaSzTanCn+a+/O/JgKgeg9oV":{"registrationId":2140726485,"currentRatchet":{"ephemeralKeyPair":{"pubKey":"BRabS6SsGx7fb+pAelgZwb0eJuCNT2PcqiKQlr+wmSFC","privKey":"MARrugdHGvPCAPTWoVlwgGeeYoM3zaSNE56jCrdrk1M="},"lastRemoteEphemeralKey":"BXTSoUYxsF2kh8Uu7i76RKhxDllPtPA/sKPUpFNxKI9s","previousCounter":0,"rootKey":"/nDPMoWT+v9TAurkLQp5cAoJIOW7HvMJC7InYLvwPMA="},"indexInfo":{"baseKey":"Ba37W6u5wH/Vedz1r6k+qaSzTanCn+a+/O/JgKgeg9oV","baseKeyType":2,"closed":-1,"used":1737459591973,"created":1735140356974,"remoteIdentityKey":"BT3srqiSTUhFQQOh7ZWuSigVYyTDLlccc+7I2OiClocz"},"_chains":{"BTZAqfj3gwvuHd4B8Q8wV9VTO3hegfwO4DIvNOBqnFZB":{"chainKey":{"counter":6},"chainType":2,"messageKeys":{"0":"6d6IqJI+fluWwbu3BZXR4V/A7NX2ng3T9xYGG4cqTb8=","1":"d0yMsHLmRpb2ll0EC7EbmwFGvqoybwQcN6QIf3oVrjc=","2":"qEzpxw+m9bxNvh5+KV+YjnuzA3PnovHeuaQa5vJtBmM=","3":"dzfODcbl4US+eQlG01KtD6v5EdTUEJsiQxWWVOgiBjQ=","4":"gxV6s8NNkC99vT5rINLU4j93tDPa0YT0//qBYAfe/Bg=","5":"R/Edb52OSfn/NduKkpPkU1I1D+sZtzc6SHR0f47bzkM="}},"BQsU2hZGc2XQSN3ZuGh7fLrBpe6N7G2cpigoXOBwtRhU":{"chainKey":{"counter":0},"chainType":2,"messageKeys":{}},"Bd+w/otCca8wbb/YwVvs1VwTF3VnKsYSkJ2tkXfhtGRb":{"chainKey":{"counter":0},"chainType":2,"messageKeys":{}},"BQ1RVT8xxuUufMQQ63qWu5/Njj4IIjlojgadJYAyaDxT":{"chainKey":{"counter":0},"chainType":2,"messageKeys":{}},"BflEW9bD5CWVsQSQEzMQ8B8lTgn0074LaveB/TrqPhQb":{"chainKey":{"counter":0},"chainType":2,"messageKeys":{}},"BQnCgxP0NQAheIXq7TfvQmtg+aQ2FaxBqaDu4ykgKLZW":{"chainKey":{"counter":0},"chainType":2,"messageKeys":{}},"BY/o9XxlDrnDuwYhSL7r+4lJCND8mmUWQwSUeQK6/uM4":{"chainKey":{"counter":1},"chainType":2,"messageKeys":{}},"BQj1UaE2gNeXbftlK/n5q5F+doFu7PYNTvH4++oG/P9N":{"chainKey":{"counter":0},"chainType":2,"messageKeys":{}},"BRaY2XEj6eVguIss5bP29tOYcef3cSsewg9zRqlS00Ny":{"chainKey":{"counter":0},"chainType":2,"messageKeys":{}},"BQtB0+jf9h662a9ZEHow0Js/3QKApG8cAPGXBdMVRMMg":{"chainKey":{"counter":0},"chainType":2,"messageKeys":{}},"BdOQDUYtlzq+GMGVZ3hPQLq90PSx6HI3j0s/Ng1K5Ewv":{"chainKey":{"counter":0},"chainType":2,"messageKeys":{}},"BUk21iuF+5vfayCMw8OcEmopz9UYA/lleKM3+643Fv4Q":{"chainKey":{"counter":21},"chainType":2,"messageKeys":{"1":"ttAbuEIaTs7uO5jhtxwDrn/RWd0/Ma/ZGzJ/NfRQS6A=","2":"7c4oWV/QKPrPSbFNTfhBpL5uxY3DYCmxQcqRV40RTSA=","3":"8TQtSBSA9lnZH9MPG77eoTXri0NYSDEly0WPk2muaOY=","4":"8jRETlQ+sDl4qA5C4hgJfC3GDNSmzBI6jfW0aW5naGs=","5":"1b6fgeAcu6lPrg1R7uzKCS03xVJepQDZ5eLmo0muKKw=","6":"h9++Q8rt5d9X8Rc/zS7lXMAAvI8c9MDTVpyowvzqA/k=","7":"DXjcW0Dagvak0xJTyuHY+5Hwq0h7yjyFwn7rZ3kqTcE=","8":"RVzZuqoRRqln8lMPej0GEMY99OUadVKvDKCTlN5EEtM=","9":"5D6fax6RdCkYXxrRHfLyYf7vkq9HgbF82ELN+cBT8WQ=","10":"zvyxmAWauHmB4Jk6losjlDKeUEoFiRzOMUD+YI05uU8=","11":"7EZJTUdeNSYUbytiW03wOXeLx+VpACIWIyGiCsBqjbw=","12":"KG2RMJ7qAczevTmjORHMPrm6JKzRJ07Zzxf4VIcrMXA=","13":"pLfSadsfP2ZHfzoec7hYM0rI2M3mq9zvnssPccd09co=","14":"AaohaBsbnM9ixd1KsIbI8WDC5GJu+ibnEjTEnCK4U/o=","15":"pZtI0hWvaGnZ1l9lMPpz32ZJAOR9/9c2WKKoNF8J3d8=","16":"SqnMjs4lViWF3izFwUVtu8g+cnHDCjIOt8O+3iqBD7Q=","17":"aNx7rmiSZNtAcHqG/zl0ijLR1ke0I89srGFm/WazElY=","18":"eyDfEKm9B4oXr+K0ywXCRY7ze+oA4N4kDigrF9WGtyQ=","19":"07QyQj/PvW/scjGJth+WH/3xU4iSSz3WJwNHNy9oz7c="}},"BW0pRzP+9AyTqVTMwDMYLCQzLJ7GDNZjTdVpZbNZ4eUe":{"chainKey":{"counter":0},"chainType":2,"messageKeys":{}},"BXTSoUYxsF2kh8Uu7i76RKhxDllPtPA/sKPUpFNxKI9s":{"chainKey":{"counter":1,"key":"Ea5++axRxQd1Cou+8FJ6iVIZQWAqN8oMJR1Tl+8gDeQ="},"chainType":2,"messageKeys":{}},"BRabS6SsGx7fb+pAelgZwb0eJuCNT2PcqiKQlr+wmSFC":{"chainKey":{"counter":-1,"key":"Zz/h/ULXIN8/0LgbRudGc+qVs+ukCHIsWGtQL5IDHU8="},"chainType":1,"messageKeys":{}}}}},"version":"v1"}