{"_sessions":{"BVsizRsNJ8jo3NSU7zN6w24zJfDrDBBMYPUpUKVV3rhK":{"registrationId":5117,"currentRatchet":{"ephemeralKeyPair":{"pubKey":"BcxxWbBL91TwoztEMefNsiJj0nYUpqel1iL0LibfJWIt","privKey":"8C2hqrmNzO6bWb6gEeR5TXHCTbQNvg818J3WjbduP2g="},"lastRemoteEphemeralKey":"BZ9FNNnsAbbeZbvcFX7D7spx6fkxsqt1c/MwVyZ0MLAr","previousCounter":0,"rootKey":"M1k1xq9DBAZwPZ5XAuEaFv3w0tQ5P9O3B4HjpKASw/0="},"indexInfo":{"baseKey":"BVsizRsNJ8jo3NSU7zN6w24zJfDrDBBMYPUpUKVV3rhK","baseKeyType":1,"closed":-1,"used":1741962871677,"created":1741962871677,"remoteIdentityKey":"BVbPXH8uNZiPo7YYfEIc7C9d7WrpLV+kI3r0zz2v9NZG"},"_chains":{"BcxxWbBL91TwoztEMefNsiJj0nYUpqel1iL0LibfJWIt":{"chainKey":{"counter":0,"key":"fzOKbUKbdkAiUtA/RbmhfCRAC7qPKFdcmJ6XPxdGG4o="},"chainType":1,"messageKeys":{}}},"pendingPreKey":{"signedKeyId":1,"baseKey":"BVsizRsNJ8jo3NSU7zN6w24zJfDrDBBMYPUpUKVV3rhK","preKeyId":805}}},"version":"v1"}