{"_sessions":{"BYcT8qREw28yOmdeKrxoKuMFVpnc97thJrbRT+riRR4i":{"registrationId":15745,"currentRatchet":{"ephemeralKeyPair":{"pubKey":"BXzqZ4xI2FULKkahM5wibNoUqCYVA0xI+DQw0eTPogcd","privKey":"QPuzAefZXpwmaFX+lg3HXhc4XO1/PkK7RTH9GAEqxHw="},"lastRemoteEphemeralKey":"BWi1Qyb2BfIyo+J1ZCtzKlRIe6pzwOgbrZL6rzK6Yfg1","previousCounter":0,"rootKey":"lzj7O6T/RJdFM86cAc1O7qZuvw+o8JhiHyVG+WFcm+I="},"indexInfo":{"baseKey":"BYcT8qREw28yOmdeKrxoKuMFVpnc97thJrbRT+riRR4i","baseKeyType":1,"closed":-1,"used":1734124614559,"created":1734124614559,"remoteIdentityKey":"BcauCcMUH5RH0rYRXlLT1mruxPz+EQslP0KHG/axw6EX"},"_chains":{"BXzqZ4xI2FULKkahM5wibNoUqCYVA0xI+DQw0eTPogcd":{"chainKey":{"counter":33,"key":"NZ66+rW2UFh024+CT9FXGgBDp1kQOQsc/O4YZLP9nMs="},"chainType":1,"messageKeys":{}}},"pendingPreKey":{"signedKeyId":1,"baseKey":"BYcT8qREw28yOmdeKrxoKuMFVpnc97thJrbRT+riRR4i"}}},"version":"v1"}