{"_sessions":{"BX7dceJ0VUrUHgrqONF5YpeUSFonX0Roq9b4JtMBJdIL":{"registrationId":1797396880,"currentRatchet":{"ephemeralKeyPair":{"pubKey":"BRsZCQ0zO8wQLzglrqqcGbYYkVXb83AU29udNCwo/0Jp","privKey":"ePkNNNmdVRRNe84UJKUfiYJCmQ5RAFxtt5j6M+cksUs="},"lastRemoteEphemeralKey":"Bdu3FbHa/7SAia59fp/2YMnn+d0a/xqynik34SZLOHx5","previousCounter":18,"rootKey":"hlMPfU/+cDzzp+XAd8RWondauM3tq3SVnJxrzGe9/dI="},"indexInfo":{"baseKey":"BX7dceJ0VUrUHgrqONF5YpeUSFonX0Roq9b4JtMBJdIL","baseKeyType":1,"closed":-1,"used":1741537488834,"created":1727196690018,"remoteIdentityKey":"BWdeAwKlRifvTJFVmxfyYcvYp9/Qu0m2W+wXXme9UwUZ"},"_chains":{"BT79pRGQZV5YuTJydC1fE5DM9ZnVzYs31TMbNYSRM+N0":{"chainKey":{"counter":1},"chainType":2,"messageKeys":{"0":"rt3vDvrTKpAfhOYn+nk25XxWz/3483ZXyYRv8sSNIVk="}},"BQ9KSAUqIHJhRkwcx4A5xUWScDGkJTCvgPXa5zHnkoQy":{"chainKey":{"counter":2},"chainType":2,"messageKeys":{"0":"aaDBn+69jvIZGdhrferQJ+pGPR12z+NlVXUmQITrY2k=","1":"JN3LP9ahcyEcqqnzMhSrTYfkziPobOH1cQvMEeRPjkQ="}},"Bc6QLsBzaYYDHhZTLkw8kW501TGwJoA9jDssaZWjPYA/":{"chainKey":{"counter":0},"chainType":2,"messageKeys":{}},"Bb3cqjckeXB6KI49F5YbmrVgG6msbz/9PYydX6vSnoky":{"chainKey":{"counter":2},"chainType":2,"messageKeys":{"0":"wkdCweJDrMjKxOcszrhCp3Riu3HWPjzetewUuWHXQ2I=","1":"mB6bb2Snlxd1wqJhg8R9ZVtEIoQsLguix61/p4Ya2Rg="}},"BV9D6WOkg+WBL3cahzn/ru5BI+E6ZTmHN24fNku5xUoC":{"chainKey":{"counter":0},"chainType":2,"messageKeys":{}},"BfBxBOa+YOyCnQ4ndUEvaguWZ23uVGEHORH7X7JO64Vv":{"chainKey":{"counter":1},"chainType":2,"messageKeys":{"0":"KHpoDkZHYze+CG16RH0LuIBcuCseE0YyX4/B11T+/EY="}},"BR9kKlBNbKh53ceDZsOIfOW2FMXFjNFP4sro+J6++8xT":{"chainKey":{"counter":0},"chainType":2,"messageKeys":{}},"BQwKLkkiEGHzvOGSF59lhBdlmElXZ85y6hDDsmlKKPFG":{"chainKey":{"counter":0},"chainType":2,"messageKeys":{}},"BR5JxOnYla8oQKMj03CtUTrcnWOiev2uwR8jk4QeDO0b":{"chainKey":{"counter":0},"chainType":2,"messageKeys":{}},"Bbbyvj6LzcXIzHOpZpiyNnPr04dhX6Lu6w7nipB87KE/":{"chainKey":{"counter":9},"chainType":2,"messageKeys":{"0":"0NXXpgxOOmSWwc5VFOu64Oib+5kNyTYC9qHZZyQttWk=","1":"07L6lXr74RhSyQKnck4K9UxhLN/ghfXkbZ+iuZc6bJM=","2":"B+OMIzSD6zc/AIrQK0KeaMDnqik1jE/N7WPK42SRuAQ=","3":"2qKb0exu5/h1FhbzBLZNCRXKUvrKYoBXU4UTu/Wmq9E=","4":"+I0byMCwY9cQM5NMs9v8tdvfBoDjYJP7ss0KD4r4Rr0=","5":"yZBehUfgirNX2myWeBAykGwTHqUvZF8feMG0QWIEJuE=","6":"25+q+1ZSp8814KbohYHO6Y6bsvMuCkZL3lrFKmh1Xp4=","7":"SBSsEfCMOhuL8MPulrYC3lMyoA5eMDxpMP6EoTZeTog="}},"BeC+EMapx6o8g44pxP7uFJiiRBIepDe4XT+OmBbtUYto":{"chainKey":{"counter":0},"chainType":2,"messageKeys":{}},"BdNwKWGRGuMWrofNu5a6awJ5846lJWcHti+tZE5UYP0k":{"chainKey":{"counter":1},"chainType":2,"messageKeys":{"0":"rLG52LLo9B58jJ4AF/HG0l1pi102p1dJ6c5eYLoSlJY="}},"BTnxtv2lHQEGbULeAhNUinCOkT27q95RsF1r5NI7mdc0":{"chainKey":{"counter":0},"chainType":2,"messageKeys":{}},"BbM+KoW6jWEz70lwD6cfEWwCzOC4LVcJlm/jlajl2MoF":{"chainKey":{"counter":12},"chainType":2,"messageKeys":{"0":"kxfxWHkBkgPH9LtmD6+uWsoJmJhviwW1/BEcrvoQ2i8=","1":"DcQvhH91VjGz1G7RZgTnTvpXaWWZfuMT4Wtq2ZZwc/0=","2":"7vOlIo1Kwl9ZX4AfkzyEFcES+0B/UszKFWqbg7Iq21Y=","3":"Vb7P1BEBziRQB+sXrfkfXIpDFBOrsZe2lBDSplQZynY=","4":"POUF+C8KST96vAbhXQa6Vw79T09kQqHzUJgvDx9Bdos=","5":"2CTFSu+XZUjpRl1qbfQ7pVokUF1aZR1rVCLeKH46yEk=","6":"iRQk4Pvt7uT7wWa7IFf5ut8E3TwJ/nDzQSXEmY07mqY=","7":"0k2FcMTpBu3Zr72d5jUAZkavPwjuP1nvTXWIrbAO00Q=","8":"PlkZljYioRyJM5td//1MZCIv/SH22b3nlHSFdIX6Zac=","9":"g2XA1he+9yu5Wsr5w1ZPiGk8VfTzRck+uxQiysdYqa0=","12":"Z3oAhtDzCe6B1r3yzkrcYc29lMTgO2CFg5sDIjoA8Zg="}},"Bfc5XiwVVxW4cKrqwk9xh3ZQP81qrm0YrljKmnD6SiVy":{"chainKey":{"counter":2},"chainType":2,"messageKeys":{"0":"+RjY/Nnl74DmLRlXNSJvv9VT+KQH3kiDp2UDY5BEYc0=","1":"bzZLr+e7XX20eYePaju9F6VEalqBmCdYVDyACyCh830="}},"BYpsDLd80Xmi2JFYnqImoTalAjn6w9WI+HRVqyWocLAy":{"chainKey":{"counter":5},"chainType":2,"messageKeys":{"0":"okkeh2qyEc1BnvAXqLG9oHz/uSffDS6/wdKNH6cROvU=","1":"IbrEoU5DPUZ9SFff2sQ7jwiMCev52ndC7KpnBnD0tiA=","2":"A38qn6aLjqSfkWEgVYiB215U3EenZ7bxmb+C5bRjvgw=","3":"Pc5NH2MxfAMuTBYZDnkm4aDJitZMhmAAqEulRJXVxKw=","4":"ielj0uPTAA1AISNlQgWXOVZmcpzXW1SUUG4XIhlXB1Q="}},"Ba2tKXYR58xqw/CGSJwUkuVa235ibvpCHobtv6UnqTNb":{"chainKey":{"counter":2},"chainType":2,"messageKeys":{"0":"0d8QmuNpPYn7FQO9vcNblAhfDxCmSsDgbFR5eI/bj2E=","1":"ec5GQMz4y7Jbxd/JbiDyAUKT1QPJ0pfXMtD2OwBa6DA="}},"Bdu3FbHa/7SAia59fp/2YMnn+d0a/xqynik34SZLOHx5":{"chainKey":{"counter":1,"key":"zMY1KmoiJntg4h2+mOMSaS+sNHRoj7WDdlyqaro1+U8="},"chainType":2,"messageKeys":{"0":"tpYrF4ZHR/uYP9pP+k5/EVLNxp0tXk+a/QK996OPkfQ="}},"BRsZCQ0zO8wQLzglrqqcGbYYkVXb83AU29udNCwo/0Jp":{"chainKey":{"counter":4,"key":"osC/SnVuyja6Vb2p7oijeBw3IS7H3IkE7QAbYt10ais="},"chainType":1,"messageKeys":{}}}}},"version":"v1"}