{"_sessions":{"BV/ueObMvN5kDM8W9zFZfJYWd3jJweLsHih3y2yXBHwd":{"registrationId":14442,"currentRatchet":{"ephemeralKeyPair":{"pubKey":"BSrhbc+f8gttYNChfMhpL8fmcB+XSzO+KmCZg55knzsW","privKey":"OE5IOaH7oFA50GM7qWFZ+BuT9L0t/T0cbXq+Gc8V0WQ="},"lastRemoteEphemeralKey":"Bb5rdzMPdCqrKi5EVa3aoy+3cchQH/SAF8csc9avWe8u","previousCounter":0,"rootKey":"Wh4RsY+4TTu13G81+xZKvWkw+j4j6Ea4UYQ9gVl4g68="},"indexInfo":{"baseKey":"BV/ueObMvN5kDM8W9zFZfJYWd3jJweLsHih3y2yXBHwd","baseKeyType":1,"closed":-1,"used":1734124614239,"created":1734124614239,"remoteIdentityKey":"BVECbacD/vVYqKsIae+iJ8IpOty5qFyC9gsAoaH9goxz"},"_chains":{"BSrhbc+f8gttYNChfMhpL8fmcB+XSzO+KmCZg55knzsW":{"chainKey":{"counter":19,"key":"ZnbTXBUZ69Abf3kOQOuevagSUEfKezm2ueC9ANSpeMg="},"chainType":1,"messageKeys":{}}},"pendingPreKey":{"signedKeyId":1,"baseKey":"BV/ueObMvN5kDM8W9zFZfJYWd3jJweLsHih3y2yXBHwd","preKeyId":181}}},"version":"v1"}