{"_sessions":{"BbCChhnMfIA4ba0b7X42JSbWDhk5g2NlJp1PtzwO9f4B":{"registrationId":45,"currentRatchet":{"ephemeralKeyPair":{"pubKey":"BTbxzdgHgaXGjS2xsnGRYroKVVJQ2euuVzV1uBXB4k9N","privKey":"oMaCRTRtkBTtWPMLfliA1ZclFnlbqgVcX8Zv4bn/slI="},"lastRemoteEphemeralKey":"BZksgxDJW7Tlvn559TXMO/8fB+JAOwlM913zyXnt2/FI","previousCounter":0,"rootKey":"CoCJaXLMi0o7ZiJNPHK61Hu1Mmu9u6o89u81qCqRI5A="},"indexInfo":{"baseKey":"BbCChhnMfIA4ba0b7X42JSbWDhk5g2NlJp1PtzwO9f4B","baseKeyType":1,"closed":-1,"used":1733065517112,"created":1733065517112,"remoteIdentityKey":"BcBbn7typ4yaqCKwbiIWninjdNxxRzRqbzB1abSmf48n"},"_chains":{"BTbxzdgHgaXGjS2xsnGRYroKVVJQ2euuVzV1uBXB4k9N":{"chainKey":{"counter":7,"key":"VRzcnrfbvskuye+RFJAjkmRvC3ABealuIDeLrCVPuo8="},"chainType":1,"messageKeys":{}}},"pendingPreKey":{"signedKeyId":1,"baseKey":"BbCChhnMfIA4ba0b7X42JSbWDhk5g2NlJp1PtzwO9f4B","preKeyId":33}}},"version":"v1"}