{"_sessions":{"BWDwDCRzBE7ibTMuycdk4hZVndvG3srherGLBRY6vZlJ":{"registrationId":1673049355,"currentRatchet":{"ephemeralKeyPair":{"pubKey":"BelyczhVXjM4u5vC3368D3wLHatguJH5m+XAhgd1Hdg4","privKey":"eLiskNRXQebOJDc/W62RqFcbhUhFp+BSPZd0qGs1K1s="},"lastRemoteEphemeralKey":"BVZjyDG6zD0E3SfTPd4UkQTxJ0jIbojzw+QEB5FnIIJQ","previousCounter":26,"rootKey":"sMsT77dNL/GwdK26Avip5u+rYZ03e2eH54QmEUBhUsI="},"indexInfo":{"baseKey":"BWDwDCRzBE7ibTMuycdk4hZVndvG3srherGLBRY6vZlJ","baseKeyType":1,"closed":-1,"used":1732489173650,"created":1727196732655,"remoteIdentityKey":"BWuGwRwCjIL1+SVav532LuBh/fxooAo60BaaRfkA1pds"},"_chains":{"BXFX6c6WLuEFjOFKorvA1p1tXlQFsGtTLHfzmDXVPHhp":{"chainKey":{"counter":0},"chainType":2,"messageKeys":{}},"BRBCard4tYv+CKQx4WUbiBL8OFJLo/pyyHjgUT2uvoMb":{"chainKey":{"counter":0},"chainType":2,"messageKeys":{}},"BVZjyDG6zD0E3SfTPd4UkQTxJ0jIbojzw+QEB5FnIIJQ":{"chainKey":{"counter":0,"key":"MZQGN3V+RJ1B0NsnDoOKv0mFjbQU2Y7U1/Cnpt/Q+IQ="},"chainType":2,"messageKeys":{}},"BelyczhVXjM4u5vC3368D3wLHatguJH5m+XAhgd1Hdg4":{"chainKey":{"counter":18,"key":"bkFRQog/Q+8OWCEqKmHwqvAg/9YAUpsd65L6w+eunuk="},"chainType":1,"messageKeys":{}}}}},"version":"v1"}