{"_sessions":{"BXJHY4TEhzA+fIqyn7pQhmXtnh/4DDoMfYv9Mozm6DN1":{"registrationId":946150992,"currentRatchet":{"ephemeralKeyPair":{"pubKey":"BbXAVzNKeih+b/zyirsVTZN/5vxbV1iaGX6XZRVCYapN","privKey":"KHWAKldcIx54VcH/TdsS5WsJKFLlmmVpbVXTd6++hEI="},"lastRemoteEphemeralKey":"BVnDndFIq/4Htg83sJsNCCuy+TprLdy9EWcFRrbav189","previousCounter":0,"rootKey":"9UtSpeUxdRku431tvqi4PhbXuOlP+m15p1OP0bsC+ho="},"indexInfo":{"baseKey":"BXJHY4TEhzA+fIqyn7pQhmXtnh/4DDoMfYv9Mozm6DN1","baseKeyType":1,"closed":-1,"used":1741964071596,"created":1741964071596,"remoteIdentityKey":"BTrVqtq8vUF73N5WQLv4Ml7xiRNGSbbGGcJ2GA0S24AQ"},"_chains":{"BbXAVzNKeih+b/zyirsVTZN/5vxbV1iaGX6XZRVCYapN":{"chainKey":{"counter":3,"key":"i+96xcwNpXxfCRT5LhL4xu8NyfuE8cP4xQPRIm1A6e8="},"chainType":1,"messageKeys":{}}},"pendingPreKey":{"signedKeyId":7651545,"baseKey":"BXJHY4TEhzA+fIqyn7pQhmXtnh/4DDoMfYv9Mozm6DN1"}}},"version":"v1"}