{"_sessions":{"Bds3OjqQ+rqzLTbeKlAzT3dnkJ8WWHyhBmkxoebl605P":{"registrationId":1787448280,"currentRatchet":{"ephemeralKeyPair":{"pubKey":"BS7Gh32nyUmaM6jOLg10e0kT9ZZIwBm8nI8e2ZMKVq89","privKey":"KMWcWsYDaKzCJYvQg0xjGV956RcqekFe0yBcKZg5+Ek="},"lastRemoteEphemeralKey":"BcvxItG4HA6R2Gnv8RDOcNeuc7Cp3iLF42Bea7N0WOcb","previousCounter":0,"rootKey":"bhge+DTQ1ucTSLEK9+09IvUUodkRUjiG+sCvlFa7J6w="},"indexInfo":{"baseKey":"Bds3OjqQ+rqzLTbeKlAzT3dnkJ8WWHyhBmkxoebl605P","baseKeyType":1,"closed":-1,"used":1739561072026,"created":1739561072026,"remoteIdentityKey":"BQaB3s/P9Tss7Mvw6v5s2VPwXGPWLH6/aY5M2NB4aKhj"},"_chains":{"BS7Gh32nyUmaM6jOLg10e0kT9ZZIwBm8nI8e2ZMKVq89":{"chainKey":{"counter":1,"key":"Oz3x6H3DXadisC6aIia+so8LQRwC58V7ki5iaX1eU5A="},"chainType":1,"messageKeys":{}}},"pendingPreKey":{"signedKeyId":5,"baseKey":"Bds3OjqQ+rqzLTbeKlAzT3dnkJ8WWHyhBmkxoebl605P","preKeyId":15232458}}},"version":"v1"}