{"_sessions":{"Bewn4k5gx15NxlUDXYKn+i3+u/miaBuwR2nijlcypEon":{"registrationId":1046995503,"currentRatchet":{"ephemeralKeyPair":{"pubKey":"BStYjI59mFMjgdbE2hUv6AS7Po5nrpgMcsVRql2U9PoA","privKey":"IEIrATFybBoD9s335vBrFf5PirMY9cv9TXapG4BUwkY="},"lastRemoteEphemeralKey":"BZYlDNCfPC/2ts7f5ZxHcBiO0vVdm8EvB8rmqELZr31g","previousCounter":0,"rootKey":"cboSLgKVyq9xsONNnVhetwhSWKhmlpv8XITsAgBtWsA="},"indexInfo":{"baseKey":"Bewn4k5gx15NxlUDXYKn+i3+u/miaBuwR2nijlcypEon","baseKeyType":2,"closed":-1,"used":1729688480962,"created":1729688480962,"remoteIdentityKey":"BW+SguguktfPmFHbxdkmBOU8DTA1Ps4CCCfkNY5a7bI2"},"_chains":{"BZYlDNCfPC/2ts7f5ZxHcBiO0vVdm8EvB8rmqELZr31g":{"chainKey":{"counter":0,"key":"LTIRsOyJoTOLlNbF581p2N46+Nv5NVG1zA8QRX/nRCQ="},"chainType":2,"messageKeys":{}},"BStYjI59mFMjgdbE2hUv6AS7Po5nrpgMcsVRql2U9PoA":{"chainKey":{"counter":-1,"key":"ZM9xYK7cbq8RzuYmipjy64d5fS/HJambhOYnFkLEt+M="},"chainType":1,"messageKeys":{}}}}},"version":"v1"}