{"_sessions":{"BSiYa9aRC5qqdIKTsGXhM6FvldMEXs+1xgd+chKbXnMD":{"registrationId":134898632,"currentRatchet":{"ephemeralKeyPair":{"pubKey":"BY9zQcQrGUqMKEPjz3GlADVb4v9E/6RuczzUGQUlyAUh","privKey":"uHBs3LNzwudCvrZMWgiysf1kfKeui+K6L3iIk+Xlrm4="},"lastRemoteEphemeralKey":"BYwEpq79IfdHLVCQwLS2T4cYFUIM3d/cOSnZrSNcxX1r","previousCounter":0,"rootKey":"i7CacPasCyIXlHRCC0S9P0gWpNDlX8LuQMeKXw7pshs="},"indexInfo":{"baseKey":"BSiYa9aRC5qqdIKTsGXhM6FvldMEXs+1xgd+chKbXnMD","baseKeyType":1,"closed":-1,"used":1730125094727,"created":1730125094727,"remoteIdentityKey":"BRRYam8x9RGIaUWX2GmBGwHy43WkbOX4ETI/TQS0Rxxb"},"_chains":{"BY9zQcQrGUqMKEPjz3GlADVb4v9E/6RuczzUGQUlyAUh":{"chainKey":{"counter":3,"key":"naTh3rDb8Ceq19Bp8x6WdN1slAlsPi8n1Q0c9TJUeow="},"chainType":1,"messageKeys":{}}},"pendingPreKey":{"signedKeyId":26,"baseKey":"BSiYa9aRC5qqdIKTsGXhM6FvldMEXs+1xgd+chKbXnMD","preKeyId":12832587}}},"version":"v1"}