{"_sessions":{"BdeDZI1RetNB8yPfG4Rd2PLPlk3Pmgyonx7syuCZfWxT":{"registrationId":338837267,"currentRatchet":{"ephemeralKeyPair":{"pubKey":"BZeO7tWqRveQr4G0msmwwoYOAaQ4CGZPto+WxpdKQHJr","privKey":"SJ+Mr6BL9GFyGMyXIjdkv1iiW7myjNW9FRztQjHAoEQ="},"lastRemoteEphemeralKey":"BdJtARgL7YyeLSuZQkJ4UrhwfQydpdJ7rE4OUcoY2nAb","previousCounter":0,"rootKey":"lBq5wwj60mEthASaxpSmdBruAdLDcOkibfrEaR++3wE="},"indexInfo":{"baseKey":"BdeDZI1RetNB8yPfG4Rd2PLPlk3Pmgyonx7syuCZfWxT","baseKeyType":2,"closed":-1,"used":1737046703949,"created":1737046570615,"remoteIdentityKey":"BYvT9ergrg/PThyAVroOtuCrfPIDqWv0rhCuGjiH+UtT"},"_chains":{"BeJ1AAc7DlfawhrPPT39kzx1Qg+47I+myaSWsmB++sEW":{"chainKey":{"counter":0},"chainType":2,"messageKeys":{}},"BdJtARgL7YyeLSuZQkJ4UrhwfQydpdJ7rE4OUcoY2nAb":{"chainKey":{"counter":1,"key":"d5kXK2rV1u/DokqM86YTTT7h5O6wF+glQuWC6b9VYjQ="},"chainType":2,"messageKeys":{}},"BZeO7tWqRveQr4G0msmwwoYOAaQ4CGZPto+WxpdKQHJr":{"chainKey":{"counter":-1,"key":"yX3isjgam2XqedfgE6XdeRlR9SFHHKjSnIoLi+6elEE="},"chainType":1,"messageKeys":{}}}}},"version":"v1"}