{"_sessions":{"BS7oBDCH/HXnkbZwzP9POni0dGyajNTPA9Zlkniak+gW":{"registrationId":1359717254,"currentRatchet":{"ephemeralKeyPair":{"pubKey":"BYMJtSUz6XsoFPQGgv6+MfedVcar0CUxZTVQJzfoLEgH","privKey":"+F83HmsQlLvvcORHXeT6gX19rv4y276wv4nKoSpoD1s="},"lastRemoteEphemeralKey":"BQ5kWW8tuA6uzNQJJGl+vrEu+aVMsz+pqCDRC8BVmhgZ","previousCounter":0,"rootKey":"jsbSul2CyDlyziPJ9cGrpYrh3TYZvwXJS3z0EvhUMXI="},"indexInfo":{"baseKey":"BS7oBDCH/HXnkbZwzP9POni0dGyajNTPA9Zlkniak+gW","baseKeyType":2,"closed":-1,"used":1740489295207,"created":1729707483951,"remoteIdentityKey":"BUC50t4Dac4Jclg2ZlpgmJwpUTf5jUaj/webGEWQqIQP"},"_chains":{"BbPXBBc398UJcJhzu8WMYza4fxLVgbmNY1E28kaoeHFb":{"chainKey":{"counter":4},"chainType":2,"messageKeys":{}},"BdtgT9TJF8iicxKbRqy6GAlyNbgqMovvG5DZjMDJ9exA":{"chainKey":{"counter":0},"chainType":2,"messageKeys":{}},"BZTZtq2oc9PgcvEFn5nK2jVR7sYyoghiyVc/OgiP6aor":{"chainKey":{"counter":0},"chainType":2,"messageKeys":{}},"BQbDvBluIrhFoIZz0JjDgJZhutzt7eP10aYSJHFoQAtF":{"chainKey":{"counter":0},"chainType":2,"messageKeys":{}},"BdB5+YhBu19mQy7K1/l6FxSHCtbzfI+LGdVXcnqCXRRp":{"chainKey":{"counter":0},"chainType":2,"messageKeys":{}},"BakucrKgMIt7GJYAyOmP8+im+DjM2mdyeTzBbFRyDF8Z":{"chainKey":{"counter":0},"chainType":2,"messageKeys":{}},"BXi0yGncyJ7w+x2w36YvIsIuS0NLAg39ipmBey4vuZ1V":{"chainKey":{"counter":1},"chainType":2,"messageKeys":{}},"BUA7KTOFAfP6In4aaZ3hI3WxyFhOl9vjDgVEsuhJAkYW":{"chainKey":{"counter":2},"chainType":2,"messageKeys":{}},"Bfh4JSp5qzcfk3vSVHmJwCmZx6O5JLLraDL7J+Xz7HwD":{"chainKey":{"counter":2},"chainType":2,"messageKeys":{}},"BRv55+X6hLgQz5oLiieki5CCXZYaZnhe4ac7COqDdVQl":{"chainKey":{"counter":0},"chainType":2,"messageKeys":{}},"BTP1/UuqQLWhc8KIHpuCwb7fkLDw1s8Py5GeyARutF10":{"chainKey":{"counter":0},"chainType":2,"messageKeys":{}},"Bdwc3dZqIWTkD2qLgkvAaN80yRG9/5AU6WrZ1cSBTiVO":{"chainKey":{"counter":0},"chainType":2,"messageKeys":{}},"BbTRPZYnvJxAgM0NJV5VeEGaOG863rLj1RuyTWUSN3pZ":{"chainKey":{"counter":0},"chainType":2,"messageKeys":{}},"Bc+I/gGqiLOaSoDUoK8H+QBMhSlloVichhdGAYuEuaI3":{"chainKey":{"counter":0},"chainType":2,"messageKeys":{}},"BVgx9Ug1U3eYfXo4q4kpJeCXsLeUKLoCYgd/2IydXGZF":{"chainKey":{"counter":1},"chainType":2,"messageKeys":{}},"BbEC8SU7dxDbIdK/SR0erL0FpQ00cfdLo4eJ+kDh+Tpi":{"chainKey":{"counter":0},"chainType":2,"messageKeys":{}},"BQSyIBHw0FZDOu57PUNV3yodvzy8ilq/Ql0lwthvNqAL":{"chainKey":{"counter":0},"chainType":2,"messageKeys":{}},"BaqzBXEAdlER4F/am4as4oORFa/KlDy71iSPlcyDeOs/":{"chainKey":{"counter":0},"chainType":2,"messageKeys":{}},"BagNj4HKO6RXQoiOeLtzXbL7me5/cbsqmOmn61L8Mq1C":{"chainKey":{"counter":0},"chainType":2,"messageKeys":{}},"BRJjicIRn3NBGhLbBI7MGvI71NaKzwkEgLC8HyppdJEn":{"chainKey":{"counter":0},"chainType":2,"messageKeys":{}},"BRFYu4mKp1S2SwGsO3mamRnj7iRiXimqeNPfM4F+kLx2":{"chainKey":{"counter":1},"chainType":2,"messageKeys":{}},"BQq89Z8Jqss+M27v0dyebPsaSSjdXeeee6n9DWO3eUF6":{"chainKey":{"counter":3},"chainType":2,"messageKeys":{}},"BT1gfTMRbZmVuh7t0P2XlPJwDoFXI9wtYH1M/i1c+fgb":{"chainKey":{"counter":1},"chainType":2,"messageKeys":{}},"BUscOwQvOiVy1MrIB5EGl7Y5EPySc9F5HefjSnxMkEUy":{"chainKey":{"counter":0},"chainType":2,"messageKeys":{}},"BbKKlHqQ2J31pKt0yJB5BJaPlC1c4X4XnAJ6xvZ53CsY":{"chainKey":{"counter":0},"chainType":2,"messageKeys":{}},"BZ+yh6CHq1Gkz9tKa1PPkvTfRdnhZHr6L5aQQxV372No":{"chainKey":{"counter":0},"chainType":2,"messageKeys":{}},"Bf7pg7ys6f6aiKxkMcFcvnvMiowOXqdKdrl/f6sgNj1+":{"chainKey":{"counter":0},"chainType":2,"messageKeys":{}},"BQVoJdBSL01AQ6tpIijvz5aDN19J/UZf9J62SlnFc0Et":{"chainKey":{"counter":0},"chainType":2,"messageKeys":{}},"BYhxmSX5MxSnXmep01m+JFJuNaiq6b+S6fPFCtADlqZT":{"chainKey":{"counter":0},"chainType":2,"messageKeys":{}},"BQ5kWW8tuA6uzNQJJGl+vrEu+aVMsz+pqCDRC8BVmhgZ":{"chainKey":{"counter":1,"key":"1iJNLh1nqRNk4ukGWg9YH783zMtLL4lQeZBE+FvTkJ0="},"chainType":2,"messageKeys":{}},"BYMJtSUz6XsoFPQGgv6+MfedVcar0CUxZTVQJzfoLEgH":{"chainKey":{"counter":-1,"key":"Ha+1AQdo+heuNXVVbyM3JvMa/TSz1ztQVFS5I6HLhUA="},"chainType":1,"messageKeys":{}}}}},"version":"v1"}