{"_sessions":{"BbwWJ3GMf2Suq/+8ce2AUqJXIvst88mk+GjNE0cQPsh7":{"registrationId":1170230945,"currentRatchet":{"ephemeralKeyPair":{"pubKey":"BZtMlqKWJAHjfpqrAQE8e/XxL8ZNAH90SjyqFLszZbM3","privKey":"cEyj0hP1g2l0RhjMm9qy1uVBeUuhB0/FsMkP+qT4rF8="},"lastRemoteEphemeralKey":"BY230I8/vbBDrzCsoW4ldvbO7IULKfPvjtbbgLS5EXEE","previousCounter":0,"rootKey":"CS/rnzCwYM/3s4BKSTPj75HXWZQ5D/0yLFWFtiAyLCE="},"indexInfo":{"baseKey":"BbwWJ3GMf2Suq/+8ce2AUqJXIvst88mk+GjNE0cQPsh7","baseKeyType":1,"closed":-1,"used":1731092977893,"created":1731092977893,"remoteIdentityKey":"BTWZiGJHeR6gwvJ1NTbPXYiUYA0My9ZBtukUyjYfzENH"},"_chains":{"BZtMlqKWJAHjfpqrAQE8e/XxL8ZNAH90SjyqFLszZbM3":{"chainKey":{"counter":1,"key":"tPahCC7NFP22PvzI1hNe2dO717aXiH1x30odcGHGnPI="},"chainType":1,"messageKeys":{}}},"pendingPreKey":{"signedKeyId":2,"baseKey":"BbwWJ3GMf2Suq/+8ce2AUqJXIvst88mk+GjNE0cQPsh7","preKeyId":410}}},"version":"v1"}