{"_sessions":{"BY5wsFjst/2qnPe///D2A/ZeBOnWFS46Xh5GhFf2bL1L":{"registrationId":5230,"currentRatchet":{"ephemeralKeyPair":{"pubKey":"BQNnRuzZuQYFNuwQJ+vVLuwL9BZOWhfCwJz2HwkAlZ9M","privKey":"CJZ2GfapkmXAwqpaz10eGsscvJ2jq4Pi6JRFmsphCH8="},"lastRemoteEphemeralKey":"BdIkMP1VdYffHO7VkNaMUiuaGM3ibgDV8Bkgu7yCJipx","previousCounter":0,"rootKey":"KtXcLMajLWy3THSTS5tFae568DOKD6Xmv2gcrVDbJtk="},"indexInfo":{"baseKey":"BY5wsFjst/2qnPe///D2A/ZeBOnWFS46Xh5GhFf2bL1L","baseKeyType":1,"closed":-1,"used":1729106843483,"created":1729106843483,"remoteIdentityKey":"BXlPMykR5ZXyLlcAITBaVsWNXs8HrmCLG1A5s9Z3bu8i"},"_chains":{"BQNnRuzZuQYFNuwQJ+vVLuwL9BZOWhfCwJz2HwkAlZ9M":{"chainKey":{"counter":33,"key":"V0KkUjq8yjnRHVUxoVQApWib3w3xi7I0SNu7sjYkATU="},"chainType":1,"messageKeys":{}}},"pendingPreKey":{"signedKeyId":1,"baseKey":"BY5wsFjst/2qnPe///D2A/ZeBOnWFS46Xh5GhFf2bL1L"}}},"version":"v1"}