{"_sessions":{"BZHsNdE2vedpGZi1F/VAkqD9ijOVydrm8mxQdUFuWuIk":{"registrationId":1175508945,"currentRatchet":{"ephemeralKeyPair":{"pubKey":"BTQWwchEiopRt+M/NeW7fb95l+4/wl1kJ+HyJNwf5b1a","privKey":"iBfktmf5xQ+r1MyfdUvZlecfd2Sko4UlMvER/LU9L3s="},"lastRemoteEphemeralKey":"BQvZSQTNSw84VJ54lz3EUKMt0K7V1klSl6t38PPvqjpG","previousCounter":0,"rootKey":"YUdYdAfMNYDrlwId72DiHFC6uHLkA00wbzd7eJ4Fhq0="},"indexInfo":{"baseKey":"BZHsNdE2vedpGZi1F/VAkqD9ijOVydrm8mxQdUFuWuIk","baseKeyType":2,"closed":-1,"used":1740702015345,"created":1740702015345,"remoteIdentityKey":"BblAu6CkljKl4QVlIXHU06CtFyvdOeH1ITR+3dTpa2Yp"},"_chains":{"BQvZSQTNSw84VJ54lz3EUKMt0K7V1klSl6t38PPvqjpG":{"chainKey":{"counter":1,"key":"zYgT/VA0nJ5+G0dn/Otim33yuXBJWJXnzZrVpA/+uQQ="},"chainType":2,"messageKeys":{}},"BTQWwchEiopRt+M/NeW7fb95l+4/wl1kJ+HyJNwf5b1a":{"chainKey":{"counter":1,"key":"vQBbR4GuKXki4lYcScMHeaqNLafyzGWrVCW5JgyOSwI="},"chainType":1,"messageKeys":{}}}}},"version":"v1"}