{"_sessions":{"BUoyVjRYfB+vW+4M6uXwMuumPUJl9hDh/kIt6IRYT5cI":{"registrationId":7556,"currentRatchet":{"ephemeralKeyPair":{"pubKey":"BWRx+skn/wyZ8lfB5giz9AWAPR6k32QzjZA+RP2IBmxc","privKey":"sKY8EJIQuKihL5RYHkRuxgJlPtq5Y9ReNAnYjrtQWWY="},"lastRemoteEphemeralKey":"BY2nmq7CXAtmW/YO79ngL2B8hHfla0P5SWdA669VXlFk","previousCounter":63,"rootKey":"iF+s7o+w6kQCbT/wr/u8alG5sPc8fj8qcpWppNlxqhU="},"indexInfo":{"baseKey":"BUoyVjRYfB+vW+4M6uXwMuumPUJl9hDh/kIt6IRYT5cI","baseKeyType":2,"closed":-1,"used":1734009575977,"created":1730986368184,"remoteIdentityKey":"BSxDOo/BMUj8Z7dwCb4ofxxFsWv0TBLpzEINHnsVjsZR"},"_chains":{"BWRw7YuGUPGnTmQqj/esjSOYUu5IV9NfmCmhJIpV4PQX":{"chainKey":{"counter":0},"chainType":2,"messageKeys":{}},"BepwSV8TKQcloGMgkpzuB4jyKsyiFPh73YrNsyiP6L90":{"chainKey":{"counter":0},"chainType":2,"messageKeys":{}},"BV27o1Kg3wp03//kERcJMngTPu2ZMAcXkyMwDkJIoSQp":{"chainKey":{"counter":1},"chainType":2,"messageKeys":{}},"BfhmelHXGg5afIsQlOxM4VyBMjHEsfdjD45NGFnXXlYD":{"chainKey":{"counter":0},"chainType":2,"messageKeys":{}},"BX2lzlgVG+qSdbD8Xjr1NGU+gpnKZYGjGVGAMbB0D/Ek":{"chainKey":{"counter":0},"chainType":2,"messageKeys":{}},"BY2nmq7CXAtmW/YO79ngL2B8hHfla0P5SWdA669VXlFk":{"chainKey":{"counter":1,"key":"qDrQEmJb5+hZWrwuqwWDiSDMhuaaoYc7CRNPeOqPoR0="},"chainType":2,"messageKeys":{}},"BWRx+skn/wyZ8lfB5giz9AWAPR6k32QzjZA+RP2IBmxc":{"chainKey":{"counter":-1,"key":"H2B1S/mN5yFVY6/dYFCCaftkg9SV3hxiTpIIl13ox2g="},"chainType":1,"messageKeys":{}}}}},"version":"v1"}