{"_sessions":{"BSYrGR1L2J0djhmUi8CSaCyWOlWlHpJ2Iw28v8PfAycH":{"registrationId":112621317,"currentRatchet":{"ephemeralKeyPair":{"pubKey":"BUQULl5BK2/tecFgOinkT+aAi1rlru1zntxUp8q/dSNp","privKey":"cJxhuTyLtbsHxk25xcQ6n+mAp8bbzB9niWkr8H0pc2M="},"lastRemoteEphemeralKey":"BUaT/AnPxf1LwEA1QXZqQ0wcgsk5MiPv6yS7xPvj+QkH","previousCounter":0,"rootKey":"WPdTyEKf/inz4yVPZih3z8N5SZb+3ZFQ2VZ5WsKGSGI="},"indexInfo":{"baseKey":"BSYrGR1L2J0djhmUi8CSaCyWOlWlHpJ2Iw28v8PfAycH","baseKeyType":1,"closed":-1,"used":1734744802705,"created":1733414810227,"remoteIdentityKey":"BfgM7Zbr305npYkGiPBLCrXCB2pR47paHig5FdbmIyUI"},"_chains":{"BW6uXY/BRQJIS07jYKFEa40LxBQBLozK9Z/7OvuvjJJ7":{"chainKey":{"counter":0},"chainType":2,"messageKeys":{}},"Bb3UiWhcalki3FrduAv5TJk+62WBrWkvTfWXO6gjQZQp":{"chainKey":{"counter":0},"chainType":2,"messageKeys":{}},"BUaT/AnPxf1LwEA1QXZqQ0wcgsk5MiPv6yS7xPvj+QkH":{"chainKey":{"counter":0,"key":"4duwvpI1QTW1xYVAC3BKenQvgHr1haGmZBfc5/a6APw="},"chainType":2,"messageKeys":{}},"BUQULl5BK2/tecFgOinkT+aAi1rlru1zntxUp8q/dSNp":{"chainKey":{"counter":28,"key":"PbNjPqnAzhecY6qp6Hixj1ELZviUCaU4hYPpSBarS2o="},"chainType":1,"messageKeys":{}}}}},"version":"v1"}