{"_sessions":{"BZHA2lDh8c4V9Me1+SzxNhbknEHDRhoj/tIhzRkx3Ep7":{"registrationId":13617,"currentRatchet":{"ephemeralKeyPair":{"pubKey":"Bd2MLQ+ZJG3lUKg5cSgKct8HxRyGyIVM9wOTQMOk+nZj","privKey":"KFpo6C7aoKnlvG2pj4WahzdEmh7sy6FOHkUMEAng01A="},"lastRemoteEphemeralKey":"BfeZfk5CXiYEalOqm0BIX/i7p72X4yzyFJ0bM85eo1on","previousCounter":0,"rootKey":"irAJUXXPkKJDrkvc21hV9d/dBO1ggMoNGd5rTUL3WQM="},"indexInfo":{"baseKey":"BZHA2lDh8c4V9Me1+SzxNhbknEHDRhoj/tIhzRkx3Ep7","baseKeyType":1,"closed":-1,"used":1727196690008,"created":1727196690008,"remoteIdentityKey":"BXy4IZcuC2yL0hRPVsBccA8KJxLTwKPlPui3XJRotF1N"},"_chains":{"Bd2MLQ+ZJG3lUKg5cSgKct8HxRyGyIVM9wOTQMOk+nZj":{"chainKey":{"counter":118,"key":"34puftfygAoSKWf1TdxWcchUJiBzSCj3i1Lcy7hBT7E="},"chainType":1,"messageKeys":{}}},"pendingPreKey":{"signedKeyId":2,"baseKey":"BZHA2lDh8c4V9Me1+SzxNhbknEHDRhoj/tIhzRkx3Ep7","preKeyId":1204}}},"version":"v1"}