{"_sessions":{"BXRHqPQpdjpJih8MuH+hVLLRFNbmU+q04OvYIxRxiP1o":{"registrationId":15684,"currentRatchet":{"ephemeralKeyPair":{"pubKey":"Bc6t2mjOTJ+Uk2fiQuOPxnYVYFjgNaNK+A3/MSrAmntg","privKey":"2DqcsWLRtYXZtvKS/1o1TNp6GX2i+DNcKyMY6Pwh3FY="},"lastRemoteEphemeralKey":"BXMtzpqHgJFfkd2MbwHFaSAHB0Acnb49szMZU+ZoV6IU","previousCounter":0,"rootKey":"BzpvYYPYviDuhaANiVH6+uz+AIJfLaVcJ9GoPTyKsAw="},"indexInfo":{"baseKey":"BXRHqPQpdjpJih8MuH+hVLLRFNbmU+q04OvYIxRxiP1o","baseKeyType":1,"closed":-1,"used":1730125094188,"created":1730125094188,"remoteIdentityKey":"BfZg5tZLk7XKFbkklJWZWaHg1qtIyMp7BhjmilofMBs4"},"_chains":{"Bc6t2mjOTJ+Uk2fiQuOPxnYVYFjgNaNK+A3/MSrAmntg":{"chainKey":{"counter":3,"key":"oX3/bg3Awm4X551UnSyvnWgH/InmRvq0n7p12lf+UVA="},"chainType":1,"messageKeys":{}}},"pendingPreKey":{"signedKeyId":1,"baseKey":"BXRHqPQpdjpJih8MuH+hVLLRFNbmU+q04OvYIxRxiP1o","preKeyId":391}}},"version":"v1"}