{"_sessions":{"BV49BcFxlQzP4lucZn7uelh9er7FWxIWkmVloybQ3kwN":{"registrationId":2832,"currentRatchet":{"ephemeralKeyPair":{"pubKey":"BSmZp9OtoFDJhVxrJ+NsaiSGX0HvnBud4e59UBqvxTFe","privKey":"IOgz87DQnclWzDV1QtiePeX1hc4a9X68TPlrKocUEWo="},"lastRemoteEphemeralKey":"BTQKCTXIOzYZEYYID2Omv+BISw2yt4BBRdAf46PA1RgO","previousCounter":16,"rootKey":"+pSTFPNwaDPBVPUjxRhvaXJ898XUgK0oZ6k71y0Py+4="},"indexInfo":{"baseKey":"BV49BcFxlQzP4lucZn7uelh9er7FWxIWkmVloybQ3kwN","baseKeyType":2,"closed":-1,"used":1741181202052,"created":1738071056827,"remoteIdentityKey":"BeY52tnYtPYF7uKbR1XfRsqOlEiDMFcxMNCYBRDO60V4"},"_chains":{"BWsNgJsReNi4qGX6Ruylzn9e/9YuxkYLnkiMRceD4sc6":{"chainKey":{"counter":0},"chainType":2,"messageKeys":{}},"BWULfDA0vXIUHKKxF5kWKv2zAq/O0ZatVmnfCjDudTsr":{"chainKey":{"counter":0},"chainType":2,"messageKeys":{}},"BTQKCTXIOzYZEYYID2Omv+BISw2yt4BBRdAf46PA1RgO":{"chainKey":{"counter":0,"key":"z8hxZZLKK8AJX+Bhn4Edd7Lo6LOb5ajl+i4OwxoS9bM="},"chainType":2,"messageKeys":{}},"BSmZp9OtoFDJhVxrJ+NsaiSGX0HvnBud4e59UBqvxTFe":{"chainKey":{"counter":-1,"key":"vkIjMwY5eLLMbSOMZPyf/De9C3OU6SKtcHkb4ueTxWc="},"chainType":1,"messageKeys":{}}}}},"version":"v1"}