{"_sessions":{"BfWOy2xFHtKAW8fcbWlAS+Bbgqouue65QTE64+99dHhq":{"registrationId":89413727,"currentRatchet":{"ephemeralKeyPair":{"pubKey":"Bbt7jVvhpaoUc6bPou16Kt8swB1DgXYH2SYI8T+mBCFS","privKey":"CGceTYpXLCvhXwUUMQFoIEVGspVHxFR2O7Eoscsbg0A="},"lastRemoteEphemeralKey":"BZcILJW3tSjWaFdcqlNj6OWLX+ubOBkXogg1LhJlANkt","previousCounter":0,"rootKey":"BXPJzzfNHjee94IbXHeGSQpbNi+Sy9SHfn4sFk21Y14="},"indexInfo":{"baseKey":"BfWOy2xFHtKAW8fcbWlAS+Bbgqouue65QTE64+99dHhq","baseKeyType":2,"closed":-1,"used":1736337203162,"created":1736337203162,"remoteIdentityKey":"BdpLudtA03ZC0IzmvNhrqaiPWmgQs5nAaMmC4kQFGAsd"},"_chains":{"BZcILJW3tSjWaFdcqlNj6OWLX+ubOBkXogg1LhJlANkt":{"chainKey":{"counter":0,"key":"3UDY4BI5+r0tvOA3bTBH+S1KyCUDCeoVFY+I+DCBY1c="},"chainType":2,"messageKeys":{}},"Bbt7jVvhpaoUc6bPou16Kt8swB1DgXYH2SYI8T+mBCFS":{"chainKey":{"counter":-1,"key":"pUG6gXnwx724N7bLNB7JoMiKJrwFmzJNeYVvP0xlzg0="},"chainType":1,"messageKeys":{}}}}},"version":"v1"}