{"_sessions":{"BRi8qdHYoEIliRY7jAYR1aBfY8LLmhtasuKpt6LRTUQQ":{"registrationId":2025650460,"currentRatchet":{"ephemeralKeyPair":{"pubKey":"Ba182YBHgdvQZLaxL/PD4LQj4ak8U+YCAtXhqH2tJ5ED","privKey":"0DBl6ofyNnET33NoYqJCjrkdnONh2DEJ3sTNFknNJlA="},"lastRemoteEphemeralKey":"BQVw9relPpQoV/C7BkyUSV03yPjeMJ/5uCR6jz5sTDRi","previousCounter":0,"rootKey":"1oxY4mNWXkArtngCNgRN0udlnYfV8hsJ7AIsLngeNn4="},"indexInfo":{"baseKey":"BRi8qdHYoEIliRY7jAYR1aBfY8LLmhtasuKpt6LRTUQQ","baseKeyType":2,"closed":-1,"used":1728875162633,"created":1727217908662,"remoteIdentityKey":"BVzrTJEVH7h5v0Ud7G/Ww8YJfOoycRGSdvw5Ztdv9qMx"},"_chains":{"BdRpOhG7n9/GSg9a2u8CyMEfAfAU6oeMyiHkxFfAdzso":{"chainKey":{"counter":4},"chainType":2,"messageKeys":{}},"BWbahzknwXHb824XMabIViklTNzxVxi0FXZs1DPLYSMB":{"chainKey":{"counter":3},"chainType":2,"messageKeys":{}},"BQVw9relPpQoV/C7BkyUSV03yPjeMJ/5uCR6jz5sTDRi":{"chainKey":{"counter":6,"key":"qungocoKmw6SwmsPYYsP9mFw30d8QCUSkafm7poPckU="},"chainType":2,"messageKeys":{"1":"ZYLoX68xrzcbTB2hXiRsZZciamFsqJlZTEZ/3NS08oI=","2":"0AxT0udUO+0xfwrnv1dBof4Ci1D0uoTeKY6hy0P2qlg="}},"Ba182YBHgdvQZLaxL/PD4LQj4ak8U+YCAtXhqH2tJ5ED":{"chainKey":{"counter":0,"key":"jQ9ZyFsapqEN7g3JRfhri/LF2qTEN9raHPrrAPLOhAc="},"chainType":1,"messageKeys":{}}}}},"version":"v1"}