{"_sessions":{"BQgEhEtYA0hmhM/NxEvTxJmSuSt+QptjryrG2AigtAdV":{"registrationId":1042450204,"currentRatchet":{"ephemeralKeyPair":{"pubKey":"BZzPku1bPVnO2ZCWNZPBaQxa0m5+MNke99/OJhOizyEm","privKey":"AAwKQByTOxk99lwtIZIFF0gkBZOo7bRGSd6SYOpX8lE="},"lastRemoteEphemeralKey":"Bb8OYmHqk+xKemdSzdAyaE6QEXyOFrddTzSywOfZUzgo","previousCounter":0,"rootKey":"HgWh/L++ymjMAtBnDw5JmfgpdkWLJNdkjZt7/BJ0aVg="},"indexInfo":{"baseKey":"BQgEhEtYA0hmhM/NxEvTxJmSuSt+QptjryrG2AigtAdV","baseKeyType":1,"closed":1727795800920,"used":1727196732650,"created":1727196732650,"remoteIdentityKey":"BX9uZzQJsVVWfKUupAsiCt2m/7ZG4rX8IEfKZ8EWQu8d"},"_chains":{"BZzPku1bPVnO2ZCWNZPBaQxa0m5+MNke99/OJhOizyEm":{"chainKey":{"counter":3,"key":"WjUxrntGaDtMZ9xEPrqOG9YTWilrDFrrtomXeYMfn4c="},"chainType":1,"messageKeys":{}}},"pendingPreKey":{"signedKeyId":44,"baseKey":"BQgEhEtYA0hmhM/NxEvTxJmSuSt+QptjryrG2AigtAdV","preKeyId":1154409}},"BQ9UYe8MQGeMkLH8jXRqbbN1PI9+WSxgDvKhmTgfv91G":{"registrationId":1042450204,"currentRatchet":{"ephemeralKeyPair":{"pubKey":"BYpFqm+Bp5pMcVv8R7Ekm6u0DbB0gljAVKFV4ayxmdEv","privKey":"AOUAMmUl/Sdgl9g6tZpNl+CsFDCadBOvpjQH0UWXEXc="},"lastRemoteEphemeralKey":"Bb8OYmHqk+xKemdSzdAyaE6QEXyOFrddTzSywOfZUzgo","previousCounter":0,"rootKey":"3U7M/MdCVUDB1v1VgVMY0JVy+GdETJS67Pxv72rR3cs="},"indexInfo":{"baseKey":"BQ9UYe8MQGeMkLH8jXRqbbN1PI9+WSxgDvKhmTgfv91G","baseKeyType":1,"closed":1727795801070,"used":1727795800917,"created":1727795800917,"remoteIdentityKey":"BX9uZzQJsVVWfKUupAsiCt2m/7ZG4rX8IEfKZ8EWQu8d"},"_chains":{"BYpFqm+Bp5pMcVv8R7Ekm6u0DbB0gljAVKFV4ayxmdEv":{"chainKey":{"counter":-1,"key":"S6v/hb1wADr6spEqtKUyDMwMvcVqaN0uHqDI7HzTWt0="},"chainType":1,"messageKeys":{}}},"pendingPreKey":{"signedKeyId":44,"baseKey":"BQ9UYe8MQGeMkLH8jXRqbbN1PI9+WSxgDvKhmTgfv91G","preKeyId":1154499}},"Bam1Uu3iHlbZ79S9IOkV3ctNGFo2i5MAUGU72Gz2BAMK":{"registrationId":1042450204,"currentRatchet":{"ephemeralKeyPair":{"pubKey":"Bd4rqQKc0hLM3aazwp/baUlx+MFyN6+3dmjMZjZV9DIt","privKey":"cK2TO/K0VqFDKwM1V06MCAijK0qxKNdMnrvoMlIxDlY="},"lastRemoteEphemeralKey":"Bb8OYmHqk+xKemdSzdAyaE6QEXyOFrddTzSywOfZUzgo","previousCounter":0,"rootKey":"tBY2IogPVqK82MGMoczkcasDM/E4jQXrpqTSBw8JZko="},"indexInfo":{"baseKey":"Bam1Uu3iHlbZ79S9IOkV3ctNGFo2i5MAUGU72Gz2BAMK","baseKeyType":1,"closed":-1,"used":1727795801068,"created":1727795801068,"remoteIdentityKey":"BX9uZzQJsVVWfKUupAsiCt2m/7ZG4rX8IEfKZ8EWQu8d"},"_chains":{"Bd4rqQKc0hLM3aazwp/baUlx+MFyN6+3dmjMZjZV9DIt":{"chainKey":{"counter":78,"key":"+JV6XNhvWwAZAWvJ/3Onzlr/Kx5myWVcifD5QW8e7pI="},"chainType":1,"messageKeys":{}}},"pendingPreKey":{"signedKeyId":44,"baseKey":"Bam1Uu3iHlbZ79S9IOkV3ctNGFo2i5MAUGU72Gz2BAMK","preKeyId":1154443}}},"version":"v1"}