{"_sessions":{"BXFP63wy+SbeDkJGDO6x0UR6suoOV0anVn7a/OfQokt6":{"registrationId":292730985,"currentRatchet":{"ephemeralKeyPair":{"pubKey":"BT6Xhg8jDvoUW9oYD16rrUL+d7+/z2bWt3jnzRfK1klK","privKey":"gLSSFuc6an9ure54jKOEqqimCjU/7Aw4ci3YsoaoyWI="},"lastRemoteEphemeralKey":"BYudOGZ4Lizkp4UjJCA1GbMxnkjG2NaOHSFaw1CzRC9A","previousCounter":0,"rootKey":"eUP+1HFHN8AJcU5uvv5A8wMLUMqnzXR4sB0YSf+qr08="},"indexInfo":{"baseKey":"BXFP63wy+SbeDkJGDO6x0UR6suoOV0anVn7a/OfQokt6","baseKeyType":1,"closed":-1,"used":1729956998488,"created":1729956998488,"remoteIdentityKey":"Bf4Sq0g0gAwhhE5QGt9ux9aFipr0pKtdtzXv2YT4pNcG"},"_chains":{"BT6Xhg8jDvoUW9oYD16rrUL+d7+/z2bWt3jnzRfK1klK":{"chainKey":{"counter":5,"key":"N4asuWXn+ElKjgMLzT3sxbpJf0UHHnZ86p4QulLKGxA="},"chainType":1,"messageKeys":{}}},"pendingPreKey":{"signedKeyId":1,"baseKey":"BXFP63wy+SbeDkJGDO6x0UR6suoOV0anVn7a/OfQokt6","preKeyId":616}}},"version":"v1"}