{"_sessions":{"BUQJgEJlJqhJ+OItMevSJybJqQjlMpekMfIAQiFNqid+":{"registrationId":13777,"currentRatchet":{"ephemeralKeyPair":{"pubKey":"Bczl6DriOBTzwoYn4rvZzX+lxsG3wVlt+scAsb1PTfVi","privKey":"mErU93MN14ylfXyTVYFDtPyXV2rMJQbsBye/XNoSonQ="},"lastRemoteEphemeralKey":"BahEMssNaFtD++3Ki3tL5M7+2v33uLaagkLs4Wy+5Zs1","previousCounter":0,"rootKey":"pxYDy7+2TP9SKJxp7MGF5on4eiO5Kjobwjcomb2fIyg="},"indexInfo":{"baseKey":"BUQJgEJlJqhJ+OItMevSJybJqQjlMpekMfIAQiFNqid+","baseKeyType":1,"closed":-1,"used":1727196711065,"created":1727196711065,"remoteIdentityKey":"BSe4jC/eC3rvu11IdnmsYOn1lymjU01EItmLwI9fC79A"},"_chains":{"Bczl6DriOBTzwoYn4rvZzX+lxsG3wVlt+scAsb1PTfVi":{"chainKey":{"counter":27,"key":"sQBNYcetQACfSOOtlVfflJ6ZCqdejrgMQmtB5O7vp2k="},"chainType":1,"messageKeys":{}}},"pendingPreKey":{"signedKeyId":2,"baseKey":"BUQJgEJlJqhJ+OItMevSJybJqQjlMpekMfIAQiFNqid+","preKeyId":1070}}},"version":"v1"}