{"_sessions":{"BdgvayUOkDCHKpb5/+P5fe9Le74pcoYw6dx/rsCg82YU":{"registrationId":2612,"currentRatchet":{"ephemeralKeyPair":{"pubKey":"BQ9rfvF0lGlLKuRXNqynKWGjEOSB/kCg08OJkyxz7cIk","privKey":"mA9lUtJeqZFjB5CPzpiX/vAnRAc46CeaB2rVVpAcAXQ="},"lastRemoteEphemeralKey":"BaYmqx6vrPsguXIJLK7U0lNj/ctHCNnrhLLFj2mhXrl0","previousCounter":0,"rootKey":"KK5FK9PGhxVmljI2/D8rcDUenRqMS2SYVTxuJCx0ER8="},"indexInfo":{"baseKey":"BdgvayUOkDCHKpb5/+P5fe9Le74pcoYw6dx/rsCg82YU","baseKeyType":1,"closed":-1,"used":1728503223897,"created":1728503223897,"remoteIdentityKey":"BSB5pYjvvmCZRN8cn7BOwyFtPGoPuaBhr8Ldf0EhFAMX"},"_chains":{"BQ9rfvF0lGlLKuRXNqynKWGjEOSB/kCg08OJkyxz7cIk":{"chainKey":{"counter":7,"key":"KoH9Mv7PnFBdDP/KijFTiuGBOg5sQxiDBnUTIzIijts="},"chainType":1,"messageKeys":{}}},"pendingPreKey":{"signedKeyId":1,"baseKey":"BdgvayUOkDCHKpb5/+P5fe9Le74pcoYw6dx/rsCg82YU"}}},"version":"v1"}