{"_sessions":{"BahkWvrAqFwEPCfVAEvOBNF0KUC09onNcCKJZkCzHy8e":{"registrationId":10608,"currentRatchet":{"ephemeralKeyPair":{"pubKey":"BUY80FrN69uU6AvVsRUr+4ILFUoGUUA5kkT06TKFJSFY","privKey":"+Ce4Y3a1Txj6QcLZqSGDsLVqUMmXYxEk3lGwE4gn/2o="},"lastRemoteEphemeralKey":"BSmSSoEIEaE0zgOXo2kBtFao4kzNMZnZecRrPGReLR1S","previousCounter":0,"rootKey":"YqmEO/x/coGzf1qBrQPiwMkBN7iuez8ym3XhPNpOw9E="},"indexInfo":{"baseKey":"BahkWvrAqFwEPCfVAEvOBNF0KUC09onNcCKJZkCzHy8e","baseKeyType":1,"closed":-1,"used":1727197274812,"created":1727197274812,"remoteIdentityKey":"BXnABMVIbglttD3RN28uG6MRQD++I72VeKkNjw56Eaw/"},"_chains":{"BUY80FrN69uU6AvVsRUr+4ILFUoGUUA5kkT06TKFJSFY":{"chainKey":{"counter":16,"key":"bL842LT3nFULdWAJxHXZrZw3qOmdWaISdc8KTA0qwfc="},"chainType":1,"messageKeys":{}}},"pendingPreKey":{"signedKeyId":2,"baseKey":"BahkWvrAqFwEPCfVAEvOBNF0KUC09onNcCKJZkCzHy8e","preKeyId":1156}}},"version":"v1"}