{"_sessions":{"BT/H4evCe0wxf5+pH9OASY4KPOxZTnpn7CKF3wpmwxF9":{"registrationId":14342,"currentRatchet":{"ephemeralKeyPair":{"pubKey":"Bc/5+RqClajqPcEAUihCZQkkuL8QmQKsNHAKicHXK/5C","privKey":"+CC4xLBxF5j6qScvYuCtqxv1NQ4bMK/RKtt3bberVUw="},"lastRemoteEphemeralKey":"BcGyhUKFjJAwUr3Euwun4RvN5xPzRbo9bEJMwNYPYusv","previousCounter":0,"rootKey":"4iTijzBaEVVyih32DxPiZjlqTuB3eI0+na+N0MXBrIU="},"indexInfo":{"baseKey":"BT/H4evCe0wxf5+pH9OASY4KPOxZTnpn7CKF3wpmwxF9","baseKeyType":1,"closed":-1,"used":1729181464169,"created":1729181464169,"remoteIdentityKey":"BQ+Az6b7/yiMSsoxZmv+QRTYL+6PcXfmwrogvOa/2Zx1"},"_chains":{"Bc/5+RqClajqPcEAUihCZQkkuL8QmQKsNHAKicHXK/5C":{"chainKey":{"counter":41,"key":"vGy+LZsL4AqBpj83iymh//xQ5MZB0lenRN4ctJTv7F0="},"chainType":1,"messageKeys":{}}},"pendingPreKey":{"signedKeyId":1,"baseKey":"BT/H4evCe0wxf5+pH9OASY4KPOxZTnpn7CKF3wpmwxF9","preKeyId":1362}}},"version":"v1"}