{"_sessions":{"BQ9UdhD4CrewxCn0IupPPLdl5WlWKzNhGpvjMWpOP3g8":{"registrationId":736467415,"currentRatchet":{"ephemeralKeyPair":{"pubKey":"BVce5PkxIxu8fKCK3BgE2hGGggh4oVETacDCwHVeo7cJ","privKey":"aM5jqxlCYd68gbvk4MS54Zs1nAvo+TqDAmSho/2jAX0="},"lastRemoteEphemeralKey":"BWVMWf5ocFVPE7IW0262y8mlOoRsFI5i2K87upOr3L8Y","previousCounter":0,"rootKey":"rsge6LehCAOM4qzEOCdBbYGrQ0PmOPQRRA9s8k3dSs8="},"indexInfo":{"baseKey":"BQ9UdhD4CrewxCn0IupPPLdl5WlWKzNhGpvjMWpOP3g8","baseKeyType":1,"closed":-1,"used":1732656173065,"created":1732656173065,"remoteIdentityKey":"Bb198pH3Plrs2WUjAXHN29REkoVfZma9p3aLz4Yfo1Et"},"_chains":{"BVce5PkxIxu8fKCK3BgE2hGGggh4oVETacDCwHVeo7cJ":{"chainKey":{"counter":11,"key":"ELyE2s+rzwJs3acy7tIaadBBGbMxA5Oe/G6vFwzQ23Y="},"chainType":1,"messageKeys":{}}},"pendingPreKey":{"signedKeyId":5,"baseKey":"BQ9UdhD4CrewxCn0IupPPLdl5WlWKzNhGpvjMWpOP3g8","preKeyId":9750748}}},"version":"v1"}