{"_sessions":{"BXeaWskjNlpK0PMRvWeZhyIrsQ0GX1i1xyI+rsFTweAH":{"registrationId":878037711,"currentRatchet":{"ephemeralKeyPair":{"pubKey":"BaT/q4l8irxFcm47ze+PCANN9y7nZNcVWkWGdy8rmjUq","privKey":"8En45NbiTH7/2l6RUHagCIId3JZbwl/EfB7ytL360Vk="},"lastRemoteEphemeralKey":"BZKHGXLMRwOAHTkZH0tKu6CkKXILZe+bCiiWklc+/R5t","previousCounter":0,"rootKey":"BcRZz6/aBj2f3I+Jl/bB2bciCx6fty1ck547bglDbQ0="},"indexInfo":{"baseKey":"BXeaWskjNlpK0PMRvWeZhyIrsQ0GX1i1xyI+rsFTweAH","baseKeyType":2,"closed":-1,"used":1737993956627,"created":1737993754223,"remoteIdentityKey":"BaiRdzLr/fAedTD8Zyliq8jF8rzL1sUd1yutgv4WBpw9"},"_chains":{"Bf+/Q08xuqVyPUpBhnWj7dYAgDYGOTp8SoUao3ZSY/8P":{"chainKey":{"counter":0},"chainType":2,"messageKeys":{}},"BTOCRFJbR9TVM20jiDeEhOQYcfFRPVVAHCMlhyk0cpds":{"chainKey":{"counter":0},"chainType":2,"messageKeys":{}},"BZKHGXLMRwOAHTkZH0tKu6CkKXILZe+bCiiWklc+/R5t":{"chainKey":{"counter":1,"key":"DUNtLXVDLfDz66k4+Im3XUJ7RUDiR51PT731V6FGPOE="},"chainType":2,"messageKeys":{}},"BaT/q4l8irxFcm47ze+PCANN9y7nZNcVWkWGdy8rmjUq":{"chainKey":{"counter":-1,"key":"9X8olAwTPkdHWsyXE78xCSPLmczf0BWfnJ90L0U8b0o="},"chainType":1,"messageKeys":{}}}}},"version":"v1"}