{"_sessions":{"BaWFNcQ2fqqJVL87yesk6A+h1JGqvKaCYvOBcMjCsP9C":{"registrationId":627,"currentRatchet":{"ephemeralKeyPair":{"pubKey":"BUbPg4tb1klEeLnxR+bgHCL67x2EvD/ql0GgVFhwwFMy","privKey":"0MTKtBSoaeMH5a6psaPUbv/w/3IXeHSRV1oFIU7z00s="},"lastRemoteEphemeralKey":"BXfcCC9RIgv3SairYBRZ4YkjcLFCo+BlpERlXmmvyG4O","previousCounter":0,"rootKey":"f72VpMJeWZc9TB5FwoVN66qCv/ll4dMhug6LV1IIo1I="},"indexInfo":{"baseKey":"BaWFNcQ2fqqJVL87yesk6A+h1JGqvKaCYvOBcMjCsP9C","baseKeyType":1,"closed":-1,"used":1733414597128,"created":1733414597128,"remoteIdentityKey":"BTkV+jC3gfa1tbLIpyLl/feOP5gZOu5K0/OxyPwSAyNi"},"_chains":{"BUbPg4tb1klEeLnxR+bgHCL67x2EvD/ql0GgVFhwwFMy":{"chainKey":{"counter":13,"key":"QP/TJN05IWKBEqZQKbWlWOvYLAzFdlg8jDhI10XSRX4="},"chainType":1,"messageKeys":{}}},"pendingPreKey":{"signedKeyId":1,"baseKey":"BaWFNcQ2fqqJVL87yesk6A+h1JGqvKaCYvOBcMjCsP9C"}}},"version":"v1"}