{"_sessions":{"BQ6VMKztTrENFIvawTrMmdKdVGe4txmIVveBGZ8xamoc":{"registrationId":8411,"currentRatchet":{"ephemeralKeyPair":{"pubKey":"BW5ydN+4VbMpfUdK7EPH3+EQYqMtUHUrPs/+wKf07T0/","privKey":"EMte7HWZonwWkwbGePMG+wOW/M1vWk33+hK6ZduyGEs="},"lastRemoteEphemeralKey":"BRvZ3E9boqAwNV6LQPTFGmVpaBt08gLg9XkTQmzz98V5","previousCounter":0,"rootKey":"YFdInBTf6tkkH6VMDjbdw1mbeTL72P/fk/+Kg6DJ5jY="},"indexInfo":{"baseKey":"BQ6VMKztTrENFIvawTrMmdKdVGe4txmIVveBGZ8xamoc","baseKeyType":2,"closed":-1,"used":1734464695740,"created":1734464667018,"remoteIdentityKey":"BUdjt/VebiqCOVQ6abE/v99x5FZnS9/+kHLk6c0BE0NC"},"_chains":{"BaTN67plzb0l5ZOmQxmeEQ2WdnHRaCRpMe0qduK7vi0z":{"chainKey":{"counter":1},"chainType":2,"messageKeys":{}},"BRvZ3E9boqAwNV6LQPTFGmVpaBt08gLg9XkTQmzz98V5":{"chainKey":{"counter":1,"key":"Hs8qSdamyV0psxH1ED2cZ+GWznTSQjLkHVTpPDET1N0="},"chainType":2,"messageKeys":{}},"BW5ydN+4VbMpfUdK7EPH3+EQYqMtUHUrPs/+wKf07T0/":{"chainKey":{"counter":1,"key":"4cXUFIVv9z/NZ2J9OlRj1Z7yUQs66H0JGeGO1IaeQiA="},"chainType":1,"messageKeys":{}}}}},"version":"v1"}