{"_sessions":{"BbmogiyO/6luK8j3OAx1Z2dOfxCvRRadZCC1e8CYEOoy":{"registrationId":15497,"currentRatchet":{"ephemeralKeyPair":{"pubKey":"Bbw2O7o8tAwZpe8NnpKqoImzuot2m9FujVMZq2BAw5gj","privKey":"SPSeeQF80FRlVwdSRbwHlR5AZpLoAoxoo2ghPZ0cbXs="},"lastRemoteEphemeralKey":"BdcmhKuLyWVMZKMcSCzWcgXSSouIYpjRj45ge9qxmJwL","previousCounter":0,"rootKey":"zoCWZlrGBbMgStJCBWyqn7iGixOXwwYbxBxEVN06zb0="},"indexInfo":{"baseKey":"BbmogiyO/6luK8j3OAx1Z2dOfxCvRRadZCC1e8CYEOoy","baseKeyType":1,"closed":-1,"used":1728318924184,"created":1728318924184,"remoteIdentityKey":"BWy49OB1XtkKFDQemwszvMBQA8/qTOgByTxk6vsIJO0e"},"_chains":{"Bbw2O7o8tAwZpe8NnpKqoImzuot2m9FujVMZq2BAw5gj":{"chainKey":{"counter":61,"key":"MSnR0O7b70bEJAoOYcB/avE6zxwua+kd3rkh4E3NMyw="},"chainType":1,"messageKeys":{}}},"pendingPreKey":{"signedKeyId":1,"baseKey":"BbmogiyO/6luK8j3OAx1Z2dOfxCvRRadZCC1e8CYEOoy"}}},"version":"v1"}