{"_sessions":{"BQnxNrlgF+zvvlR1eFyVvfiq8CMma3bx5mk7gNX7R11x":{"registrationId":14206,"currentRatchet":{"ephemeralKeyPair":{"pubKey":"BTlnw/+rT5sLhc3B/2qb0AHtkJarcX71XQDaaAT+cJp8","privKey":"SEIh34Y1Fr1DrrRnR6w8qIfGNuyLHcLqn3qKKT/X8mo="},"lastRemoteEphemeralKey":"BcpRAJAU9s62SSV2pGdmPcgO5tT2s9l4IBKU52xFG6M5","previousCounter":36,"rootKey":"lFdIdE5nmspX5uCuPg2Vma1JrLA6VU27GqH16pfKUXI="},"indexInfo":{"baseKey":"BQnxNrlgF+zvvlR1eFyVvfiq8CMma3bx5mk7gNX7R11x","baseKeyType":1,"closed":-1,"used":1732302835333,"created":1731428964752,"remoteIdentityKey":"BScY2NrbslTtEQ08Ma0ayBiApceeQ67DEKSLKwEQyRs+"},"_chains":{"BcpRAJAU9s62SSV2pGdmPcgO5tT2s9l4IBKU52xFG6M5":{"chainKey":{"counter":0,"key":"v3A5PZoU1G2PX23InAyZ2ZK9fyU8bJJQDec+TaL3/CQ="},"chainType":2,"messageKeys":{}},"BTlnw/+rT5sLhc3B/2qb0AHtkJarcX71XQDaaAT+cJp8":{"chainKey":{"counter":39,"key":"iApCGNji9WMjmLvw/tinV8/wXqj+MASMAszMIoAe5u8="},"chainType":1,"messageKeys":{}}}}},"version":"v1"}