{"_sessions":{"BWmW7ZmCn9oBcBqj9qV5sdE1JMJE9ClsPn68mBEigZcp":{"registrationId":1324653512,"currentRatchet":{"ephemeralKeyPair":{"pubKey":"BXfG0rTquqTrM5afWKbBfEkKuFwNm9RiSGMamOHHYNMp","privKey":"aKvnRdmzHFEf6mnxziFErN5e5CuMhl2Q4WCJQ1Dyc0w="},"lastRemoteEphemeralKey":"BVGSkUoHWXziGl/b94ipoVCOG8a6dk1AdyvxymY52xY4","previousCounter":0,"rootKey":"MVw7UtbBe1QcRluGsEqsq85kQPxF2r/zJTL+xCaUqPw="},"indexInfo":{"baseKey":"BWmW7ZmCn9oBcBqj9qV5sdE1JMJE9ClsPn68mBEigZcp","baseKeyType":1,"closed":-1,"used":1739458643560,"created":1729956997541,"remoteIdentityKey":"Be7AfvajTlaLeKmGhJ/32saYEUKLVwnSoinIW3bDYC04"},"_chains":{"BWI8pq6g6Rd1n3KV60SZWlisO+m26Z/ppSuD5rz8p+ov":{"chainKey":{"counter":21},"chainType":2,"messageKeys":{"0":"IWuiggCUj9TBAeHES8sUE8udL2Hot33ciwqcIZ6Gat8=","1":"7MeAxMA585hkTV6IuNWTLjXeKhlQuX5p8bg/UPqul9M=","2":"M50ktkBqLzRGexjyoFN/teXnBJUFzD4SYNYrqW5OCig=","3":"RvB/AGsp6AjNg5d+rM/BHjvp5FH3CCD+qR5SJEm0EhE=","4":"g92EF8uQO/FkE52AoC9gJ1XzIj1uDHrYKZ+H5IDb/sU=","5":"6ixlxVsJhObmA2eIJLON+i8AyoRaybEvwqWwJlcVtuk=","6":"Jb8PlWtyhw8L1+iSOqgFYbV2sTnJUn2QqAkWJd9ahl4=","7":"TGXTIMtrjAJYG47l9+em1W18JFnYJ6VYcfRmSY/G3+4=","8":"+kEZAzB/JsopmEYevG+zC3yjNfjN6GxpXgGFOMQx8nA=","9":"+1tx0D3ysI8eB/pKnXbvt85EvvpjzNpXGE9YXatSHFE=","10":"k9uAxI3Z8eq1BNzKsGIN8L1OPXUqrGv2aZ3gPbLAW0o=","11":"XGCQ0rMWdKpMNu8gHJeGNionAjDw3p968f7FdGOeY34=","12":"2ZKfJvm3GSVj3RczBx+RVnwQAYFyItxt09eBw3Et2bE=","13":"qgD9Dnq0lAIUjVND6zpVGIPhQ0v/TKDYhXoYiqlwi6g=","14":"iRozP4N09RqMTB1sxnBUSPiyXBUXh/Hba6t/qHvmPeg=","15":"JCVnWmxFUDVqIV98ehoVLGJSIRz9wH7neYCQ/d4zm6Q=","16":"IUsn8E9P6YcxfUykLntSOBLRja94vXyHyhliGYFmGoI=","17":"gFK8/XJzjkWwN+JX+IAGObvya50P0/boX6GZelAogeo=","18":"ra4tIBth1o1tPjz1MdPPxhDi7MRShBono46xDytZypA=","19":"71Fcv9SA2y/8qaxKz7axHs32GmJEA5eYSOFIM096bu8=","20":"uEj5V5LVAYqQdrBDVtZO8E9S61P2QmGbrgh3vuRM/eE="}},"BVGSkUoHWXziGl/b94ipoVCOG8a6dk1AdyvxymY52xY4":{"chainKey":{"counter":0,"key":"1V7BBh83ogxW6k2USE8hNscD1rMoUpTufhS7Juwl2mo="},"chainType":2,"messageKeys":{}},"BXfG0rTquqTrM5afWKbBfEkKuFwNm9RiSGMamOHHYNMp":{"chainKey":{"counter":0,"key":"AV1TaRLes8Hs588c3Lk+86y/+IDSlL3D0J54UwrsOJo="},"chainType":1,"messageKeys":{}}}}},"version":"v1"}