{"_sessions":{"BRedrAn091Eleb/z1144C9uAxa14RCFYBmjB1cjSp1U8":{"registrationId":2129056186,"currentRatchet":{"ephemeralKeyPair":{"pubKey":"BeRYM4+GaAutT9FzrIcnQ5Arbte9/G15QK8MpSrH1nkt","privKey":"AP5Gz023Vxdk4Nrv9ZqmUhVWZIap7PfdEIv+2Z67YEE="},"lastRemoteEphemeralKey":"Ba2g4aSrV4IOx95bwG+boLWp7zsAMi3dQfZKgoAfBFYN","previousCounter":0,"rootKey":"a8FLiAXxbEPdjEaDzHoW2YMPGU+jHdO7g1OW1eAI5jM="},"indexInfo":{"baseKey":"BRedrAn091Eleb/z1144C9uAxa14RCFYBmjB1cjSp1U8","baseKeyType":2,"closed":-1,"used":1736545857472,"created":1736545857472,"remoteIdentityKey":"BdYV5Eqx1WgDn6JyQ8p6dfAuVgneusphPMBzIHtfw2QT"},"_chains":{"Ba2g4aSrV4IOx95bwG+boLWp7zsAMi3dQfZKgoAfBFYN":{"chainKey":{"counter":0,"key":"pVGRgY/STmv2B5JtgHohw8aBGKs6rs46qdbLG9WmjWY="},"chainType":2,"messageKeys":{}},"BeRYM4+GaAutT9FzrIcnQ5Arbte9/G15QK8MpSrH1nkt":{"chainKey":{"counter":0,"key":"FUix/iS2d0Nz79wdTIT7Gha94N4Y2E+CkpH6oR4/kiY="},"chainType":1,"messageKeys":{}}}}},"version":"v1"}