{"_sessions":{"BQEuMhwFjLOB9hdrdBmbGs9b+eopwtBSwsapzIqHbWRv":{"registrationId":679089876,"currentRatchet":{"ephemeralKeyPair":{"pubKey":"BTeg+7syyF6N0RJaxAaA823d6fVEOPUepYf8+/r8Bahd","privKey":"oGLk5AYWMecUwpk67VLgY/kSYNE6BdbxQnuhd0q/E0k="},"lastRemoteEphemeralKey":"BWT/KsYFSjLRWl/lcoosDkiRL52Fc6tM+Gl/Tbr/cVsR","previousCounter":0,"rootKey":"htTDHt4FQ59b431SSIFMeC3FElcwK0gc5F+slIEtYOE="},"indexInfo":{"baseKey":"BQEuMhwFjLOB9hdrdBmbGs9b+eopwtBSwsapzIqHbWRv","baseKeyType":1,"closed":-1,"used":1739561073534,"created":1739561073534,"remoteIdentityKey":"BWquDL7/GVHjs1w6hrTnhGnXKBST80vs1Gk/sV64hwdV"},"_chains":{"BTeg+7syyF6N0RJaxAaA823d6fVEOPUepYf8+/r8Bahd":{"chainKey":{"counter":1,"key":"EgaZplbJN5CD0iVJAWJN9E3vsdLfYpTGHNrd6RkDDWc="},"chainType":1,"messageKeys":{}}},"pendingPreKey":{"signedKeyId":1,"baseKey":"BQEuMhwFjLOB9hdrdBmbGs9b+eopwtBSwsapzIqHbWRv","preKeyId":1021}}},"version":"v1"}