{"_sessions":{"BXE94L7oKkhUdoRm8YYRIFqTemXsvKkuHeUst4y0gdUi":{"registrationId":2836751195,"currentRatchet":{"ephemeralKeyPair":{"pubKey":"BeqkYbMn8/I42OtTB0FfxaV3QvRRxusWZNCpCk+kqOl3","privKey":"QFj7vySUw23hcyenpao+a/v90cxSoQVacNmHkq0tP1U="},"lastRemoteEphemeralKey":"BfXXnyXjQvwuTLqZgmlu8W9ZSNFaV02+J6lgnSpgNrUU","previousCounter":0,"rootKey":"+qMVaImEDD+WYOW3/ektmIcPZGwjcaG94XX5hYwnfLg="},"indexInfo":{"baseKey":"BXE94L7oKkhUdoRm8YYRIFqTemXsvKkuHeUst4y0gdUi","baseKeyType":1,"closed":-1,"used":1732229841078,"created":1732229841078,"remoteIdentityKey":"BV9d6hvxG3VZrBfJJWEycmgaHiodeoC5Egub314p0zVC"},"_chains":{"BeqkYbMn8/I42OtTB0FfxaV3QvRRxusWZNCpCk+kqOl3":{"chainKey":{"counter":5,"key":"jnIVpujUcUpoL9sGcuJ6gbi8A/O6RZzRz59G3YuL3bo="},"chainType":1,"messageKeys":{}}},"pendingPreKey":{"signedKeyId":8460243,"baseKey":"BXE94L7oKkhUdoRm8YYRIFqTemXsvKkuHeUst4y0gdUi"}}},"version":"v1"}