{"_sessions":{"BRUbQiPpnMcB7/zRiiK8M2hvoivQ4c0X+G63BVfXKyAE":{"registrationId":1089819805,"currentRatchet":{"ephemeralKeyPair":{"pubKey":"BSqBlqy+kf6r2/mw0Ad9SZUTtmM6wJGwiMKJK5E/ev1i","privKey":"CBn325EVqLb1jmtNNVAcLeZ5O80F411kbXDtc0m0lUU="},"lastRemoteEphemeralKey":"BfNGP5pu7u86Cj17TQXQn9WskppI7ewkY74bYW5lkhRh","previousCounter":0,"rootKey":"HHOAvNJYqBJqW3jc6dHKnhZxXBrKVStZEUthjQMbOhs="},"indexInfo":{"baseKey":"BRUbQiPpnMcB7/zRiiK8M2hvoivQ4c0X+G63BVfXKyAE","baseKeyType":2,"closed":-1,"used":1737740251154,"created":1737740082379,"remoteIdentityKey":"BURiVy/svl9gNT8n7M6rwj+6Bk+e+SYAgOtQ6bQ+tPoE"},"_chains":{"BVZ/kDLhxf+T6wNDaI5Sv7wUCFF8CT8aIeT+zvoJTdYM":{"chainKey":{"counter":0},"chainType":2,"messageKeys":{}},"Bcq7H60whHHkbI/Ay1BZKLUw/liLIIKmAXDaUroJoDsy":{"chainKey":{"counter":0},"chainType":2,"messageKeys":{}},"BfNGP5pu7u86Cj17TQXQn9WskppI7ewkY74bYW5lkhRh":{"chainKey":{"counter":0,"key":"9UDBKQ1hxlpm7H1ae4lcvxUsZEHoMWOsZN4brJYlIQ0="},"chainType":2,"messageKeys":{}},"BSqBlqy+kf6r2/mw0Ad9SZUTtmM6wJGwiMKJK5E/ev1i":{"chainKey":{"counter":0,"key":"agnXrfB/QNYocpWTulKJa3swsLvv1tIx6HGPPvivt0I="},"chainType":1,"messageKeys":{}}}}},"version":"v1"}