{"_sessions":{"Bd8aHnAc82wWSHfSixEKs5n7xCwH4qm6JSGQRfNSRJJh":{"registrationId":10797,"currentRatchet":{"ephemeralKeyPair":{"pubKey":"Bb/7eHpysVG3pGAyLmIDkPuACjqTRBN9+Ysd0k/ZIaAV","privKey":"0Ph3R96+hkRB+bXkvefmJ74LZYe3hh8+oDMlgOZDyGU="},"lastRemoteEphemeralKey":"BfZC8eD9cbOnETXnb8fsLpF0cAkBhpcY4xjEMd29d5ZZ","previousCounter":0,"rootKey":"BiG1ka+sQmXXJbIhSEjE5f8aPu8Z1Q/wh8KeHndOo1o="},"indexInfo":{"baseKey":"Bd8aHnAc82wWSHfSixEKs5n7xCwH4qm6JSGQRfNSRJJh","baseKeyType":1,"closed":-1,"used":1739561599584,"created":1739561599584,"remoteIdentityKey":"BYO2vE4GXbtnmKw+WcBWJnYabab/j6dkqiSAqRhE4rxl"},"_chains":{"Bb/7eHpysVG3pGAyLmIDkPuACjqTRBN9+Ysd0k/ZIaAV":{"chainKey":{"counter":1,"key":"xwCEXm9vhJ+lEmDNQpDup3IczVQPw9w4iYpeSz6uKzY="},"chainType":1,"messageKeys":{}}},"pendingPreKey":{"signedKeyId":1,"baseKey":"Bd8aHnAc82wWSHfSixEKs5n7xCwH4qm6JSGQRfNSRJJh"}}},"version":"v1"}