{"_sessions":{"BVAnB5qaCIFFxj1byEOvd8AKqoMsgz9+/l988bnGoXIk":{"registrationId":1452604950,"currentRatchet":{"ephemeralKeyPair":{"pubKey":"BSHVIpOBDzP44oN6jGLKIFwUJ1S2pEnuoWh0SMBvb08p","privKey":"KLcGsu24luAQIGt9HaksqVa1nB2UxD0IkSQkquGchXY="},"lastRemoteEphemeralKey":"BUfOYXUaGaJ76cvRTihc9A1AqiYMRdYa5jljjCpDjQxy","previousCounter":1,"rootKey":"HJNKcToTh0PP8HhglK/B0EfBEgbQJ4Xbf3DPcQsmijk="},"indexInfo":{"baseKey":"BVAnB5qaCIFFxj1byEOvd8AKqoMsgz9+/l988bnGoXIk","baseKeyType":1,"closed":-1,"used":1739561076168,"created":1739561072420,"remoteIdentityKey":"BV1luLEN3kam2ZU/DAyP1VacpJ+HUF7ypE3N1ZW+M+II"},"_chains":{"BUfOYXUaGaJ76cvRTihc9A1AqiYMRdYa5jljjCpDjQxy":{"chainKey":{"counter":0,"key":"yzQ9yyRrUmn6jRLjm8xdvgmM3zbvhMhYQqOJQuLsx7g="},"chainType":2,"messageKeys":{}},"BSHVIpOBDzP44oN6jGLKIFwUJ1S2pEnuoWh0SMBvb08p":{"chainKey":{"counter":-1,"key":"ydhI9zQq+htGJckGxNdW2OdhAWaBSQarMUKxBN1DETE="},"chainType":1,"messageKeys":{}}}}},"version":"v1"}