{"_sessions":{"BZfof19l+MuxBKuQo65KkzfUe4sLmiNFvQBlLwLVTuxT":{"registrationId":10061,"currentRatchet":{"ephemeralKeyPair":{"pubKey":"BRzRyJiBFRMLqdNvSPoiGnQhp5UrzJIe1GSI30pV6Edd","privKey":"4LoZ2iwnlKgAqBYbkM4u8B2j+YdI+TH4tGY/oTxOXHU="},"lastRemoteEphemeralKey":"BUp8lNre0eFv3oV3zp2KkohhaFUmO2Hh0V+hmsG5zKgo","previousCounter":0,"rootKey":"IUXyfAZelYG+zR9YVBH2J/vWO7ukIzJlZAhIgtbA6j8="},"indexInfo":{"baseKey":"BZfof19l+MuxBKuQo65KkzfUe4sLmiNFvQBlLwLVTuxT","baseKeyType":1,"closed":-1,"used":1727494599778,"created":1727494599778,"remoteIdentityKey":"BbkYXTFdDJoHqg0PuOcJ/6XnkWkPEomzYpjjkzlWIgcT"},"_chains":{"BRzRyJiBFRMLqdNvSPoiGnQhp5UrzJIe1GSI30pV6Edd":{"chainKey":{"counter":11,"key":"RGtmpRVzaSE2oWf8H3sccK9tiTYTqYS2bZFG6JxGovM="},"chainType":1,"messageKeys":{}}},"pendingPreKey":{"signedKeyId":1,"baseKey":"BZfof19l+MuxBKuQo65KkzfUe4sLmiNFvQBlLwLVTuxT","preKeyId":114}}},"version":"v1"}