{"_sessions":{"BXQvBtFM0E452POgts2g5T1by0BPwijNa9NV+BCNZsQ2":{"registrationId":729,"currentRatchet":{"ephemeralKeyPair":{"pubKey":"BdQuxnG+LuJBygadGUim1ihZl8tSTsR7YALXpmpwQ7Jh","privKey":"6PEbvI23DlCji6XuSowo3sxvHlYRipy+R6svyaZJrkU="},"lastRemoteEphemeralKey":"BYwv0yzGA7H0DUwSZ6hjtqevRMsphMHohE1TI7KUH+NM","previousCounter":0,"rootKey":"JN9CARQsgZkTDF7myCYINEcOYpKx1lMEqnDnZnUApGk="},"indexInfo":{"baseKey":"BXQvBtFM0E452POgts2g5T1by0BPwijNa9NV+BCNZsQ2","baseKeyType":1,"closed":-1,"used":1737992123689,"created":1737992123689,"remoteIdentityKey":"BUK0Hf8yA9YHx7FRmcj8EnHoBWxMxDdKBzuYwOqo/0cA"},"_chains":{"BdQuxnG+LuJBygadGUim1ihZl8tSTsR7YALXpmpwQ7Jh":{"chainKey":{"counter":3,"key":"u4PMnawQ4stcs1Zu6lyz0ek8v9ww6G8NAs/pUlhsE3c="},"chainType":1,"messageKeys":{}}},"pendingPreKey":{"signedKeyId":8,"baseKey":"BXQvBtFM0E452POgts2g5T1by0BPwijNa9NV+BCNZsQ2","preKeyId":1429}}},"version":"v1"}