{"_sessions":{"BXvXh6mgasAHi61mW8gq2YNyJ9JC5HkmDz3UzjNe+WA+":{"registrationId":12309,"currentRatchet":{"ephemeralKeyPair":{"pubKey":"BadnPIXjVGVeQuNyU2HntuFl4gvjv+FyWjhmZmHh+I8/","privKey":"QFnqAwOns5So3odH4I5qWaycnN9SlxZXC/hFcB2jmVY="},"lastRemoteEphemeralKey":"Be7dPhLvxXXYn5dhTz9tlZDrzDumtyYsJkJNPHNFqPlf","previousCounter":0,"rootKey":"yHVnq05acGLAakeaO2tPq4ne5eHMeyRXR/UjwuW/G6k="},"indexInfo":{"baseKey":"BXvXh6mgasAHi61mW8gq2YNyJ9JC5HkmDz3UzjNe+WA+","baseKeyType":1,"closed":-1,"used":1729956997993,"created":1729956997993,"remoteIdentityKey":"BSbONO16AJ8iqvF8qEI/bAL1rRB7688SmYB98gBKNuFd"},"_chains":{"BadnPIXjVGVeQuNyU2HntuFl4gvjv+FyWjhmZmHh+I8/":{"chainKey":{"counter":9,"key":"8lKBmiOhb2coz+UFSQL8lUyIXA0dByUvUG8yLonvgtY="},"chainType":1,"messageKeys":{}}},"pendingPreKey":{"signedKeyId":1,"baseKey":"BXvXh6mgasAHi61mW8gq2YNyJ9JC5HkmDz3UzjNe+WA+","preKeyId":163}}},"version":"v1"}