{"_sessions":{"BRQv9omI4ZZmvwfFamKjr8G2wrHfTtVxCxywnObkn2YU":{"registrationId":468876328,"currentRatchet":{"ephemeralKeyPair":{"pubKey":"BbzQewfYBgduvQizHPLTx9XaNERjkl/BTbmUi6oDtCxq","privKey":"mPVSWVgCK4aExrVudIr3nFLd03IUsNTOejX4SwJlEF0="},"lastRemoteEphemeralKey":"BTwp2OwiIzkQVnHBBh7cpuky3JwhmYapXCexZx939N44","previousCounter":0,"rootKey":"zvmBEnupgSlDWOtXXgAbnoPH9aumLS96aGPbQ1CCp3U="},"indexInfo":{"baseKey":"BRQv9omI4ZZmvwfFamKjr8G2wrHfTtVxCxywnObkn2YU","baseKeyType":1,"closed":-1,"used":1736299464339,"created":1736299464339,"remoteIdentityKey":"BU9a7JyAlhhYJrRz9c5MyVFRw9r0m6aLx85Wj4veGVwe"},"_chains":{"BbzQewfYBgduvQizHPLTx9XaNERjkl/BTbmUi6oDtCxq":{"chainKey":{"counter":1,"key":"nRCfW+FmnQP4ssEZTHNTcMjPvoqdGB2KIQ13pQGCxpM="},"chainType":1,"messageKeys":{}}},"pendingPreKey":{"signedKeyId":3,"baseKey":"BRQv9omI4ZZmvwfFamKjr8G2wrHfTtVxCxywnObkn2YU","preKeyId":3673302}}},"version":"v1"}