{"_sessions":{"BYpWwGGw/+ePisywPRgmUU3Z+lfitqG4MN2lsp5joPYk":{"registrationId":1529509306,"currentRatchet":{"ephemeralKeyPair":{"pubKey":"BSZP2lMY40vMAIa+uBMnhl6m71yq9faaNGSTKBwQT4Aa","privKey":"mF0lJjwZKIbH3TBubIW3vWkhlitFuG/i16T/yl4561o="},"lastRemoteEphemeralKey":"BUKgVJKdDOZPzUgHvcYAMSWnB2qWd5cZP6LCNUfdvOo3","previousCounter":0,"rootKey":"ahr0FGFGmm7xijrjXYudrgCqVV4U0D/4JSz7I/r08Ms="},"indexInfo":{"baseKey":"BYpWwGGw/+ePisywPRgmUU3Z+lfitqG4MN2lsp5joPYk","baseKeyType":2,"closed":-1,"used":1736697563870,"created":1736697563870,"remoteIdentityKey":"BeBPHsm+n2Pms09a7H7omZ3NVoPCI4rPglAPOJlbtNZe"},"_chains":{"BUKgVJKdDOZPzUgHvcYAMSWnB2qWd5cZP6LCNUfdvOo3":{"chainKey":{"counter":1,"key":"Selcf4IBdLQ/8gxie7FdyPJRa8IsrwCgQJ12tgRr0EY="},"chainType":2,"messageKeys":{}},"BSZP2lMY40vMAIa+uBMnhl6m71yq9faaNGSTKBwQT4Aa":{"chainKey":{"counter":-1,"key":"dJXyz0R7yiVD2YjDEqtMV6JioHSUg8vcH+WyP+mrOHw="},"chainType":1,"messageKeys":{}}}}},"version":"v1"}