{"_sessions":{"Bf/6v7h9pa4iHLOZPmJh1zTvfUQRNqg7k3nwwdt6IrUz":{"registrationId":957405829,"currentRatchet":{"ephemeralKeyPair":{"pubKey":"BePjWFbxl5wxUX7rKaQuFgzdvZnuzMBpm+ZhRo3+flJS","privKey":"cEccZcJL45tmOl8F3WKAmON8QoMfi0JAwsxjkdXboEY="},"lastRemoteEphemeralKey":"BaNhZDrXLadTZWiwOUjafPyQ/QBVdjjrWfc0qNV4r9tL","previousCounter":0,"rootKey":"jgoylgAIrBMVBBBRdVAKHd1W5RCXseq9PCcVNpJGs+E="},"indexInfo":{"baseKey":"Bf/6v7h9pa4iHLOZPmJh1zTvfUQRNqg7k3nwwdt6IrUz","baseKeyType":2,"closed":-1,"used":1728670538783,"created":1728670538783,"remoteIdentityKey":"BUHtgPECq+zwqx9ZEcTYMgHl/da7P8Zmrv2ngPOcTFM4"},"_chains":{"BaNhZDrXLadTZWiwOUjafPyQ/QBVdjjrWfc0qNV4r9tL":{"chainKey":{"counter":0,"key":"cIPmnz52MJZwPxaeSzGlvLDmsXeTKpay5VPnKoiPhLs="},"chainType":2,"messageKeys":{}},"BePjWFbxl5wxUX7rKaQuFgzdvZnuzMBpm+ZhRo3+flJS":{"chainKey":{"counter":-1,"key":"dlOQmjJ0ZDUSja2c4NH6Q/I3/msZQoeG0sVgvyRuOUk="},"chainType":1,"messageKeys":{}}}}},"version":"v1"}