{"_sessions":{"BS0P4qg1lA2LxGdECHHidPaxtMagvniKBnMYcgAHhzUe":{"registrationId":37775903,"currentRatchet":{"ephemeralKeyPair":{"pubKey":"BfGdRgZqVL4GPxk31Zt1w395vFqDmwnKm29Uir9JL9Nh","privKey":"mD2wEPBJtboFoNPZtOgo2iVMIINaGniRZR7rHNg5ins="},"lastRemoteEphemeralKey":"BQmuegMdvxRG3waIs8UjRAkhj0hNnc8+m5/wHjS9ZHBg","previousCounter":0,"rootKey":"qcTtqYyf1P9f8DfzoblfLoPY41CGcMl7xYP5lyggq44="},"indexInfo":{"baseKey":"BS0P4qg1lA2LxGdECHHidPaxtMagvniKBnMYcgAHhzUe","baseKeyType":2,"closed":-1,"used":1736547413086,"created":1736546399383,"remoteIdentityKey":"BeWAd9pgkuokbTBSnKyN41c3tssKDBRrp1/3Ak9HiNcL"},"_chains":{"BU/3crS4h1AsDYW6YPI4tevi5xqXBZ86W6Ab+CsGkhQ+":{"chainKey":{"counter":0},"chainType":2,"messageKeys":{}},"BYODiWJSNTs8TLBTPFYTNULmGP1r6wQmROt9/ZGmu8JZ":{"chainKey":{"counter":0},"chainType":2,"messageKeys":{}},"BePwtjeY+JD16J0ldOl8V4J+W/Z8pAfcvI6siM1aviZV":{"chainKey":{"counter":0},"chainType":2,"messageKeys":{}},"BQmuegMdvxRG3waIs8UjRAkhj0hNnc8+m5/wHjS9ZHBg":{"chainKey":{"counter":0,"key":"/8PZjH0XStGYLXtfqIDDmh/pVnUWEFyiBfgHwT2GTus="},"chainType":2,"messageKeys":{}},"BfGdRgZqVL4GPxk31Zt1w395vFqDmwnKm29Uir9JL9Nh":{"chainKey":{"counter":0,"key":"gL9yuJOmEK4lWO/ivYBMAtP/NFYAEUNlMt/6tp7nFTA="},"chainType":1,"messageKeys":{}}}}},"version":"v1"}