{"_sessions":{"BUQCTa7pjigGeQ2TmblVRA03YHWCK0oAGUqBEVh0AdoW":{"registrationId":1785181308,"currentRatchet":{"ephemeralKeyPair":{"pubKey":"Bc5w8r4gvMiIxCZW+RvcjFo4LggoJja87ZXfZ7bvQP1j","privKey":"cHerZD0WK+NIDGJPL0wp4h/S0qBQoHgmIam1kSmXZFQ="},"lastRemoteEphemeralKey":"BeVpTTxbGgt326TrvN1bhH9T2D9x+G/y6bvngzYuSeE3","previousCounter":6,"rootKey":"J4k+r2oenQ/Zkzw/AUIT2T5HfQgBQCOD6+9plHo6aqU="},"indexInfo":{"baseKey":"BUQCTa7pjigGeQ2TmblVRA03YHWCK0oAGUqBEVh0AdoW","baseKeyType":1,"closed":-1,"used":1741962870522,"created":1727899866613,"remoteIdentityKey":"BYhM1fHlRHmfQ9ngz5WmlMupw9uoUmAFwATJu079ORYH"},"_chains":{"BZ8bwU2zVbsPnWFlaIg8TAYMegUnmRfDE4Xa53ffyL4i":{"chainKey":{"counter":6},"chainType":2,"messageKeys":{"0":"TEQobe2xMWM45YfkAdzk7nl4XIvwHzfXHwoLvEfxUs8=","1":"7Wd8vV87aG9snuJ8Md0boWIqpd8oaDybW3z4LAjNVhE="}},"Bc2crVzf6/GIgG4GyypL1ICTg79yb+N3AgO+JQr2935y":{"chainKey":{"counter":8},"chainType":2,"messageKeys":{"0":"Pj8m1lU13s8OHzuKQheeFliVjk9WZcZ9LhdecoidyWE=","1":"PN4CXNfd6KC9XHxn0TDIJtKVJjeVLVDLaAIsAA0ozU4=","2":"dCzPu5Vz8npeef19WSoXHMWN3GHaMAiQ0dzrO4nPYTA=","3":"4lK5udHBBK4AaA1PPYojrFXCUaaWJzptxkiVva8rahA=","4":"zCDAR/ymsPZsfZwfGgkE0+wtCf4Xhi7R7jK3kW5xm0Y=","5":"GBx31mdBZ0hrZNAi0bKXJcx4IBrsKis2g3xyB5qif6c=","6":"Y8pXycTlZouwnsFpggqUpSkqo/u1zzcEhcACruov8Sg=","7":"k/IdBEQEiU+3v2pImplD14yewlOndglfX5oLCGjAKho="}},"BZmjcxOUf6zQJemQQh7zzXUuElllIqZZGeY305dKSAtQ":{"chainKey":{"counter":1},"chainType":2,"messageKeys":{"0":"qebxrYaQ+x8xO8ZzcVi3CQ+WClKwr6RCpSamsgJ4bOg="}},"BV6k+ML2rwpRsra7mPJzlB9BZrMUSXi3L+MjyStqgYUK":{"chainKey":{"counter":0},"chainType":2,"messageKeys":{}},"BVxCHMrFDLjklKyWEpiuwjP2I8I7LBbkkLhS4x090t4e":{"chainKey":{"counter":6},"chainType":2,"messageKeys":{"0":"eEI1fRvewHqyWzcpqxrZvyqElYzD3pa/1eZhbmyzH10=","1":"/OyNYWvlcdW7I+q6MKM5SGaUJuSmSCWYMA8bJc+MAm8=","2":"m3/mYrx2OgfaWi1fwtYpVdBq9DMuxUGr09bExMntEMw=","3":"ObWWXBMy1x2WrPX6H4Lrz+cSA6VVkyk0y9e5NKkX4t4=","4":"YzB3mzUaz5Hczez4my4/PiNwUGQxKr1sW3OrPdghZ7Q=","5":"jf+PgQ/+5uKUMkh/0bBiY7LRJJeA3rs76/G0tT5GrPA="}},"BXvO0yAie/C+AVinySDDSkkNh5OvRU+fI2p2CqjWjQgD":{"chainKey":{"counter":2},"chainType":2,"messageKeys":{"0":"w45GWZKXUNXQ9FLn33Z9eZ01hjiPAzgFVVNyDik9wMc=","1":"1bL1fu8ZvGyWKJRkUcj5kF5UY0Am5BGuZ9/roJkZ8vA="}},"BeAEGpM+qtUWJgf/YcDMlnlkojuX7iijpxey7lHAdmBq":{"chainKey":{"counter":0},"chainType":2,"messageKeys":{}},"BVWJ5ct0O80qKarWRDRrlBRtPlcKb6wqa9ZhlVXUAlsm":{"chainKey":{"counter":3},"chainType":2,"messageKeys":{"0":"ha7kTzY5BRXr/WEUC4MEolLVq5HyNsfqkJFyZSghcZk=","1":"8WRVTmQ5QoDnBaDcXCv9xy0GSe94pSMlOFoi0WLJoTI=","2":"sg2UDTfqpTf4x6gqbQbAzYxgO28VCBwa7kPMKu4FHjY="}},"BeVpTTxbGgt326TrvN1bhH9T2D9x+G/y6bvngzYuSeE3":{"chainKey":{"counter":0,"key":"vELKeEg8iyUAUIBrOVnzMeTIbBJl+T4hRlbwUo/exuw="},"chainType":2,"messageKeys":{}},"Bc5w8r4gvMiIxCZW+RvcjFo4LggoJja87ZXfZ7bvQP1j":{"chainKey":{"counter":0,"key":"v4YVb4T8iKjD1gcK/UqK9D6K6DU0vBrqbQbcYRi6alo="},"chainType":1,"messageKeys":{}}}}},"version":"v1"}