{"_sessions":{"BYYq2+BNZSFkoX8a2YKDmOF6wfXZL50/1z+E43EKgKUs":{"registrationId":6927,"currentRatchet":{"ephemeralKeyPair":{"pubKey":"BWKCa9GGODjrxmqWUmBCZ7pNPb4woWRjKKhjFFe/vTAR","privKey":"oEGMcM0Y9NwV9mdAszd7hPDaAoF181tx3dFAoKDXv3A="},"lastRemoteEphemeralKey":"BU5+t6K0KYIsSXcDd9so3zWve3mGXJ0vCEdkNr+dXnlh","previousCounter":0,"rootKey":"h21WGhlCTDKjPQ5JKgaYrkzU6uBBkGFvKfHaC7qfngU="},"indexInfo":{"baseKey":"BYYq2+BNZSFkoX8a2YKDmOF6wfXZL50/1z+E43EKgKUs","baseKeyType":1,"closed":-1,"used":1727465177542,"created":1727465177542,"remoteIdentityKey":"BczNPomDJgmaQlMTZffHotjdchVKgf/f2k48CwKKaDQg"},"_chains":{"BWKCa9GGODjrxmqWUmBCZ7pNPb4woWRjKKhjFFe/vTAR":{"chainKey":{"counter":5,"key":"avl7xRTmfE4fW/2Sm135N+DWx5Wlcp4oACQmCS7TdDw="},"chainType":1,"messageKeys":{}}},"pendingPreKey":{"signedKeyId":1,"baseKey":"BYYq2+BNZSFkoX8a2YKDmOF6wfXZL50/1z+E43EKgKUs","preKeyId":140}}},"version":"v1"}