{"_sessions":{"BeMxREKpTINJdl3BySfTbeL99uR3yEWobbDTfDpFKp9g":{"registrationId":336748537,"currentRatchet":{"ephemeralKeyPair":{"pubKey":"BdkWOWRTyVKldjGHSlh9BNvKwarRrif8h88vfZ5k1KQR","privKey":"uCYI9OoWNXtnFeHIDjW4lwtc+I/BVZuC8j2ua2rYQko="},"lastRemoteEphemeralKey":"BVZH0R6SFNwdE1kgIbLRnT4S2q0VHnSk4gHQtDI3HPxS","previousCounter":0,"rootKey":"07yIlYAjb/kxINZtnQbZnXyqvtnU8NzuLQXnP3JU10w="},"indexInfo":{"baseKey":"BeMxREKpTINJdl3BySfTbeL99uR3yEWobbDTfDpFKp9g","baseKeyType":1,"closed":-1,"used":1729184817705,"created":1729184817705,"remoteIdentityKey":"BXcUSINTbnhWT5OFNSdy1obZgojCyUxqrVDaYF6uiHhP"},"_chains":{"BdkWOWRTyVKldjGHSlh9BNvKwarRrif8h88vfZ5k1KQR":{"chainKey":{"counter":41,"key":"3e8SMiRhcU59aDrpdjdZcs56ItUDul3B1/2hSn4OpdI="},"chainType":1,"messageKeys":{}}},"pendingPreKey":{"signedKeyId":48,"baseKey":"BeMxREKpTINJdl3BySfTbeL99uR3yEWobbDTfDpFKp9g","preKeyId":129180}}},"version":"v1"}