{"_sessions":{"BXUkiMdJPGWeqFVBshHr6b+g9pdGVqGE3Yf5+PHEXwFm":{"registrationId":1716270356,"currentRatchet":{"ephemeralKeyPair":{"pubKey":"BT0ts/H7krkpMjgMUlqfcJ9JvbAQnZ++yMFgtc3eKCgq","privKey":"KPc0z1u4+u6fb6MVS3rVUPzDCY5fcBvjg2SRKzPb6UU="},"lastRemoteEphemeralKey":"BYHSn0gYpMLXHfXvB3uAk6OezdvGJ3VsbraSqtzkvT1n","previousCounter":0,"rootKey":"PWFsTKV+NEO8xOkE3NUMEKct9ga2TiwigkkShOGv1bo="},"indexInfo":{"baseKey":"BXUkiMdJPGWeqFVBshHr6b+g9pdGVqGE3Yf5+PHEXwFm","baseKeyType":1,"closed":-1,"used":1739551413758,"created":1739551413758,"remoteIdentityKey":"BUlPWqwezFpyB3pZhill9DPw3luuOr+ib+jLqHo0datj"},"_chains":{"BT0ts/H7krkpMjgMUlqfcJ9JvbAQnZ++yMFgtc3eKCgq":{"chainKey":{"counter":1,"key":"4Su5eoltibcsgJKoSELNsCzs0+Q8WHALCfpuJGkhUJk="},"chainType":1,"messageKeys":{}}},"pendingPreKey":{"signedKeyId":35,"baseKey":"BXUkiMdJPGWeqFVBshHr6b+g9pdGVqGE3Yf5+PHEXwFm","preKeyId":6740730}}},"version":"v1"}