{"_sessions":{"BZWkVz/HWEBnZxtiSQThf/kSJ2lnrddJh7zc83LHms4B":{"registrationId":1183212520,"currentRatchet":{"ephemeralKeyPair":{"pubKey":"Ba3/e99B91UpJVydxLz8L1/OjZE/KhXD51349OQJP9hb","privKey":"6NDiv5efZWmXAV0TXT/PGy/IZ786nC1+ATgZTPnvwWg="},"lastRemoteEphemeralKey":"BdjwJ4Z/diQNw6YbSUESJWgBx7EhmrvQb+y0LBzlJPNr","previousCounter":0,"rootKey":"f4P+3Z2GMXUKnTBeGPbT4soWv2zr185dFTUI5/11Hvo="},"indexInfo":{"baseKey":"BZWkVz/HWEBnZxtiSQThf/kSJ2lnrddJh7zc83LHms4B","baseKeyType":1,"closed":-1,"used":1731417858269,"created":1731417858269,"remoteIdentityKey":"BQF8p3qvk3EXI2kHeFpy7KMJl06P93bQErhDR8CuR5Um"},"_chains":{"Ba3/e99B91UpJVydxLz8L1/OjZE/KhXD51349OQJP9hb":{"chainKey":{"counter":27,"key":"EstzLBf+cJWbdMMDE3UhGF6ryvF6pCBUeh31OAHozos="},"chainType":1,"messageKeys":{}}},"pendingPreKey":{"signedKeyId":6402145,"baseKey":"BZWkVz/HWEBnZxtiSQThf/kSJ2lnrddJh7zc83LHms4B","preKeyId":332}}},"version":"v1"}