{"_sessions":{"BUsQUC8vu0foxp4+ZqUlwlZ/BXH+b6GIUawbxQj5kJx3":{"registrationId":1361957473,"currentRatchet":{"ephemeralKeyPair":{"pubKey":"BROhamvVcPY4WWwJ4BFYr2CuLpDjPtWXjBdze7fwJbpd","privKey":"IK1OWpZIYrpP6JzaQVwEm1rFV60Q9Dk/+T4zO9xN+1A="},"lastRemoteEphemeralKey":"BRa/liJe4mkKx18lcJqPSFBX8ENrCLl07/MjtXhzMaBA","previousCounter":0,"rootKey":"+f1zR9AdhDSubQwBEjg9OXXRbiqHr6E0hS7wI978veg="},"indexInfo":{"baseKey":"BUsQUC8vu0foxp4+ZqUlwlZ/BXH+b6GIUawbxQj5kJx3","baseKeyType":1,"closed":-1,"used":1731420535172,"created":1731420535172,"remoteIdentityKey":"BUdt4FTdPU8DDYXItsZSHcxl2Fg393DfCwypUEmzis4A"},"_chains":{"BROhamvVcPY4WWwJ4BFYr2CuLpDjPtWXjBdze7fwJbpd":{"chainKey":{"counter":37,"key":"VAoON/uUZfV2sTgdeWMdnyCxcx/8DlM0X99hEG2QSxQ="},"chainType":1,"messageKeys":{}}},"pendingPreKey":{"signedKeyId":9,"baseKey":"BUsQUC8vu0foxp4+ZqUlwlZ/BXH+b6GIUawbxQj5kJx3","preKeyId":11083119}}},"version":"v1"}