{"_sessions":{"BW4bieD3hNBConiVVACsFRjSsfb4lA3Xlaigxj88ODch":{"registrationId":2373,"currentRatchet":{"ephemeralKeyPair":{"pubKey":"BU2HONn2j7k/hxcyxsRoaIT44NNydwVLCW0TnEQBagMy","privKey":"YDHSU1SArax3oHjV5YREy5CmYcAJCy4CC25fpllMH0s="},"lastRemoteEphemeralKey":"BdD3JLsYAq/7WguZrtsdq6FW57h823jDBsGCdiO/DONR","previousCounter":0,"rootKey":"sOyEgdk2kCOMYU7aP49DxRjamE0kXcc8N/efJgiH7ok="},"indexInfo":{"baseKey":"BW4bieD3hNBConiVVACsFRjSsfb4lA3Xlaigxj88ODch","baseKeyType":1,"closed":-1,"used":1737128478840,"created":1737128478840,"remoteIdentityKey":"BVe0cIinkymW+ha+isiresvyWCVEnvtZNzgesnS96/Y+"},"_chains":{"BU2HONn2j7k/hxcyxsRoaIT44NNydwVLCW0TnEQBagMy":{"chainKey":{"counter":52,"key":"BXhAl/Q02a84Qabxm4XpQ4RxuiF8GUN/nJuz6lpqESs="},"chainType":1,"messageKeys":{}}},"pendingPreKey":{"signedKeyId":1,"baseKey":"BW4bieD3hNBConiVVACsFRjSsfb4lA3Xlaigxj88ODch","preKeyId":123}}},"version":"v1"}