{"_sessions":{"BU6qK+3zgZx309Tr1X2cIYy66Fh+gk3aLvMPbuLyS2VN":{"registrationId":121229671,"currentRatchet":{"ephemeralKeyPair":{"pubKey":"BZ9j4l2C0xWpcQAFybWawTCBlQuNEMdwSZWOuKJK+VRy","privKey":"oDE91L6toA1irHeIeuBK5Vq9pPn8Z5zkSdfPJg1yuHY="},"lastRemoteEphemeralKey":"BXJWYMUiCyCE1swAP0RQhzbNNZ5aucEmKGS7yhwrtwcM","previousCounter":0,"rootKey":"tPtDWkHAjS6bJ2hqCPfrE9umGyrt/h51DBXORL0F9mY="},"indexInfo":{"baseKey":"BU6qK+3zgZx309Tr1X2cIYy66Fh+gk3aLvMPbuLyS2VN","baseKeyType":1,"closed":-1,"used":1739561599591,"created":1739561599591,"remoteIdentityKey":"BZs5t+crBBVURiTI0Ma7OQO5ejehqBxCmv3GiaCKEXFF"},"_chains":{"BZ9j4l2C0xWpcQAFybWawTCBlQuNEMdwSZWOuKJK+VRy":{"chainKey":{"counter":1,"key":"CmoXC7mWQTf8uTf0io/NGYpbBMXCcor+dag+8WspIUo="},"chainType":1,"messageKeys":{}}},"pendingPreKey":{"signedKeyId":20,"baseKey":"BU6qK+3zgZx309Tr1X2cIYy66Fh+gk3aLvMPbuLyS2VN","preKeyId":3424093}}},"version":"v1"}