{"_sessions":{"Bao0mnitsxCV3XaV2PIppe8VUsLmYlwuitfbqYpg6KJP":{"registrationId":1116858442,"currentRatchet":{"ephemeralKeyPair":{"pubKey":"BZsiwllvNlwc83Ki3kNTgJvsAZPM1UsbdLHFY3vAf0Z6","privKey":"0O3lSVWiYvNCMrBEWX7utopHRiBB7GddpK2+g2T0qms="},"lastRemoteEphemeralKey":"BQYXLqCEr1rHH+T2dRptqzIu3OFL0SbA/injCAIieEER","previousCounter":0,"rootKey":"4PY2Fhh+Ia+pJ7kJw9YNXZDZgg235WKXBoQ10SkMZqU="},"indexInfo":{"baseKey":"Bao0mnitsxCV3XaV2PIppe8VUsLmYlwuitfbqYpg6KJP","baseKeyType":1,"closed":-1,"used":1737041401025,"created":1737041401025,"remoteIdentityKey":"Bau10GZzqtzQxJ9MVDseOA1XaZ/K6mnCj5ifKvxxSgxu"},"_chains":{"BZsiwllvNlwc83Ki3kNTgJvsAZPM1UsbdLHFY3vAf0Z6":{"chainKey":{"counter":55,"key":"pTFDtZP+sqtcIGcJcFaOuRCeEZKpX/MT0V64tVjhEUw="},"chainType":1,"messageKeys":{}}},"pendingPreKey":{"signedKeyId":1,"baseKey":"Bao0mnitsxCV3XaV2PIppe8VUsLmYlwuitfbqYpg6KJP","preKeyId":318}}},"version":"v1"}