{"_sessions":{"BTxfgk9UBTVZOcRYGdXfndqSJliS5WnRqZ1m6315pfUU":{"registrationId":4439,"currentRatchet":{"ephemeralKeyPair":{"pubKey":"Ba6ISuhGZyo+troIogwkKaj/eiT3SI8PBWlX9OfBEYsj","privKey":"MIP8BuW11G8xoodXXAyCP1QT3IDDuXphLwbpXSf3QnQ="},"lastRemoteEphemeralKey":"Bc6/amM7VQNRQI8yxWHQhk/ecenKx7t+i/IQJ3MPxQEE","previousCounter":0,"rootKey":"zcSoOwbQX6VN13nghZywO+sQViJASFPiBzX9gW/r3VY="},"indexInfo":{"baseKey":"BTxfgk9UBTVZOcRYGdXfndqSJliS5WnRqZ1m6315pfUU","baseKeyType":1,"closed":-1,"used":1736885568170,"created":1736885568170,"remoteIdentityKey":"BQrOhHyDb0GUpnlG4p6I6T5H3Ysd1BSwHKIX7Io49IEt"},"_chains":{"Ba6ISuhGZyo+troIogwkKaj/eiT3SI8PBWlX9OfBEYsj":{"chainKey":{"counter":3,"key":"E8s7BwtO1v0W+8mlFyRwQlWQAL+++o9uPNCNfQhpzOU="},"chainType":1,"messageKeys":{}}},"pendingPreKey":{"signedKeyId":1,"baseKey":"BTxfgk9UBTVZOcRYGdXfndqSJliS5WnRqZ1m6315pfUU","preKeyId":55}}},"version":"v1"}