{"_sessions":{"BQOXhjqfUWAlnGq01UaFa1ekWrA746TY9JdNY1YBe/Yf":{"registrationId":1622571117,"currentRatchet":{"ephemeralKeyPair":{"pubKey":"BVe+4A6AWHGoLqIFN1pufPewdcANuA+YdGtH7WkPVuAj","privKey":"MAkRxDhDHUSG4zP9TdKk9fULSckZGQlA1bUAzodLWVk="},"lastRemoteEphemeralKey":"BYEzsK0ZSvsYUBqlwWQFCeLvKZI0+zF+VoENV34azNFJ","previousCounter":0,"rootKey":"YDQmhFpS8x6qtvhl6zv0XDcFbm7SbCuS+nTbLMAxAfg="},"indexInfo":{"baseKey":"BQOXhjqfUWAlnGq01UaFa1ekWrA746TY9JdNY1YBe/Yf","baseKeyType":1,"closed":-1,"used":1728338482512,"created":1728338482512,"remoteIdentityKey":"Ba+XpNZYNFkoLI4xa3FvEDxVdtXB4RlEGz5duP9qFD9N"},"_chains":{"BVe+4A6AWHGoLqIFN1pufPewdcANuA+YdGtH7WkPVuAj":{"chainKey":{"counter":53,"key":"Ok7qzltgE84uhN/sqBGL9+1pX42HbVni06HPaohe/eA="},"chainType":1,"messageKeys":{}}},"pendingPreKey":{"signedKeyId":7,"baseKey":"BQOXhjqfUWAlnGq01UaFa1ekWrA746TY9JdNY1YBe/Yf","preKeyId":11415107}}},"version":"v1"}