{"_sessions":{"Bd6cv4ELv0E99BgIJP6j/+oX5jSyo8NihpAFHwGZ2Hdl":{"registrationId":1677979794,"currentRatchet":{"ephemeralKeyPair":{"pubKey":"BZXCG3OP+BQwHvyd6xJ0uCnHIK7NxpNhtkksP+AyyElR","privKey":"KM+OsB/BDU1Kx/x6b0daVcd9qPztCtr47BnGwb+pN0k="},"lastRemoteEphemeralKey":"BS2PbiV+1Wj53KgrGOnPg2+anqkYHTd8YxXF6lS9FWph","previousCounter":0,"rootKey":"5c1pkFWu2P0sjU9km2NOfNqqZvdR/ajxXMoZaBZHGnU="},"indexInfo":{"baseKey":"Bd6cv4ELv0E99BgIJP6j/+oX5jSyo8NihpAFHwGZ2Hdl","baseKeyType":1,"closed":-1,"used":1727494599787,"created":1727494599787,"remoteIdentityKey":"BTUOrYDY4RewetryR0r39WGQz7GKKxQZig9PoyF+qzdA"},"_chains":{"BZXCG3OP+BQwHvyd6xJ0uCnHIK7NxpNhtkksP+AyyElR":{"chainKey":{"counter":11,"key":"aB4jO9Vyxv/n+gld8uTjZqFFuQ+8wbiBBP/7TRvsmjE="},"chainType":1,"messageKeys":{}}},"pendingPreKey":{"signedKeyId":27,"baseKey":"Bd6cv4ELv0E99BgIJP6j/+oX5jSyo8NihpAFHwGZ2Hdl","preKeyId":15017474}}},"version":"v1"}