{"_sessions":{"BVQE/+h0I31OLcDDVEqbEN437loUHjG/GGeC86VT86c1":{"registrationId":187154084,"currentRatchet":{"ephemeralKeyPair":{"pubKey":"BQhNVEG80FIN+RJ2GnbwQ41Dr+KWRdj4iT1km3NmlN5Y","privKey":"0N3P3rkL7pMX5ta+zpVel90y9XRrCMX5Glx0FaNIC0M="},"lastRemoteEphemeralKey":"BWvIXFPI4XjyrWEVwmn5cvYF5fhqZs1aGLv9ETb5RJcf","previousCounter":0,"rootKey":"6WEFOTGdS8KZk2QKoxCHGQiC2yR4jrEa+6Zl1iKmuJg="},"indexInfo":{"baseKey":"BVQE/+h0I31OLcDDVEqbEN437loUHjG/GGeC86VT86c1","baseKeyType":2,"closed":1739551998737,"used":1733261427312,"created":1733261427312,"remoteIdentityKey":"BTOXQ07PNWIFBWJEM1A7jLbfYXcPbz/QgrLrK2iIUFIq"},"_chains":{"BWvIXFPI4XjyrWEVwmn5cvYF5fhqZs1aGLv9ETb5RJcf":{"chainKey":{"counter":1425,"key":"G8OyR7NCwQbaUdkoBxjf7TKrJl6MVBCY9W3b6dtxphA="},"chainType":2,"messageKeys":{"0":"mC7nxhVfiT4Y1avikHJCYb2/QpkkHzU2Y0YK9EO2LoQ=","1":"SbE7Rtn3gGtW0E7lfOLsVl7UJ3QjdCWu1B+YBajYN0M=","2":"uaarJbRi7NFGrN3jL8bn8XP3Ke4rZPo1opEdHIpAr2A=","3":"PnKTy+UYYYKSCc6/yCf9flBNLYtfCYh6NtovBwAOkHk=","4":"mCsDSFdlPgbk1KLFgRl147cOjp9GZoo7KEslSbgByIU=","5":"k3exZINTYnLCvwmaktMge9OMw6Q+Z/7ZD58/l+QwK4s=","6":"n3gIQGC/pFzp1H0wKjL0TzcWapXGmXZv/IVzwvfDotI=","7":"it/zwIoi018LZk+7zGzsGoNe11tm89BxEFCEkSI6WQw=","8":"OXhduy65pmgdcv85PHp9dlEIMHE76euadY9uMBL2GMA=","9":"iFgc88jn1FHA9/RKEyV4FzUYbzcL5Muem9YEfWd0KW0=","10":"cj0C3Op7uD3GgESjdT1PkPRfSA7uGTSniInCV5RhKYU=","11":"11Q6TZK4pJk+HwIic+pt6VZGd5vNu0XkGnh9C+wPprQ=","12":"zsfE2bxK6Gn+JnuTOTeEJ5mv8pATwx0GZrWveriTB0o=","13":"B3BP0bmYneBpz5bGAx9JH1tQHpE1u/jM8pWWUG7y0nQ=","14":"dCLKw4QvXhadP14BGqAKQACwuESDKEiRGVwtIMc9wcM=","15":"7Po1oHLgiUMgiURJvT9WI7EmfKq291oYCG8C83Pa7RI=","16":"AVGmAWhK9rWZ6twoilnQ9CfBOTcMy8I/RfBBUP8YelA=","17":"Eaw5NIzR6JQ+DP1FPBogqNPKYowHfBp9b0C5sSX3BOc=","18":"llERxI2FIvnQouC+6NTcPxZ8+HMOM6g2UmtPXfjkfhc=","19":"B4q2+FbbnwfKnTus3/M8QNmHh8gT4JIOF54315Wwo1o=","20":"FAj4IpWC5EtKVHjT9+TIxDMkpLRGMjgocfzB/f4ofpc=","21":"3S2LKxZdmE4Zp9Re/W/A5DkacDmE0mhDe4R9V69dPgg=","22":"KP8szVQZxoOSYlMn/bvVNsHKCGCDYAjN7F41PCEU7WE=","23":"bLgDi2cU20J0zhm1CbqDAGMC6J6IPfwowupGT08Thik=","24":"mha3tIimK2E0kIzhBDxDWWMIHWYQuzeGzjtCePsby2E=","25":"X1d0SZi00j4qYSA3CMkqjLGgUuy99c1qaD9rzujbbG4=","26":"xCACzM86OGr31YlLE2Xmr3KOQCShHx+CZuOCK8QgDAI=","27":"HbdIS9JjtmBas8FSHwVSN8JeDHu/YO1g85evjZlN3aM=","28":"xrgnVw14GEQIpNFX60j+gCP9+ANF3kXbz3AFy8eAdKY=","29":"Tl/5pG9fbtW+q2BttYkCkfK2UVJPQXEn5Kx/jmDz+Wg=","30":"6bYinGE677A7Q+NT7sDPAFua2fBaAn5J+c2lAeE7cG0=","31":"a08vqG163v6TUsMQQHVblhslDpBmdvNQXkX6SU2hAos=","32":"bnvJGykIwhAOEw6WdtUDtYbBOboynHJqgT2l8T6PD8g=","33":"Dv6Sx5fzwEKSQOcEVRfDWXIUj5ca+oEUw8yN2d0B9H8=","34":"z+oKetKah694owTni4pyNlXO4dxqsjvKSJWunWpeU7w=","35":"3IsoMoZAOP3fgSwdYpjt+pCD4jUrKkVXswcgUmn9arw=","36":"EEtHUXLeTAlkpxtuqYYLEFWnTlk+9rWwZk3eTpoIVbc=","37":"V8GU0hlnuvROzXZJy6mT0ikwr1XRF8pcKFowIIewM5E=","38":"YJaMsi0m25AmLVt4cuU3mH7IQTRyi1kaAC64CB2ydZ4=","39":"+FeLXeGESTOUUReuyrtK5+WJuKtyKu+xfsDjpkVGsjk=","40":"+5OQRgSV0MbG+gRkD8EqTeJ9CVLZSErPkXevQ6NBtcc=","41":"Dkdcfs3TjJDGEcbHLCzVRSLI/uXgrv/fjZsrIRdqHao=","42":"xXavRz4Rz8B8QOH1yfY7yRN4iczV4E4kwjIGnvzfqFg=","43":"05I96MV1xTdoMF0RCiR9MMlY9kYu4A6RozqaDyPi/As=","44":"jjQRKfZnGxwUT1yXcpMhZC8CfpTpPpVvOmqFFm/2xK0=","45":"cb4hIvZW8kMcbbTmzJmVnbn1PPA/bEyyXP046Ea+eLQ=","46":"1YY2afDPtmGQnUQ+9gMCyxoDtZeVrbYBkmdHk76CCV0=","47":"9RYcEsDx4HHZXbQHJDtMqd63PQ5sylIqBj8NfjNJp/I=","48":"z3wCWaMo5RPirxeRT8c0xWChYBaAVhiQvVtAU8x/fug=","49":"vV2EHykQlfE92Y3BF4vPxb2fsbnF+g1Izv4E3MwECeQ=","50":"ZYrunMP0YgKObGgQk8Cg8HoBZw9ysWRt2GTDpMT4KFs=","51":"Iig87VD977PE2jqIQ7jedc23xALT1ewco7SY+8+rckI=","52":"fkFIRjZUEedl60hFhXxE2I4agd6gtAWQMBXuss353lg=","53":"Tg5y2Z0mDrmUI9DK56MtYH6y0vmGRhQMAH5xiAhcNVQ=","54":"6JMZJ9coGueuqBXBHpMdUXs7Y53ufW3Ld41Sz/sV6/s=","55":"yHB8EhRA16dPxlVualz9Fq2wNCSCCoqXxrLFgaPT/2k=","56":"7htKMm3YkmYm/E/0P14OGcee7U1PFqaI/HlyU2tzz/c=","57":"X5KPOZHflVzcK3a6T7A+IgRHUVlS3D5gt3vnKnprJKY=","58":"H6Yg3Vr2zvc02qRSYnpebMu8ciDoc+2d9FhSl2pCRx8=","59":"DpX48VBb+B/MWYaIo0CElpk6ywxLwHHrEFlsjsX4Nbs=","60":"jHrdaAJqjlh6YHSzk03f2FtP3dcA3XRXHirq7vqG1Mc=","61":"QnRyYrZhlTpGx248RFu9nNzxuPgKgj5WSN49pzS9QvA=","62":"GrDSVZV6aTaK/GnM1x+rsI0H8HMPdVh3ZTjzZgeks0A=","63":"KkTV8RuIVLtkZPk3onr/uCB9BcZXesWKdR99JoCEhTA=","64":"FJ7FLkhMrpr0qrN601H855hmVhigpdM+gZZDxPlPfrY=","65":"frxsQLnA8dID+1Bsz9hzx1Kxq37JzE3GVn1qtOp8+ws=","66":"SWpp6T4P6+RucEVbgcnENglIOZcK2oQen36Cx2Phb/E=","67":"c+1RgkXh5mtKCk2k9c+/nJEOVbP6juN0vIcHKMh0xQk=","68":"42T2Q9xeRPKS4ueJ2V/kb7H+WdzQ5M/OLvaZTALS3MI=","69":"ZuTicFCSriej0ZX8DtNMAxVza3vJvAM4X0cy31yqx/I=","70":"aezYuF5LO+A+9M8Xc4tABNhEgxYul50n4F1h0PQzRnY=","71":"zZ8LyrcL9US1s/ma9Vx+Nb5Hg1hR4urAXXLzLZ9PXZs=","72":"z5kqPN3vX8/gQ6aX4aP1sYS3Dl7qBv9GOqetkHsHb5s=","73":"TFN10k/aYNLyLVNJawwuYrJD9BsDS94sKxx+QWvFQN0=","74":"9wi9GCzbTjHFJzdsgtzLKIVtxGHVwbv+ZIrWqZ3gShE=","75":"yJvVo2dpZjYJDVFuem5DYkunz5mOcgRQTt/bQ97gWo4=","76":"d6W7ks9mJdiTbF1b7IZI5L2rr0l9DaoRAiCIs/K+WxU=","77":"tpAtx73G9A+ZtXPc/uL+urqWvIIHfEH0fDm+JFV/Uds=","78":"0Tg+X/Y0eCstXAOOBiI9WvZ/fqI+QKCb+75911MCH+s=","79":"we+boSw+KltFI1smzFzX/suP+KIKWnyd03xqazgqwOw=","80":"dF/dvccdu9aXF5tf/bLjDLd+Xvs6S8bv/ELtg5HS+68=","81":"P23dt17E8PLhOvrfrePJ79ugdVRlOIvblClhkLlLmAI=","82":"x6eb1jCXXEoR6c6JI6f7JGvNyL8DdzLDbt1LlouUjhI=","83":"ANZGeVYA9wbPpSz5F5PISFplCkoyAnb2vmtuKx9/p3k=","84":"ZuXiADo01rSKHrfpGjt8CccVtAkyDmMoC1UANWJSRoE=","85":"pVGDUoFzYTLGkxEB8LCkH4Ad/cEkv5CQvvzbRZ3UDJM=","86":"Uhi4sCIym8dd4dLIfCEn0Gpv4UH/Zz0w4h+Fw/zoD2Q=","87":"R/V3mMttceCX0eqAKJwGjo89bpjyavv1l2I8v/LhMEA=","88":"L+PaiDmN4sGxhz++YpnWsEB3zISaZtLfMFLB557jayM=","89":"TrSpE+EvsNPIaZpESPRRgMah2RwHKLsf0VsOHQN5cUg=","90":"xsqg4PoinvOtG/ZU0SmS9O/2bI6ymK5OFgnk62xDffw=","91":"QTv/xZg4izpY6qugOMdWj+ThSUBysgiNvK10e12AdLk=","92":"vjKAEjP/pG/lc5HFYM4dc3RXQgQnw86i+UYIjFbNgkk=","93":"u5+eFLYtGvD33ZIyYLc169PUdOPa8tq/GlwR99VFoTo=","94":"v8KXB7Vs6UfLkZTwIVCSnIimvea25eQOscRplgl4Ygk=","95":"aTlzO8YLgO+O2HomYwJD+ZXFSoD5y+Yjvi/Wnt5ZXNc=","96":"TmX5NuNVrLHsRGih++rrC4xrXhu0L0GgrdILHhOB86I=","97":"115yBG3a+xUDlB/xijliyi5JYgyhdN/RKaC94QotfjQ=","98":"qlHxMmG6j6u1i3YLqlt++0ETEME4AzauvOAIKYdwnS0=","99":"yjDjPrCFwxctzVpUJfQXiEDzdAWupWZGo7ciLqEccL0=","100":"y1Mw8bjYsyufFY8zKtAVSDnl8mbz7BEsKHz1lfFZEpk=","101":"PVS2YzChYbIC3zylLwgZ4+J9ol19tsvgjvPei2Tic2w=","102":"ZqcPs3gEhY2s0vP9OZwTHKApEm+OYUqAEYrcjhVVfVU=","103":"uOd9ND1MsfMgqNwuMUvZi8tR5adhWGDoXRtXX3s22xE=","104":"Z9ehKHXzNK1X5RrNSXx+BaksMdlIYvuuHOzDgUl31Dc=","105":"N0+pJw+LdTQH7QcLEG/Hm9gCpWOsJoeOSCeHVHdvgn0=","106":"bFmAaJqcXLW7zEnbrytO3u8U6PQFZxgID4i6fklQR68=","107":"a2f70OTVKJv5gO0J/gbNFcQDAJS8Khxrsmmq3s7PTrE=","108":"4uYe1wA0u7Rp7/GiEcJqwOwzvad0oqa3SiqzjLgjMlY=","109":"mIMypXqO37tZn+BC/R6Ba6yekj3utsa4/z3AWdrecjU=","110":"yv+YLFw+RJUoxoYBML3rdSYmUfCWdwo5KIvxQeciNi4=","111":"lpgQb9UlWC42YwQ2e37JgJJVGHjxN3ELZ0hwAWDe8Rw=","112":"eR8Gs7zo1bBx9xfh56EKI17UHn8ppJ2yjsZFvzkMWzo=","113":"9LQ1nkpYVGg4yL05/ZxPGIGheyBgf4Klr3wcVB6/7oA=","114":"E19F+o+EhhQKQHRvffouUvdKlNiXaMkS/hAfPhuPA1U=","115":"qn9TSOqN1OvIqQ/QPSl/GBPgxzlv1yfknCrxQNrBc6o=","116":"Y8XGSbrb9T3HQzE1TRwWom2nIaZJqLiUMUxRtc3+WOc=","117":"VWWITvnB3l6FbuSb7bXbSFAYubSgMZBs+WKAJn2IUMM=","118":"m0Qj55KupUn8BFdca14AhY5HJWkhLBdoX9UFPX9SE1w=","119":"1r37wDnYwIjePt9LgRADXKM2oA8L2nB1MBt+gX7Vom4=","120":"A04qudxSOha7Wj3YFJiy4iBdHRcvETOc2TENOAlkHW4=","121":"kaxcLuwofN/5ii70ehE86cknENs927FJ2xsRdVSDwAs=","122":"IF0oOeF6umoR7eLxWixs13/5LrUyAa1DWcNYHrLFQAQ=","123":"WkzKlgkakTHey+LH/mAGBJNcstjnfeP8grHFWJh2wqs=","124":"+NtPpjVZ7s6JPvh3LZRMi4isfDkSBkGoLQe4zVyV3sQ=","125":"yr3vyBATu5nkDAkORDNBgU/h7c82vIFjFTKbZ/mQubw=","126":"6DLygkLto/U7ki4FCILOxInoySlhP42r235BCy8hVlg=","127":"jmBFoCQusIBJFcym+Pa6oTEYHFecqrAAiRJSruzDqb4=","128":"jTR+uBdxzA9Wqi0EIdjkajNPEtgHq7wFagxFSZi+Kq0=","129":"gUnsNSJiVJhov/FJxK8iPPac7NLD7XGEPGoKzTv2fVc=","130":"k12E+XSbsjMw6WVyjibC1SLhUdhO4NYMv0ae9f8r2Xo=","131":"HzjetfHzqj6djMnnjyAKMG2ve60pY0kotdlT8S1M5XE=","132":"Zfh+BnkoP3/WQjim3k4g6VzNAbVQlBLqKlqlTjeGEeo=","133":"gx0V1A+C3N83b/ELEFmlznIXaHElR/CNUx+LIhs0Gs8=","134":"O/Mk0Z4rL5lhxMjzo5ZKSgvTXBZ+LGYUbkvYtFpR+a4=","135":"+aZI1xmD59Q78yhmzdKjPIIPmLDfxfTOKF+k0nGjELk=","136":"VLCHrXLlIxn6H357Eg6DJ1OLXFqwtM5bEkyDbLD8fFs=","137":"bdZNbPJozUzNhYFVPkoWzGG9SM4H3g5gLrXN4T9Wbv4=","138":"GjM9DiccGm4/+5vtKwbUrZ6XVnTXvKCKB65vNdLFmts=","139":"6ecIkiNNNGpFoxfsZcjMlu3xxW8RbksdHdCxGqhVjNc=","140":"R3nR9wD8wnHAr/yNwpFuAbxBuwR0+4rz8rN+ESa12JY=","141":"EIIV1ElnTqCG5ZlExk13TdnQAfNihQADNzCWhXlveWE=","142":"fPq7nfi79R0smVySfJLSUKl1PC7lD6Tv6nLSfnKSOdk=","143":"FhpQCf6pAqnY+Xft7vcs/dmQEKNckKK3F/AO3qcuRpw=","144":"LE2cRDlqK2zVQ8aWh47f3fcCGIdff+Yvl5vx53QcCvw=","145":"mSFuOwHfKGTKiwq+BlLRPmVUEj1/JLJBVp+mKnXMVAo=","146":"Xan0g51wfxUA4JEbstZSlTHrrzr/9WTmCdhPRTrripI=","147":"ELj1O2/EU/4aYun7Bjk4RA1G0koXiaIKbN9DKx2urow=","148":"2zvLhly/v3uE3Njq63aUPQm2LgOeuUZj+acWcaQjmFA=","149":"BKlqAgAvFp1+g14nPCE/0Xg9kZu+Mn4Uw3hcsmJtpfk=","150":"OHZJoEXIgm35Qp22Jvr+3ELNWp/2NIObOBfhGWsAqDI=","151":"xFCuQo2kqYIhtUw4s/42sPAcCdK8dV/ZqGDp0CINP7U=","152":"GIjHnh7u5o74NkP1T1BnOYgZmZV+YRheYqZMBefye7Q=","153":"iI/yJejdqXEkeVmjKQYIJtkDsLri4IR08guP3Bo99do=","154":"PQKeNRVaWFEPm0oOzde9ds8J/cCPXEze5pD/DmgojHw=","155":"iBQjXEWRYBXz9PQ3rW5S6fwolhdnJOPcvJF+dUP/le4=","156":"E7y7Apa8gWVGN0BPc7TW0a2wbXNr63l9TIAMAU+JA6I=","157":"wnKR2mC7AUNNQFAIW1YQWiYyz7O7T+3VBHPi94snoyk=","158":"PJCEP8WsyGwDVCr3yV7/GXWk6ZRIH/HhFy+4sG38pzA=","159":"otg+e0XntXPug+ON9JtvDv6gKtIuMuIjw1hO0KdHd3w=","160":"n7cev0rGDOpIbKGZysIzc3eE1fB++vpQotA052GJy5U=","161":"tdxMI+Dv+h/VRKZK3da98U+No+aGIpPuglJvTqRomik=","162":"aEVzGaepUqJGR3cg+k8M6GcW13O6FeADWf3C26eCdBw=","163":"9SWu5ntubAHpVDz+ZATAbe8PHRiXOoNQzyZYhqJh0MA=","164":"+Wa6pHw42Zml6HTboJeuK53d/2dj/Hki/0EEaD91dkI=","165":"1XvO1kARWy8uvkhmDkxnwOzEiBmhKPjT+CJcJAkGtcs=","166":"D6STocqASmwtiJ6l/gfG+6+nGg5Me4jvFzFixBeVlwU=","167":"vWzx1X2Fp1i+YrkYdQLCG7z+euzM2wsnoIWuWUcN6Hw=","168":"Dn9fvIr4upC8KKQOrGEE02ZyqE0WPMiB18kxb1MYrp8=","169":"uy1Wm3h9iMA+ZAcZOAPwbJ+szhFIOouGgqkY4EMAaqg=","170":"6r9csq9CngPQ+A3CfpnNkua1w/07k9BWmXx6YI0+I0A=","171":"5Oi3cWYPplq1FO/b21tqxJMpx1I6mJVIziu8aj+eosM=","172":"htJB6z8BCHukHyUMlSWHnqeelXxjR0kvr8hMNSTynlM=","173":"VwGazZ1z4wIvEU7JArkIAmnWWIi0b036N535dW3wjmg=","174":"dlHwYcNA+IyLz2yH4yj5zJGvE5VnvRehOhAUichWWgQ=","175":"Kmy3Z6nqLXnu+Z5Ff2cDkucBCuIwOoM52Gt8JH4/s5g=","176":"ZMWdNm4N9f/pTyRUbl/7IFJj4vtt39WTrwbLH8hzlIQ=","177":"f9dECFNC9VvQlYZlXMf5LeFT5Z+wyr1HKB/g8DuT7IM=","178":"W/WPZT9Ls/1LJB3Va2YszruHbufIjn9F+EiK1NXprCc=","179":"biyCdiqFAqA/qaAjkPihu5qs3tOLHkUUnsCqyLjeLRs=","180":"W9DkubZiGxX9km7FCSe5QuahJyYJMhTE+Oj3O29m37I=","181":"7t4SAvw5m7RbQBIsijxTsWx5ammTA/j2jZcAYciu2m8=","182":"fY85I/HfgepLEIBSV0XhHKlvV5EOVaI+o9V1J6B6A6Q=","183":"rlLVAYy6d3wTS642A38nj3i+nzMBIadXRRpqyqWkyQs=","184":"cYUJVvNfINpchIBlWyGszgZwDwyvpPY2aHzk4kgXi1w=","185":"7s4lU6ZERSgeUYrkknCQug09otFgQ3Fd/Eepw6dyjcs=","186":"ixS8tRZMSFnpnSpgvqykGbeT/uT6MeMoE3afC5GPX/c=","187":"gpNdwzPNOAeaXj4xaOcp+D83AaTtPXM5w+AqkbR8Kec=","188":"4uT/BXTvmvPVZ+5o+Dp5FDYht2XRt4hVS0JXG+X/wqo=","189":"Vuhzn8SS8FCC1SLgE27m1g7uol0abd5aEt+5Ntn7tkM=","190":"ALUN8nZPWuxK6R1JhuNdE8qYKjzNAWYL/DKMklg/j10=","191":"ZRAQeJSpHWMqnJ+YiocSr0GXciu6nds/DTk22RV96sg=","192":"dA85oMOtnSifT2IxX6cv9uVvspiSRxbKYBRBXudX5fs=","193":"oEM/MCfj1ObWYiU1hCH7sEwEU0j9lrmH45k6kSInzd8=","194":"NNymu7nxi8M/HEzNSTNcEyZ05nct0rumFfdN1mAqAvU=","195":"l9beCDc08+lUEp04uWM35D4gbqss6U4snXTTgewVcuw=","196":"lfGVc3qoXWd9y1L8sfIzmf+/YLnWZQQe2r28YzcMOYI=","197":"QU9tc60Ge4EikSw8WeUCM2v4QdIBDdK2ZYyvC9xDkOo=","198":"mgPSwsLnacOYrJqv+Z24ke7odE+PjKL8XL40SDeiMog=","199":"f2ZREgZruYda2OzIcQhgJMNDIwvME8NfGtK7ECdZank=","200":"L2grBw+wCT/9unTQ3TyNFHqur1kvxnQZz5wQLel2ZmE=","201":"0IaQlf3yG8HKKwHop3IL0IEQmGOpKLOlqCnblsSRSOg=","202":"j04/zMHvI+6URY8AiwvwIpDAXOKGNMieaToFCjR12fg=","203":"c4hW898iQySHaVLeSpdEbboLkieSlomlQpdn5xPA2kc=","204":"oGCp/5YFNb4nmhGV350gNMH2UZ74GOzaJa+G3oyh11s=","205":"S7rqj/3IGGxqwTnRHY81U1QsmSN8kPN7+cRknvgNMrU=","206":"Jp7v8PzPykCMyWg3yJCVKrowlDTwWjKEj7k4wpoZyeM=","207":"Fy0O8MA/4S7aUrPzCLjf7E0d0QHU0EHeEikPv9HGioI=","208":"zsr0Ea+JDo6jAOqU5l8qmG+yASxqVOvsSrB6dFN9H54=","209":"UCBFFsRxKnvykw0x92xDL9C7K3grEzCuywHGw/IHdDg=","210":"g0i6Zwa+LFjjdCxQmOaoIRDuXCH64JtEcW60R4I2RI4=","211":"NzuHBBJDoWqOwHtvmeoK4TkS+WhHmiicdeFk8VyGKpo=","212":"1iw3AIAJ3uznpJouK/Oppf9pd5qL1ana9ekwpSefPW8=","213":"LpjFE2j2NqAaVxaYTC6u45ae3Ah0OKFLXJf7yJCfJS8=","214":"yuQx/d8YH4+U3H2AQ1N/FvUQaZJbzrAN/QKe50EK4zg=","215":"fLNoMHKGxiq3H9Z03F9oeCyH26ZxYtUpo0mH98VH7s4=","216":"i1GYL2Q1FczY1f9ASu6Zo7W3FUi+NJOutkE7ZIjScjc=","217":"+CWnY9Z4R9hJ+lsCTwFXo9x6GsHoWOplnVxo8o2JVmE=","218":"PtbMj+TdyCjHhk6SXXl76QPWiED6UEYWad5NP/pp6Xs=","219":"MGfCtSfSNjSCEB7c/h96xx0dhkgaE9VyklZDztaF9nM=","220":"ycV0fL1KaOEq5yzxPeMQ1FSI2OobNeVIapLJeBzjVOs=","221":"iJQzEnIDXRIrZDDSzqfKlhAORXyeAUuF5m1ux8y5UNw=","222":"TPvCXE6jjf4qmJNupPJ4CF18IMl87V6YYF2fLxJQncQ=","223":"TLncp1ZMZdYr9nR8mmOU9DNkiIZW3gbX7W+a/ua9uqE=","224":"laWb+tjG7/CIbKiz0yuP5peXyIGJmuy82AaP9vByH1g=","225":"GsFR7gl19dEsf0PTI5f6qA6WRMee6qfNRAxBgPEHk9I=","226":"BnWUuCMAsr7W8b2oYkqUUFEA8bzqmhKNTMQWMk68n+I=","227":"LrzdJX9ksbTECxQFJFn0/yrV8h81jtW68EAJSbC9jqk=","228":"dvgKOGo1prHsSv/s6HGsX7imav2ftsqwGUgavCBbC9s=","229":"NU2XlvetRV2tl0x3yid6Oxt7DfoWmjOAD0dHchUZ6EQ=","230":"vq7JSUF6OvEXDeM0PES3pHyj37BxwL6+nb80XyIgIyk=","231":"MGhYXN7aLUUssKNuwuJNHZJjSU7WLAGewJ7imw4LcNc=","232":"FSOiKGN1Px0YDtYC8F2VGidSevwlD+1+f+ntmP6S7r4=","233":"9bbdG+Zh8AVCPBwkEzPWHC/ZRpUbiuzvTbB8BknXolg=","234":"ItYTWNeLODmIctRckViSuIaOxYRVpGARTMhZM5jf4NU=","235":"vImD7SgP6UZMyVu2KTbBtPr8LxoLLQGkyP9bGdtKWzY=","236":"ddgsZ9SlDTcszwzM/yZn14Y/3pB/cdAOI5+1qgEa80o=","237":"9xJ5aJv5+TJqrCzINlyx4nFtKp8jHy78JEPiMZnS2J8=","238":"fP3R6P3gVF5cl+g4dg+O3Cz3ob4rherHfqhmeQA0m0A=","239":"GNzHjhTVjNF4hrhs8fKFeI4XBcVD1XEcQv+3sFuMwSA=","240":"gPFopHwx1kAOPcuvT6PGGXbmEbFoPk8uxoWCf+pHLns=","241":"u/NsGDkp4dkz+8cIYp120MuieiErc82jg3NlRyKrIFY=","242":"b64FVRLA480jByQPEJiTgB8RRg+WWBXex70RmI8SAos=","243":"ujcIkiKn+zkXpNxFjMQ4d7EMg5HqH1Hb8CKIP/JpfyU=","244":"1hqDzFjFD8+QHGtikRxv7LcGAiBZ/5BswIomNuMdfnQ=","245":"DIRjDYsdXXT9lTXGVTHHCjSMbcovhAU5gVT/P4BQFek=","246":"87XGSZajndRyIcbaJsAqHyY3ohZGLRIHA5lXn9K/p3w=","247":"f0Br9oPZbc/58ovXcjKVHeruf9AQOqjRvOPFEwTwu44=","248":"WYn7eesZ8NutlYfJ/R7S0y+VN9sqnXcp7SXkAzeI2d4=","249":"RjeZ9GflEfwghYwlhw6DPV3LUi8EDdVLQKen5df02Io=","250":"Ar0cI7Du0orIRLQ9TuvKnyOqpwT5H/Kkc183I2jt/Dc=","251":"CjH+uYiooOKt7kNb6P1nJF79FfYjY1XToXNc25RO7rM=","252":"2m2NbbxCaO18pmjag4/g6Y8pO4qTqrxHA/BiSZuzgbU=","253":"vAOkxIoGaFHv9HV7apoqQJoKLoyeufSLbbPiGEIqeNk=","254":"OgC+sKrgCdpagGIRUNGI5kBZXbZ/U+vObeJ57KfdUDQ=","255":"dYZf/FHqOGdfkZpF3U6qoY7gqm/mybjk9JYZxtX248Y=","256":"ZeE8Z8zp7Djc9sQk5bSNMDcDOlztMnVTX9ro4I8OVr4=","257":"DhSxEhcFa4MJEpBDAmYItDfm5Lgq9t1hLMCKBFjrgQc=","258":"K8xFSzHM2aRf41ZOLtcFQhK9Frt/f4LV5eLD8DhV9uA=","259":"SHW3mgV7P4zGXt2as7d6Sjr25ayuLrD/pFtCit/hIzQ=","260":"H8f2yWKar9wkkIcYT/TPSlSUsyqy68En4VTh3chPIIk=","261":"E8zFFkaat/chta34u7ubgwXin1NnKQ4VJ29VLaMA/Wk=","262":"5igqLdlc1fsVLqouXj6DgQ3Y5KUfqYK6CTrPE6NWpBs=","263":"E0s7wjTUCStCX9s1tx4ckcX98siqapMhjV3ypydw4io=","264":"vNucLSMkHBh7LH7WWz/pa9/Ungd0FOVYccBlHazcv10=","265":"vcY1jY44Z9tYEzP4XvQzFwZVlbwIflpe7AkE9+gR2L0=","266":"Qtg1Fhbmk2EWNwwsJsnxL+uShach4Sw+JE2HXfVJLFY=","267":"OofwJzCI0Xg+gw0Fc6qc2xj7Tbgt0lDz8eMm0H066Ac=","268":"W1JfN44/haTA+5uzJvF3b87TGQLyzj/QOhyEjCCM5l0=","269":"GjWB/G5y2WoqKZJRHG9RSNvF0fcXU/iIg+ThX0aaQYU=","270":"jzpNkifUEcCw3oZ3SruypTmrx5iJkbGeN9D+fu11pmo=","271":"sj9YGkVcizKWMWPdvAX0U+JdgMSzKH/RlnOjxEy4CRk=","272":"2VTsMixRo8HN2r5kVHaVjYH7QVSRwUIIehu2k6eNf8s=","273":"CvPHgCCJfusDbqkl6H9esbbZFM9R2Fa+dlUfrH7lGwc=","274":"WSdJ/8pSybFBAQ5GNpgBE4qiHjYgtLDCrOYn9SI7c+I=","275":"VlavJewD/B+DgWjuYV+ZJw5Y86G782tR1U/YX9DvpHY=","276":"XIjlGee06R2LPp93Ts+VUS6ICDQL7mPUKS4gHA821us=","277":"+rkkvSBLEIphU2GfmdtaBKyybzeWk/HCsB5DhzOZpdE=","278":"3SrWZ80N8oKBRRzfM4MlCldYOMerMuXE0CtLE9ajOv0=","279":"bZYrdoibfRPcD9lz8SbFeIKkbp0wbR0NNgpzFtP234E=","280":"mCN3CvXyjJUtMTLiiQD4SZVnNExe/kffpygZlUzFqm0=","281":"bBk07VV/eoX3vu6jAhXsUZ9xxaBr4iikDR+FfL4CsDc=","282":"QBzGvGkDIpshidikvuvgl/67DBf1t+NVOQ7S4Xndw50=","283":"FspzRm5n4n6p2QM7byHsDp8+vsu8clJDRLOxty1bjr8=","284":"eAemECCZgMIIjqmE1tB/TLPuPogdm++W5NMefwCAUvo=","285":"qE1eVaUdIwnXgJMuDcVUVGII/JUSeEqfFYUyVpKr/As=","286":"3fIzglTXyGfGevCcvzKpcSf4L2E0q3tTnWSz8e7kcYo=","287":"bCkNfoeao0ynMicmjxx5Ml1bTOo+trgOjw437WN6wts=","288":"OPY3CcMT5v9SzK0YGHWX2ufIauzBfyMcZYt35UcQjL8=","289":"g2ujtwgi6Z2E2UMD4zU4RHlbRs/iK6aqwujaJKENVhU=","290":"TOLlldRx7YZJnF5YN3fz7LyEma6ZzTXtuUqA/DxQh2c=","291":"xwxbqutupf48EaM4i2vyhoecUwocayV/JOXeJNrmXPE=","292":"3MK9OUDdEPwmwrvPj4wRHlS722RQVrgxYEYAS9ZKuLk=","293":"if96UIN2+EqOha2T1vz5YwZfTf3NgKl0eixl52QkF/c=","294":"RC76bdLt7igeIUCfzg32+4kx8IrRTLbt5zUq7Jid9X8=","295":"KxigaU8LJgvJhCYOs/mnOphIZljwwBT82P+ZwPOj06w=","296":"sGdNdoH0WIqNr2f+9WSUJQrLExcoFf7lfOn7mPNXO1E=","297":"Ur5EFSi4PUzcLbH9TA/hfEiLm+ctzW/JyBgXFqJXpLY=","298":"etOVDPGqgqnAlZXtFqkxG0CtvRKGcQYdnak8vIvwYhI=","299":"EDUf7hHfJkr1CrQC9lr/OFCxIy5CYZIWc9yVBNbNFLU=","300":"g0vyTa0T5xidKXDzytTr38lSXJUm3L5o/0k1W8wfB0o=","301":"mWat+4Q8pKxGD+6sbvg63s6UTCyTvmS1QaP0NfL6jKY=","302":"EBdm1+kyWXSihmU9H/gUczsp0uFF00CV5WKUu7VmCys=","303":"+IGoaEc+sWzOPXXIXN5Bi057OSA4iBYBCFArJrM+w4o=","304":"YlqwqKcDfMBj3ha7DaRYB98da2G85Ee2iA+qjo6yY8M=","305":"Xov9jExZLYaOdV08+6XUGr918d5NCXgInjRQhoDTY0c=","306":"yQK60zDD+EM0x0ZCCQ7iwZ/RwD6kwVbJEA1mi0qxFUQ=","307":"cW+uR5l9b/NbicRDT0oYMur7nkXQZQff7GL5cDYiVEk=","308":"ViZN2PywJxK4UO4pe6y7pyFTn8Lu2SQEKbLttUkMHEo=","309":"x/VTIm9tUJS51DWv4h6O0uAUjmrvHFooeRvi0w0Tt5I=","310":"XFMNx18v8SCi+TaGEPTbaKAyqdXoYMZtYnKVCF014XU=","311":"nNS9c1xD0hubBwk9aM9/XAoFgoXREmAiNTZYQ2szb4I=","312":"TO+342dzrmLMti4CZPpCE0HZm03RwMJE2beXl/Qjb10=","313":"p39oWgGdxhrwdeF5f0z1/AQ5gPMeWZ25YPfln++3S+o=","314":"jQNw8/QrrDpkCeW8tCYKMQCnOZ2DSjqP3JjFs+F4DZM=","315":"8JLZ7PIzxDxHIdfp8RhTSZ31+b+HAWWDTQK2x2chIsU=","316":"7G5T+366hTO4t8M/w8eioaYSND8qQiJXl2QPbNwahKI=","317":"IlBK8oyI0smEZpFEAuWWVM+uHtNxkv4UmIslYlEwkx8=","318":"I6+66ux7BbQ/ySlPJSGEyU5AYY6gXhl9ov/4Yh6+8p8=","319":"BffEFilwJ6Au98JXEE+UXIzAmDttAeD2feyzGUphepc=","320":"38o5J3V5ZTIH6vSrj0N7ui/K/V6KBR6cFkjiiukbTG4=","321":"UHrRN+if5WpJHFsO1rPT6hkoSF0c/XtYayEQ/4YD6Po=","322":"paDBZXBdL6LAP7oFf5CnEHqvBy8eQ2nr4Pzf65ns2z4=","323":"/a60pD8sT8LLWyaaSoR7fMNlPK9juYEUS+z0BQOVwfM=","324":"HvhNeFDFns9ZuQKhfs5cgjdPe7qWtMoFNMV2lNUw+S8=","325":"mL/2yQ+0C28msf9xm0/gyMmTdxtgF+8FGsKWGk33Xlk=","326":"3IDIuyfYTen2yQY0e0W2RWsFcM4nz+6xfDKOlDdrN9E=","327":"JCOEX0hQg7keUpUtwsD45cnOW/pKEwkG5xT0SeHnAhc=","328":"h0f8KsPBqdNNcgxnpU4PSmqjSv/9rXiWLFzEPo+ft1w=","329":"/hmyNOJq1rrK7ti0u2O9UhmJWiV8buztutlFw2FQW4Q=","330":"awgZbHs8iy0ovFmBPN0ZuHZUu8Lhqndk2P90RkaKHHU=","331":"gB8yyiWe1Ba3ObR2ZTS01EcsmhwI2XtS4rZbsCM7cwY=","332":"jlMn5vN/UIFX/GF4PQx2jmwe9cWi7TXGBSQ4PEciWBs=","333":"tTAQRbO5Uy9xqJ1rEr1nNaXGnYxN4RKSzm9G9MwlmiQ=","334":"kHAMhGOST5xsRWBIbRkK1rZpxjPApPztC7BZcJVmSP8=","335":"SO3WIBJ9gZF1rzGgo5YxANESzO7Z+nDVzd+QSQrVIQc=","336":"xzJgPXFyFXRPKGm0plenDBmmBJIKZbJNtPkqLoxj0Fs=","337":"EwdHPuCzXqQ/zo/uVaQcSdfHYjXz+a0gP2tDi/ep5Bg=","338":"+VE637iLzbK1kvhvEoNjIj7ehectS1gmzY1aAbSPVts=","339":"ylKnvXAX5zFuVpE284brVLghkO7Mpo4k3vNlEoRiL3I=","340":"mwGJCylBgR0tZqRpOyu+52nmY1ZtWt45g+O77ByjIcA=","341":"aDGO7fGmPemy6r7TK7f6xz60UAYuzqF2zmFKhPrLOEY=","342":"9i5tFmpOWfH+8uWa3KknHKxOUj6KFETQm2OWPARbe2k=","343":"Ge/WxzGadHOwfbLX00SqG5VPlOU0zezx0LbHWaTcXdE=","344":"WVEf7fOxtBBMej/bciOHR+wLpYaOpd7wS786wcVN74w=","345":"FdWNTp4BQ8boOW0GVX8uiaol1GFvwwnAsoIZzaKTTIg=","346":"O39e2xs5Zf7oZyoH6hhNvlbK4s7wlAlHsii0n9KzxRk=","347":"5sPb93L3xKBZi8+aFvKvzmocaA4Osm+BwFe/Q28OIUU=","348":"ndGifRIC0MrVSeW0UjbMjjuV/WKSpvafdedFczxRFwA=","349":"qP2xQmEer335/fySjn05XM3tjzcX+Wj13+IssPRTzVM=","350":"A4kQvf4W3Nf1Wa6fhtyWs2I/9Ubld1lNv65LNwTK/Fw=","351":"09ChczBPslx1N6mrkbVs4I2vRKdBkbh1pgTvlnQkDq8=","352":"W3iOZdOhEwUbNWd8DF0vMNuJB56XT7mEmna3V1f7Fw4=","353":"ahNpzceW2pAUlOdJF+zPgE0Rx4acvGIkIvPGxcdZdJU=","354":"0vKkC4crGGNzqUPGt5Zg2k4t14DscmEmflHISJyWsdc=","355":"vAPLBjENmiq9WS+tc2Xr9cUqmcteqbvTdLLaGYMCA9w=","356":"pFByAcBKCBGZ+n/wpt8yKw0jDbJvHngw5GAOa2lxxzs=","357":"wBRYxenhv7hqk0kDeDrBqIwScc1I4EPRdKxJ6uKkkD4=","358":"nPa/JuCU4ENdXFqLcnUUtlunvzfFBZ4RWcnTFWsX2SQ=","359":"qjcHDRKPbE+9DKzfaEVBdwo3Stm0GD9wA7xzs79toD8=","360":"as8xPxGpg8Pyad5iCyJjYlTUOJoPThhI84RGO+LRKnQ=","361":"3W4a/1NOS0glYVuwCM9ObTI/px+ZT3J24U+6BM7Yo7Q=","362":"oQXdyJ4YNcR3by2km+zdJ9Nj+pF+00e8hFGNI2dzfrk=","363":"oC5KKmtypSu7C8AszK2qT8A8FgsNOF6+v3z+vwJpft0=","364":"0uCweyN436lSNKIf2BBSpjUhqY39whlS365Mv1Vys+A=","365":"jyL7w9ZMcS0X56B3CvPfyCKGgadstaKH1weGZmLaiI8=","366":"Ydd9Gl1jIytNHC9fBWqLaeDz73h8+UqfkTpxBnXIbCU=","367":"bswmfKTdpXcOVcywGSKhXCwft6M7ftZYFhMqhI8Gx3M=","368":"zGrBsyIqKfB+mE5tUPxwad0ezS4jnT0geLiWIgNTfq0=","369":"AZ+q0SZjDgTYkBU+M/OHm/dYNPXjuIYwk6+8S/70Ra4=","370":"BwVuSLg3O/V8aySyOd+WGNoYguP+8/GG7s+5hQunGh4=","371":"3E2ouNtpYewoIO6ebv3VkzNXV5kAiUDWvIy7eim6odQ=","372":"42muONtivgy7/N7pDJ+/9r4NP3WEAmsFp9+Ou5VEgoI=","373":"+H+eYZuROMSsrbqpJ3C/BTo93CclJsggyqzo8kGVSXY=","374":"fCGMdF5u5oG+rWYpy6ZaKdGLYVpsDzjfDwMRlxXQQGQ=","375":"YylqCd1btXKOZRhdsqxQs5fTGaGVJ5T+L61UuxBRaZU=","376":"eWuPyMjsF7iqC16BOT+IQfT0RUoHnWjWwbUawkn2/aU=","377":"+Z6dNB38XJRRe8cSEobZMFbcdgY0qYfHrEu1TxYwMq0=","378":"9mqC7aCGJ0Q0FNKPPnD/ycpdEcCDm7KR3W0CQUV3S8E=","379":"P2TayYVtZ8GzW+TJmUOfuL4W/UESWIYnaQlQQCf+oVE=","380":"vtYUqvkm6ychf41eNKgUvpDk16D1g4Ej1kZ6LStfccY=","381":"+hthFLifrp5ZZDsS8ED0cOUJ8xYiZNEg01hMNry/WZE=","382":"Hm1ZEvGDni5FYJQfAcmAx20H69kZUsORYd9hn2rGZYc=","383":"kn7MzADWBwb87Uv1+UZJEa5AUnbTlFNKLM+Gld1fWLY=","384":"EhrN0tGZ7rXNFcetSgJE/eaRnXLsbxWslPxqWx4LaS4=","385":"neEVs0WmONSJcoQw2lgaDwgiIHUR6CGoHFDzu0P+I6Y=","386":"u5zpo2iE2yrsxR0MV58gXkUL1Phux9sDKnrFtGwMZnQ=","387":"5/sctBdh0NpWxB7pmuMP/Eh78gukGPSvpaamf2QvH+Q=","388":"TaNBgtzkLTOB7oNY+a4x8saZTiBQspX6fVl7gsMa4mk=","389":"DhejaqNIejl3WABFZtuktXQ1CJlRj7cYKa2DbdSrz2Y=","390":"/8o0TXMOG8Rhpo/und74O4VYzC+IqUs96lcd9CdZuBY=","391":"Re85TniKUKJ/TXZQzh7UAByhZ6BBGHMnTIRccox9rNY=","392":"TQCTxQOEL0uYh6Z+eP/r5wJIHRVSlmIMhUvB3gVQfIA=","393":"nly1EL1unrDATvOQsq9fvCio0WXmTrrHUP6cgFzEOCA=","394":"jigWo4907IpL8Ls6cq6ASSPQ7dBTIb1jWXZnGkEfT6U=","395":"6h2rNaLAJwbKRQEg8dZXBejlyisgbw59RqWdhbdi4IY=","396":"t80pxrBl4Xstei9uT6Y4upPD1ohRsYD8DRUas8GK8V8=","397":"aYmO+72hC7tt5njtrR+SYTGVSFtTcCfvahemKv9ADzE=","398":"D+cCizvvoBP17lfYQAR/W1VvGTMi1wzQKAtKzfV+huU=","399":"t4Fqo4bjvNZrLrWCL6/rPXG0xztfoSrMaCZDCZ74gOA=","400":"+cNsVGyiCTJDnlWCGELlQRBgMueO92HaKSzaNeUd1Os=","401":"v9o+7Sce03OExr9K9TfNx8KPBdZ4mkwTCQ6v8kAGj+8=","402":"K3NB5av3Z3MDWhuwr8Qxer9Tq9qu2ikWhuOFnwjNUrM=","403":"J4FufIwESDq1UrzurJkvj/mKjMf1F32jO7wNcJ28Jfg=","404":"xFmoiYFvHfKSpHoSpQo3zQAia1jveunMdNzbltVz2EE=","405":"jyOZBLdLu8CGkGdI4XtbHnQLZXxvABltmXZ13PauyAA=","406":"M+cbHt2BlexPwzxckQGD5PMy85TWBxn/SGJDcM9C42A=","407":"v5eDRbMygQKpvfR8MufUkSd8eUZH5iSgAUgAas6Ps4U=","408":"re5yF/ofkpEvKcup+kXtumwBEcDYmtgbx/7+flLHjx4=","409":"en2gz7+cOlwttqT3TLPMyPmQl5Zf5U671q8a2eRnudE=","410":"kMXNzAWZc1kXxhYaqJk63toJAiej1wqZOtOGhw5awOI=","411":"bEV+sFKoIkJmsdh3qW/4ORaJ12Uf3BaAOnSJCIwF17A=","412":"2VJuqF9WVKm0J6Jn4Clfc1gJ9ffQYaCs9Pc4RpjD6xY=","413":"2d++FYwiAZs/O75IKra/w+cyr+B2gXU2kIbD0ykb2U4=","414":"Gu+Id3j3CdcOlLxSUzryXKZn0nzJ+OXUSoE/y1Cw/oU=","415":"MxamD05SinM6GshZyz59WEP6KUx2YPJNJTaNRopPzv0=","416":"b/KXNV8WVFZsAONbtHr49qwQPYKlf8sBSuv1R8BRQIk=","417":"kcN8A05+jPHEerOBHlo2AO5SdNpSo0rEL2DIeOYnElc=","418":"5GN/DiNLH1sMFagKYpo9P2TJJ0lSc+UCOWQEhLhW/pA=","419":"zlpmeg4gh0adKAT20yDbYfgEdp5L1bPd3RW8dBOmWQg=","420":"MZNHQ5HwmEe6/GyY8YSiA5NciF4RGw/gBQLoEVqydHc=","421":"JgqeM3MezO8QINtMoYo7AHb87Lc+ueRMnowGegXBidE=","422":"m0qJ1zN5/gP8KTtQSJl9o4+cErQhjeoHBeCP/+GkPis=","423":"v/Mb0V8h+rekqvHt4/lq1VkszStOZMeEUV/8EZqPpbU=","424":"3lzfMauKmjruypjAAo4xvE00wUbQZ3zsqIG3TIvpb+4=","425":"Nt/5HakSlupwJbjj6kwci406nNveRyVFqVr91xdZKPA=","426":"rhWGLiLKChmEjwvA1PhiNc2raqCpCguQEe+F3Wnzo4s=","427":"lcfFYvqiHs3brt20DvetUQhFTVBsMJ9AZzEufcPuAek=","428":"6bE39QhP2Qz1QSv1DdmvR7b99LKQi5aCDHO07q/ARUE=","429":"zKcY/qGQ1p/TiA20MEq7wCYNmYfePmJ6BUgzY0F0feI=","430":"6bcgxHKLJ+/XblZXbWcSrYiOBFh72yZEjhNmK+JWinE=","431":"LLL1yLnyAe1MF5UFEkV7DkApUj0H9+mPD2Bnt+moEfs=","432":"jD/Hdd2BpQ/Gov1jd+peGtg7V3pXNOqeeTsQVkuZPX0=","433":"LL14eilsoJl9rJYul97tjevAH3/pQrZ//meRsGKMT9k=","434":"vdSXClfbalQkN1tQz8xv8aQdUWfdDsTWvoF2j8fE6VA=","435":"1BhsGWnMbM30Ndn27oeLVrkfsAYFtJapFab/pew/khQ=","436":"69hf94Tu9bRh2yEbyJcsdbQXKmjJ4IAeisBmA0On8aM=","437":"+Rr0IuePxiCTbdO7p0H7UMM2feV6aYKCLX961elhnBk=","438":"zVH8mkD5+hCUfkR6fyRQrPRz/ra6ctUes+2TlTqug1E=","439":"6ZOx5fV+Lh2xYLKtoxFpY/CqvO6sPR0yb9mksngOa/Q=","440":"k7bNkLmh6dIIBHSb7nB3FfumyEcQHvM1zjTny8zFln4=","441":"1/IP2ha7zIoxbzeAnpWQx/92OssMwki/NCKFIk0ri2Q=","442":"xxhGkdXpBrxVxC9YheiZqvpPE6Xkdc1zPz0T6TDUE7E=","443":"4Hqsg38DfsniGichMcQdAaKMN538Pq3O6nSOxjNklwI=","444":"7DiGiuOzkvvvzrzx/IP83PlUDLJ7xLrfskCwapwmcik=","445":"2duLcyi23FwrPfhyeLIZKb3+FUN6/1SVfpSB27W5s30=","446":"h4MPpMjbIh515mxM4SErIuymtcsnxFJX15CAESqNHbU=","447":"YXbgc3SbfYuck2wLKgDaYnTdkKMSHK73N7SPKiugpOg=","448":"dry9/6/hnWBqZwuFByybO87NnesANDIfdufeoDYR9DM=","449":"BjTyLVyCK1W4QtsYOWkJ5pL4VOC7Hy+EKkKvRyILOFo=","450":"e3qfMDG+hWbB1vz/LC6Z4NQrdpiSAks3ADjSkYsclHE=","451":"pIziewlG9aadaD1LMowOr9MZrEN1RsaQzhNog3Ljg2I=","452":"OkWjnsL1THa4JYgYshpOSiDDpN/NsbjnRIUgR4FxQrY=","453":"ItLzKI9z9bYca7FN76GOZuYFy8W8WxDeHYHN9+TfD4E=","454":"7d5PXOaoRFLQrES35aWsi5OjAG4L8VyadVjbaN07SBw=","455":"h4ubo/RHspqGu9SqnAZWsuBs4Orl70TQV5ZfRJeWQJw=","456":"EYnc4Jwr9cQGgrcgceLXKFirbPTXjhQI0zGIJNX7ags=","457":"GQLwZGbAG65ZZbfoCuHg+L9rQvKkqIGmIRQ38fF/g/o=","458":"dm6xntmuPwc3wCUSDwwzAmVisAnqTXCEfm9UnZXpGtc=","459":"awzkBBDpt8c4cLOEOc04an54BSecl9/rDEA7IQ1mU9A=","460":"xdKJXAe+TePxEZOMhPUYyijUC7Sy4uhHfNskpk1ZNgA=","461":"Cu6Thqi1LMvCjZ0lFqLq7om0c/32rFFpWqMdHJXqKTw=","462":"jk48WESU2z6O4YUrUmn6UT5x0QNeoC5tlyddXPxLzhE=","463":"WZceTCCS7V6n5aEy93dlkwYNppKRjy+9/Oa/U8BB1S0=","464":"szycHxNCGxFtJrUnjauCdZWw2vkxtBdqgJfec71JR8s=","465":"QVlOb0lV8pakDBb3aNKUTk2V+NqdLU5R7Bq62KXBrjM=","466":"rIPgmKtQ8G1wro8lW8B114FYIILM7brPoZk1nd6VqUs=","467":"SP02lcYlHSdcSHMESRs5s1KAzwzxnn3CC40YYClaptA=","468":"wMs6kfgJ+lleFsGvhkPxArMn2dr43BKSO3Ip0+OBFOc=","469":"IwhbPZDrcrCIUYA9NrpCX/NAVs4y89YHHg7nVtiiH3U=","470":"ztdYrAKAF//OXHm7l4wzIGp4YSuibCI2e23t92yashs=","471":"1mUt3p4ymf05X0S79oO4XqoGI1nHCXweMKk0LuKJXH0=","472":"aoxU0rDzZvhTr3rBykym1RP2A+PW6MvV1u8O8p+HP2U=","473":"/f7xpSxll6GYDva1Igp1v2UFbBY8tqe0l7XjZYRluhk=","474":"k0HZjZX7U/7bbgAcfKON7pM/8Dw3TWrmjMPILtwFERA=","475":"wxJfpmMt35lvfxv8DEOBKp5zRR1lPrIR/EbCF7Gikbk=","476":"dn2wxaz3zs3LVQvrtpnWW0mj/bkeYj9fAVPytQzx/wg=","477":"GsVMdY2th4ULmX/sGk9r82R9B5Lt3HVif6ZFv/CwYOk=","478":"jd3SONPPPZjOpLFUYTCXcTbyZtEL3yH5cRt1aFpscr4=","479":"uoPxcZTYXDiW/uDSZyeyAeyXJrcuC9mjowELO4/Mbxk=","480":"8b0QCpLWfdhNOxvXeQV1+/jHJ2P5mmHV03UNVqBwC9w=","481":"UThBGegRnJ+RH8vMi3MHSMVP/gf0uXcVCa4I6Bb/1ms=","482":"/Pu3y8mzMHvmyvogToYTJWXb6csYEMN20xgf2Hyg1Ds=","483":"wRALaOPlZOhUkxFXELioefiQANucHIaNHMtZgOZ+9AE=","484":"y8WcejhdrtuZApSE8i/xzQpT01Cp1x5OW3eqw1ML0fc=","485":"/AftHMuRPfylpssOPzSE3m+aOKOOTATiUP/CLP5vBp8=","486":"kIwJaDZva2MsxowMEEDHRjGEzrSoxxFxe9RUvD4kAV0=","487":"3pNHWJWoQcWDyiVFGjcssIy4o7vvnXquZU2btqd1/zM=","488":"rOeqjIVe1yC9GTyuMw1PobcKlR/A4QnJ/GKUcLMX8gM=","489":"o5JoT3TIYNCW9IJtEKS4FvjDDdhCMMGbDsk4YhiNKfo=","490":"1tZI/pLO0D5hqRj8eXbHjkYwAOHRkEw382jDQ+DHLaM=","491":"rhLzIp65T73Ro2IjT+FPVn8tm29ryK+31zMZ6U34xvA=","492":"t/wSfkSrUNXdkOyrFsc2DllNeHQW9Zfu8cvrIqoHVnM=","493":"MrxRMJ9vo8fp8QiDkjSzA2uMJZ67qayp8QEGmf+K0Ls=","494":"zlsJw+7KDA/hvdwCJ7yywAYBGWPI1QybpYf+PWI37tg=","495":"kmzKAiUoD2ISdxeweGZ9xrGsDG7rxzXhEQvNTvcHLNA=","496":"rFnE6kysoFSf7UR8ZB0T4rYyqlTeMz8zXUoG4Qqv5FY=","497":"ZyJl5lDHmQcNK5Aka583xzuf0fuS7LMdUxB85EDuomU=","498":"TezoafrYzl0THofy397HkVBIS0eV5KbpGSy8BI2O48o=","499":"y3OazCVsVQQMAYwCRihUXirsJBQAArX677ypJ6z/rZ4=","500":"4KiIyuyAg87SWurj8emDLqX4RrevIB6hGcF9MkSJMok=","501":"e1pmd+TlpHkxLRCtBsKJKtMMrCCgWWqo8Yx9LpLJBEE=","502":"Kw7Qgjx2btn6YYG2Lj4WH4CFUOT+3Jb+StFL2rJyATo=","503":"vvbnesIVbvcSLLIRWWSPYqIAJ5X7aqwg0PR6qUtMPHU=","504":"VFLpUs++Ib6Ks3wypQXsnlwe4ipeStA9zXzsza3JLyI=","505":"iloTHUG5AZj56UlYXE6cIAM26Jxs0ywUNrxASnUxneE=","506":"+E2J3MdpewvkJtkRARPn/qPZeKJgrbtKzEOe9f11foQ=","507":"PKNxAaLQ0p1+1XtDRf8H8/idBDTZiax7dotJKSbu5Aw=","508":"RlTCXYo1zJ6NH5aiZHER1Y4k1b2q+EWCMERlYj4BJJ8=","509":"XjK5Xyn8OCgOAJoy9MTG7yI8ZWLgehoMv8nA1SmNxyk=","510":"CqQDoW0Q2FJP7VxL3GIdymSY9sliy4HoE/2HAVb91bE=","511":"AokAmEMa82M+z1ZuMPlII2HlxZnTpV/BYQKPOcfBjHk=","512":"CAb52Jbal3VwIRBIcJylCQ8H0yDLLjkPSBryXCZ+o30=","513":"ma446ccKR/JgjRBVczmr9QLcn8xgGz0v9cUIQBIDdzs=","514":"/t32A/OmM8DzuEDTk98k00oRIyLoouyvztQzP0aN27A=","515":"ExH4KUfh9qNGqPLN3fol3pfjkM5YW5e94T2ZxHnN8Ig=","516":"ab7M4LUBVNMK083rMXw7M/s8bmUBIgb4SHd6lOWoWmc=","517":"HcnV9ugxFJErFqutMfZ+ihVRs1URIAWNW6PAi8CVxOg=","518":"DRyviSJVyJhBc9OGes8XRhWye3glAOBZSOXceAPtNPs=","519":"uQ+ABaw8MCqGeOrno3CaoAXd4td3Vw56CXBF+7aad24=","520":"vCMqIA/x1JvVG2L5gO9ZyIigATr8DNa99quEe5I+ug4=","521":"NP5ku3opmvoS3JAWydHHocPFDJinRODhfeHVJRvbROY=","522":"JeGuHcm0auReimHQLlvRdtRNlhnAsCitxmXpIjTTyGI=","523":"EYpIrl1kW1GvwNem3x42wOwBfQNO6vyY90USCsaE3sw=","524":"Aypv28LVytsunC7G3SouOMaRxe7h1jnunedhWAgXYoc=","525":"OiG4M+ZXympnh4CD98kX+zRf7TdCr/VN4D/X4cxzqtk=","526":"KXlVuMsEdiTZWRyNy49x+diV3GNyYEeGZNPARtR62P0=","527":"KJEDbSnvC1ccftsXK9aV26M5cvoEIYrjqDGkLQ3poyU=","528":"SBIAzjKvwRL4u/RwFbdqh3kytwb0GjEv3c63k1sSL4k=","529":"n9/XiIp6Jmpq3ebWWoX/xnqCbwdA2NkU8WeOVLkb4WE=","530":"vBnVEBpd0lQDwXxrceGOyRJQ8MOSVRxQom6KZtg/lX0=","531":"VnWA6ngTyUK6T6Z0Qgf32iAByvQfJzzLuV7HtKu4iJM=","532":"IG1So67mx5a6FN+OJli1V47ple3tXoWgRILelTLODkY=","533":"G4kcztbn7EEIF7Gil7IXw99OMCdK3GF2bbmXH/L4Lv0=","534":"v253wXzjIJXiPdDaTAwZzGqwhIGYXbv712XwM/Db9wk=","535":"6DczxjTg+uzLVdMjeudDpgyrf61ORlVzlip2nke5y1k=","536":"pn9Yvvd/0SfUcny3pj5p79YpEJnFeGDl/4yq9bXVQWc=","537":"CK/oBfkrg5hp+JIfhvqWITHUkp8M1suopg70afcYwLo=","538":"fLmMZVuD4wnLH398MT9rnKDpRXLl//91QY9ZIoo5AO4=","539":"epc6WP7mDXvyVg51hOsAAaru8yA/p35cTimiYdpjOYU=","540":"/di/5TMoxBQ0Y38SdmHocD+5v+AlQInj0kQSpOQs+Ig=","541":"bU+V6z1x9zp+2Chqa1iU1tS6Q3PYr22xqbD/BexJDJg=","542":"qbABqQN2ZaHYBPDWAV+o1+924t2uE+2M1kYn4DrwYMY=","543":"s1RqZxhQOiU9hfJuLkLHb/R+u878XoIYhpOCy/CnIo0=","544":"jwrm+rgtslaa5HS5sA+YmD9domGrQClLZDnXid50K1k=","545":"fbk8xNeJuyl2WSq+K0HUSBBUeFU1w4mgFdkk0LiaR+U=","546":"rhSyvnFjce62L5XFtGiR7wre7DOPfvuKxOMqqWiccxg=","547":"PFFtyZeuy7OJbIke4R0rSu06anXyOfOQSaOZDC9OwVg=","548":"WSCXXqF1bXKVdlV+0pQ0i7HemnjGj+Si7+wqnT27a7E=","549":"Xi7S1lAap3hSKUNDjaYx509Kg5tVS1hhj8WvnHppJgY=","550":"rDcjPfJs2nknmCWy3z0SrRNpFgPnbzEb2DxTHTFcekk=","551":"Tp6M13qcPQyPBirD9/9W2M4KlyCYnpYRmyzPbGCPA5M=","552":"5+lJolrVJ6o4NWs4xAa9k53yhb5zKKPpTFbLeQC75zs=","553":"ISDzePGAldW3HU3DLbMVlU3dhCehNmeOERPYrQ/AqJc=","554":"pmgNOV3h4SiByd6J2ncucAAJ46zPDARPMqCZoVT1jPA=","555":"NOXvJIHKL2nci4HPP6iqpVemdhZTKCjdEZtOnXemflU=","556":"T/ty2dRnHy8CbNdRErbJ+6AKY9mhBK4VtXIEMRd42vs=","557":"33n3JmpwghitIQ9wbeKj1bHn6oj34ufU8k55HLeK72M=","558":"Ej9oKMmfbJoQDXSetYjAa3wiVgc3z0FgzjIJKFklH2g=","559":"8N3gbBiudXe3JaeTDwX1CJj+b33Ao8y5hcGd1RSnD4M=","560":"796FF4X2BWqpmNUjFHJznqseHLHgEqbZlZKGY5Ahr7A=","561":"f2SGg0x623pM/8ZnDVY9dQR37rSUAwmTYZl0qIaq9/o=","562":"N2TfD7ms8qTkEXtJY7q8ju6hpbGXWZpnC6MzzUO/RC0=","563":"nmTwt8l4lsI8lqh1BMDtMqEoJzYSTzGnDNW2l8unqkE=","564":"zmDlfFb9gpEVbOVdkT9RUEUQWPmX+q0r6h/yuMWLfSI=","565":"gdW0DRKikGsq+QP/gvUhhtrj1bORVkA9r0USJ18wxLA=","566":"WlZevQ7xPfnB0EuH+IlrJDa7Xmanmnv+X30ING975AI=","567":"5ceazjifj+P+YeOAQ1s39P/ZH9zumRerz7PEE8J7jWs=","568":"LbudkJaYGBcIwMVJR/q3t5fso2y2lO7GpQMT7DsipWw=","569":"OxNpdX5kBcowJsdfkqvEZ52MKGO5bzS5B2+nGf8t9AQ=","570":"x7XAReCFK/o3iNRzxjHU9YG4Ce4BKeq9ryNkMLDwVnY=","571":"SLuCmWSkYnIg6Pi1gaUraUKaQo6j2HZ9iWeKZ8DkbL4=","572":"XKKSUnAc0VxNVgirfJZQb32wX65k+CIOmU4GbYlnwGY=","573":"DcJaUFN1WlfdJjazfUmHZBwTc9rMyhTShTgE+kv8nGs=","574":"+B3J0f9U2PqTAZgj7wFAjIsOfYIAy4FY31IfIXLWGFE=","575":"rICRtjQZWPj7IB76oESAY/yRaiBaVGvmxA+vCizuhlo=","576":"KraZQoVL2M7xN1zIAZQJ4nIFDcM6fD5UUZQHe86OFaQ=","577":"bOOIkCirv8WSD0wN2oIZrmfqAPKX3LdAfW0pmbITdxc=","578":"zl4Jxemz9w0pirczA+7rp1x3hcC4nDn6HA892TTf2Ic=","579":"4TJ9sPMQQ8nPh9dWH1JAzvdhOpDqYtkqLk3hF9vtI3g=","580":"jWRSQLZoxEXtKuSqzINhx/M2/LoR7FZEPT2cP77tpMo=","581":"f3BH9LtiYIjBkS/NUINwE63swURJNwcNcO6ciSK8Kiw=","582":"SrDjqxQ7+bcu+hPME/AWL2ITPGO5EIokEKSCdznyGN0=","583":"luwqGojxGwRcI633Jcep+jiFkCkEGh0jB8Ed+6S2C5I=","584":"hL6Hs8RnScMDog8g2R7cUIM359V+NDWObQxNw8JmDz0=","585":"gaZ6G3OwplmKOVnxUe2XRd8bFiIMnUr+aWtozMORIWw=","586":"iXL2TBlbT4FR74lLXkh+xXPu6EXBo6qpaMykee69KJc=","587":"j0lIb6UmzZUJLTyc8wj1JPTstuc3blAZo/DmXOt33nY=","588":"P2rnkC1nYMstQxPzYgQG6DsqI3cy6DEwuQH3P4GRw6Q=","589":"pIxJggJDdI8J6Lik9l5rALkdSQLqawqN+EO/ZMn153o=","590":"Z17/WQGcqwFpFydiji79Ruq+1WzoUDM4Pk1nAmqxKtc=","591":"fvp7dFPExDO//xtLiICh313uRyexYI/1PFfdCkyoh24=","592":"Gq6Tfhyw4ISCPAwCg3dqKmcUgTmIi2oBiwJUkmqRMN0=","593":"Q52rZFgVbTqFBrGEs13nXPkPCFoxjkYR9LfZ8M+Gng0=","594":"Fx5uXHwy7KZe4VuldcABoCVkzOCMMw0HD5i5HKMh/QY=","595":"YEya5Pv+ghPIC8gg4MKPOce94X8IVNRjoekA4u6yeMQ=","596":"xaShH1ipjbvkGbKnKefMYSReIueUAUmnYdhmUEfAv0w=","597":"OrvWXR/NAqEXLvb1cBkCW9h6iCnA0xHVjJQztjHWzCA=","598":"k5UcBSsPsZUdTWe41B+IKb+CdWyXXVZTD0DroWdjEuU=","599":"ktbw+bOM8L0RgPDxH6coOHlIZNm6L8WsrxVo/Q1WaJo=","600":"MVuxbE3aMwmSqWkS+K9oz0hl8ofPd82GVC8iowupULA=","601":"m4mrxTTLPzs2Zff7ceOnxNuPTjk/GEviD4wL1gl8FrQ=","602":"bo9IMsvHZLnjzzULDOL55ZaTXSNy/xDPRg96iu7l7hQ=","603":"GrXrC/WPm3ogG0rOafizDpSn6REjk33987w59XIWCak=","604":"MOgI/HSKu+X+y507Yh1kqam1lPDvP087P0W3ZCMIWCw=","605":"1a7cbfgeIw+A7VT3oaz6/6YKKx75JBn9EervRHxn7k8=","606":"FOxmZBSzBpXeWCyXP5PN/qAayx672bgdDZ5um4NzxwI=","607":"+z7yitectXyZ9u74Vmk75yhoaQRpb1UagNpSPTHf01c=","608":"1K9GJzQ4m/l5krvWiQr7RTVMWCwZqt6Oc+N3jC9/xv4=","609":"ZTDVg7Veo2lNzVCRwqXCe8wXXOsSoY6WqXaT6u/9Mx4=","610":"JLgY7aOSBtVQ11omCFLyMmrI66EVKUhTvWHK/Wa+qAA=","611":"OkiM9k0YP5JG6sLD7ea1BgSqrNstEyH6RcVnf1a24vk=","612":"brGdasa0AHh0nmsOUn3FcK2lNtW5ExOoBW05lqjZosE=","613":"36kWGePjqYZRKBTl0mt3NfQ8414mCEH04OEZNX/DRZo=","614":"2XjqIJlgEVTVFthGCcWNtYJ3AO6e+C6VWN+EiRmMgGA=","615":"pyH/vnnQD4Ax/YnQl0GmPD8KScAg9tbdrBgtM9eoP7k=","616":"nSpy5mqxBMvzw4Ba8i+1ehY2hDp0Hm/nj0cE6+HBp14=","617":"7KVwpKCQntPbZCQaeJmCfk258KkUBq2CvTolzgV7Jh0=","618":"N44w+YksYufM4o35CfP3EpoQeDpXojoCyyMWoixCt5M=","619":"Pqk8VjKXh5fOa8J/VbhbBvmrCIJSWc2QAX24llrigjo=","620":"rsZc+0QuGlR7e0YWn0A3MpWw4RAOtBqvIoJ1nYhT0nc=","621":"rCK0lU7rv8t51cjXThnGR6tiSRegJs+E+azpnHwU278=","622":"FurHCP3qpscyV2lH0wkVmr9PwRtoaUR29D2c08O+Dro=","623":"0VAIFUWrsEnyZNC35c+8NYfIPOUzdim5rA0mPabcHTc=","624":"W/P8UwdI7lQgji45nSzVRzeZne1dNC708nnkUThFGNg=","625":"nMDiCcl2juQarZpOpO1RMfOl4wydfsE0kCt99cvrraI=","626":"CaQOm//G1CNGMuPw63En1Vt3V8isa4LtKtgiYzEdNUI=","627":"tIna2G3SICPkkMAA8FGIqfWEbpSN6i6GqjJ1dWFbSec=","628":"KPqzJEUOVAsr5V9wVZdEJwMIJH2Y3fsMHprIenip+M8=","629":"8ussq0xaTXX2Ef+e0yAnmp2orQTbZG+/PZ3K7bMviW8=","630":"gwRKk2DNBcIJzrC3iwmJbpoIsw74icRHbrhW9+xDgt0=","631":"6aTUVvBOJC6+76MjKqixasZwinzaEq9a5Rz6kVR0HfA=","632":"RYMUIkyHqUVIgf4VJsn+I46xdCy+XB5a+3zcHtsqLQQ=","633":"yKuQOk52mijjc61HefNEPuVP44JsHxojmsb35pGKLN0=","634":"o9RXyMXA57JkAAR/BaY2JYA12RGkstOVEbcDryvoy5Q=","635":"Pzj/J5bd3He5x2pjDsbyqDE/OAIp1t9TuCKnW1Jl/qE=","636":"7VV1v/HbPRl/dqH4N898DFWBTY59Qr3EeAGK8u8nXcY=","637":"FmnxjqXy/Qi9FWdX1Se8gDeb564aZ4FG5dguthJLSNE=","638":"eQQcViV3JozIzeSkR8ks0bn3pFz5I7CaBa0HBmF37Yc=","639":"szGwfIW/sB8xvxutkW8SOPHG8aDP0saJrMk9oRR67hc=","640":"LsSDUoibzkji1mPRjgg1NSos9T/X+taz6Kx30fff/RQ=","641":"9080rN2uyQ/xB6x9qiZwwhvlc33o09Fas0F4tsxJdsc=","642":"AKEMorlR/uXUSzPQNnvBJOOpchx22WVkxYQGmjeM33U=","643":"37jvwNrcuD08NpvCVHohmPd6SHv/yeP7y1lcy8mNzbg=","644":"ODodmhTW3/ZxRymnspRYftmrWa7xXigUyVbve61oeNk=","645":"rSArssgSjFzpFdAyJQiTuxcPaAzmVc8ed+orwEQyLLc=","646":"GPU8Ci9PMEMPund0gldvfyRRVv8bP9wr3+BP4XkgxYM=","647":"R/IXS96LnVVjm1URoD/zfqPd7x6QAkCZ1RNuaaLI0iI=","648":"qqCr8M8qEKu9Ho3PzW1C5i3BHmhU3Gsk9onSo3k1Jvk=","649":"SQuPNH4JrnryuRCmtwHsY9sSbIMAUcw5gmpLz66BIx8=","650":"boZIj6LV491LeRXvMn5nK1luZP4RTc2g8I2xeNTO6tM=","651":"hDqhfBxE5kwpfD/9J+Uhicmr/jpeny0jW7A6Ol/nq8o=","652":"jyXOpzPfN0suj8T9ylH9RZCurwApSnahFbCaYafEcRc=","653":"UZGcvWRVbIiKQBEMFWgoR67mCc/iFjC8UC+opkBImKk=","654":"YIKDo1xGGJG2BdrsC/l6RBq8B6wzJiWOwr4IcbRSwA0=","655":"xKx9zFfbE++iNzIhxMWVb8K5g3jpt0yhqdibmWG/w4Q=","656":"LkqIreWTpSg/Gny4Q7c5+FZTzvG5ADtyf4EXNZejI8w=","657":"QDSKyE+x2nX1fDwe9CrzFrpEON8dRD77Ym6Htx7zFk0=","658":"UGO+LA56h19OEaEoPv4CxBEzChN34yOwjbfsMp6vX00=","659":"r3L3xJh+XFe8R08bEEaHBmf5vQ75t+0cmgcCedZM+7I=","660":"djaj62Y4AOsbqVAWunttGRU7yY3397YwpetQSigXOZ4=","661":"0eVG1cEnrImSrXwkscrbf7RaKdoI9JC5nZEPz0PlEik=","662":"Oh2SNatcmc99lSeW6XvB+ubkEVypexfRDiA7zPNRlwM=","663":"p9yGSl4IDYZEITQ1ih/VPGvXK/5aPuHlLJb4dLrXjUc=","664":"Yv1Kouw3NWat6oUvbC9gkmCWWj0eKdyYgrkTD/QOBo8=","665":"MWqFpScPP7uKQFVvAfSBL0/lrYtRZA3jH/eWwvVCxzc=","666":"AoivzedJAvDAKNgv502Z3r0Y6G1W8fmX3t2rA0GDOLk=","667":"t8D47YRhvATJI89/6Z0O1T3vvuLPPA14ArvY+sLrBWY=","668":"iOOhqJAoZf9ipVMwzvjetGwyQZwIWVcj9mtDQmTBRAw=","669":"BW+Gc3HfuBVImpLVe75zFSa288uHH1e/K3M/xO7QcNA=","670":"yN6KSGKne9+87wtE/fq5bBIND+BIsKPAHagIHrsXUgo=","671":"LmdraG/Y1bnpiywcaGH0ZUO499FpFOS+En7zJ0XXG58=","672":"xPuka+VHP9/PE59yJUwVGthppbIyxtXX7kad+/dNI+w=","673":"I/vCSFy1c8cz8cI0fmmwBKtYEye9hV/tFiTqAniDumI=","674":"siFC5b9gWjrFdAq6AT5jnNvXhHa1aHK8WTflWY7QKUw=","675":"D98/9FhITKJDOIFivMa/CKHasknTHTHpvRlAgREn/hM=","676":"/d0E4TD5hhMgRTB1I4Ph8vk8hxqRUqimi7Jcl+Z8K1U=","677":"I9Eq/c3qrZBg8HZSSCJ7vo8GWIgq/jw/MwXlngW9BDI=","678":"GnOY1WBlRBuvrUrOl2LlDh2l34c9TEraWqnFe0zxPWg=","679":"KMIvv4IcQ4AH8YVyRuIXeKw6lY8LCFukIjLezgBzg74=","680":"flYUV6KZu4qpmv2C779PPrkkEc1EgdPhCs3Qgzq6z2s=","681":"71BpT/XSS8newmigflNm/iYdOoz0HEAOCFH5cDvRPjE=","682":"UuV2Cb5+u5kSPi82xOjBhcs7HsPDx7Jf5ySVC7yLYOs=","683":"X/pGWVuiqYntiB4dP56lNxGXdw65oQ/E+5b7k+BAwJQ=","684":"93/Op97SjpRP85iZm2/zlMREMIjEcjqPyeqpyoeVSyo=","685":"geYwbG4T09B9FA5Q8+V4928IaAWxw3kUAiD15dN76ZE=","686":"BauMt7lcqbRA3XB1A4PxBq0Mx4uE16cYRySOAl66ROU=","687":"5+e2hZHAsL287SK7DjOlxAfQnq6KIodIfB73+n0CyZE=","688":"MP4GAOn3lmlxNGf6evY2Vl6GB5WBq8X+DF1/vnu0KzQ=","689":"xnbkvUzc90Ovoj4S+XSGutHHFxB9iiS2mG+PNdxFZG4=","690":"ZzSKJWBlA7v+3fW5FxIDCNHPegmv76rpbnIy1bqaLj4=","691":"Ckmp7bzRtP+DQK1V79orqIlPf+1MiPhx3EqhK3iNt9U=","692":"zh4YHH4gcTmvnhWwnVr6CSfi9surmf/vXB35oeY/l/8=","693":"CXXZxJpXJ/W3VLZ0mcscEzFJhNWwHQx712t/oSfkSBU=","694":"DN5yLrznS984epWbni+DgX9HnsbWKoTvXHhwXUlTkj4=","695":"/YeQKCJW1NX8lpBQi8C6Bt4WtWL7wUPKhtit9pMT/7o=","696":"uGUNJP8msaDV5BWziMyPUfzaEYGKxVjb0e4o9w0rDj0=","697":"QQ+lo/+864QK924tV86Djhgkd6nU5KUpTxrfrP3ziP4=","698":"020Rp6dQmmseTdRvft81pP8hWC9EncL0QQh2JG2T09o=","699":"eoSetYJsSOnpXOYGW59Dcb9Ag206ZmKjenDDzANBEEM=","700":"bR2CY6WM8hI707S32IXcvMAop4wopVFb+UyoWTVAgPc=","701":"y+hCS/bMyQp27+4E6xbvHuhy4sjcLDcLzJhc7v3wRhA=","702":"nLDKGhD2SN9j1o8IVeyF9DeEaC4XKL4aDZXi6lpQqdk=","703":"5AU80gpon7QMf6dVCiBFbdenpuDCw60yh0uMo40lKo4=","704":"dA3wLxlFfFh0n2zBB88c3Nrq7e7HtF4gJmpaTZCVJQc=","705":"eg7Mu+fNx3S3mC+2qR7Jd1alphLnD3DJp3QKb3ZsDlo=","706":"vILQy2uvMsyT5aQ26Heua9ExXXQ35ALYEHM8DaXI6z8=","707":"hNZTaQm6Uh0ZALCEZdbxCqd+S+iazHYkCjnV1LROEQs=","708":"woEZc1TJytg7Gn1SdQcYyLM5peS/LlaLYE0mfOkeHM4=","709":"Bi1MkffhCWmfGqLY9bFsb7QJSg/nqj9Pl16XNTAPd5c=","710":"xd1D5RleywK/C/+3YMHj3K1vgrp+Ijy14KBVQZPkbkc=","711":"iKTKBEvcDbyOYGAI4wYeBDfStAbiVwwxfzEW7LhhdCE=","712":"jqNqVl93kOHYNG4Ap1KQd2zp11gHtR9XrhNTwsTY1/0=","713":"WU5F4Sad0/cqCwtQtdLsjYN1qYFsfQhJvg0hc6wHSj8=","714":"CniABuT/3yGGYDxcECgMoZdha/I74GyaJYEmByS8zRg=","715":"I6/E4bNoiIRxirZirHx/c+tKJu9MhMGRFYenbPG7yX8=","716":"1cBL68L6XWN/nqN0h5pRh6zEQ3LerICyVxz0WFHvGgU=","717":"zzfGbGiv7RddURQQXWvRbyKYgi+f4gttDawCTHYuBrE=","718":"OeKLmXzSsccd6z9HMC0DV1krLo+Jg6eqmT0+QIn8u0I=","719":"vtl2Lx+81IeRyzTXyBf5mbQwj7cAOYkoYbtnJl13zTI=","720":"wFl0YdqyUqC8ZTOd6kMC/nZpjfXe0NAi94m9O69kt8g=","721":"+ZTcouRIsq+niz/Xn4J/MdVdDKdPo2kNiptZe5n5pjU=","722":"lcBy2kICPWOfz80YeDf70XeIZ1ZktxkjWFLByrwiYJc=","723":"xOuTANv+v/AQupzpqtaS1cb+M5ag2XaFvDsWzm5Ic/w=","724":"6W7DHaLMgPbUHDe+/xEy/Rnf+3jmnsCROccLrDh6nj4=","725":"Rfl5qBlVMvznt1X1My/YWXg1ZOFOXhl6cto+SU+FPWI=","726":"1/5YFli1k6m5Ce0/aEaOk+VrjQOckXwe3t1V29+kd80=","727":"rOkLYU65pRhj4m85gaXhZkv2UBkiZMmlga/wS3YQecA=","728":"sFtnAcITn1hqu7e6Iss+16FHXHHNJvSRcRKhgHtn6ck=","729":"xSINDIZSGxB4xHUH4b3KiqFNRn7f2fNtZKhQX5UJA4k=","730":"Cf3Yl1CQGARFkMloWzb98Py74e6n+9xupLPf0CNQB28=","731":"P+nJ7AkuHyjJymN5i9IsbOb3kE2+4hy2/FlgzuD8E5s=","732":"iyVg8Y9zziAhZpInnjzfgrmQdAjq9J9DL4NeIdEgsBE=","733":"QZ/yxVeyEUXOc9o7dMpBWZR+nKTqos3kd3kJSGn45mg=","734":"MwJRZGGQP7mETdJJTQAkE1tV75bEFpicz/7IMTccij4=","735":"c6XRHTbU5THLjkWFwveDB6A37CQlTo2fpQYTRTMUj4g=","736":"1b7k1ZscYI4bb9z/50KU5r0ldTrN2W/I+FUY4j2VXUM=","737":"A+JWoWW17SkiY6Qte8CiVxFWBfI1mgI4sQdtl+KJQ+c=","738":"8tBKDa+GU/Ndbm+uf0ePHby3WBLpjJdqn2YX3TGUUxo=","739":"zOPkXHyiZqa8GPe50LSvS1Xyi/wG9m6ujEwUoWp9z4Y=","740":"dAzY7rWH9GMJq3CvIke2OlE1k4vMITqy/QH+COGICCs=","741":"LHaIt6rneUfhSKYe39DoivKVBJn80KKH5KDn59IcwTs=","742":"x02BIfbo2ukl/ssnVbPmvp4JIF1382zh6HK1aNMsAEE=","743":"e3BLEGXSG/PxlxNnqKrsrlt5jR3q4dnvyPz2hAit81g=","744":"44NXWwQbej3ebdxcxjrC/QZPKEL/WspH9IUc113sQSE=","745":"sbtcELQqdMxv+qNb+tdI1l3Q57Z1nJUm1bz8/oLoq6g=","746":"K3+P69uU9dHTWbKmoEpmcj2znmVJ1mtN/Y14I6Uw5zk=","747":"RrYLFDfUB3OgABjFVSjJc0tk36RH0JOI7LE6T9/oW5A=","748":"0+4il24zHnhkBEIubgr9hT1JxdBbTG+VjhSsuJn+X+4=","749":"m6ta8vCMJPLarFRKTmOnTmrAxCbUybyKKLlAYucRack=","750":"y6lQfZDA7cEC+IscDFdc/tlV1b2MjtxHMNiv51qQYzc=","751":"vDAXmGnOdZObcTNzywq27/VkIeaM/4dzknCr94O3ZfA=","752":"CcTAP8lNGHSpNpMmaT/qz1bRnqrs895h3rT5vA16SMU=","753":"GhOCIUMnS5JBLAnK1ehuEp1JOWG36MaTVYW98zlSucs=","754":"ghPwsatun46/0LSRjLB37RVo6jqbIHeiAq4DHDD9SSA=","755":"QyXjtfkPeDgIBezwN34EFoJNCxJk4BdwK9wtUzhwkjg=","756":"EwgKOE4s9JCToROb+0NdlWDJmSXyvdbYOoVBgVnZWGs=","757":"GVH6EXTro8NcFzfvV70rPAEf22gv4Kj9J6vh9B0UvXU=","758":"eCFbKwI4Q8fWNWK03SHjQ19j0XND/7VZaHGEs7CYUbk=","759":"w6bISXtRK6KakycF1LZU97tTeDTf92wSrkJAyeF/h98=","760":"06MIC9FtGJ+rV9hhPrW456+V0KaVI1pfBJ2H2sRknOA=","761":"u7H9BpAHCl7LNBOi1BYyytaK8T5qClL7vapDwaAPVwE=","762":"yV5U2iyU4uft/8USF8fDklnDaDncbBsGZ0hhXKmnblE=","763":"yuFA3bRFDXwuskQspU+8PF+5gA/8NblQdwrhQPYyhGs=","764":"mmYlZH5aiC2ZavMWKgjHPXENKfIm1kpOG8Gz1PfhRcI=","765":"BPusEH1FxXcdw5bd+noM85xNovraxjqRfjqJA0NjZoE=","766":"x3PArOxCtIViwgISO8E2VZyspGGNV3+CY/gOt6mKzhs=","767":"rEAdJy/chrNTjTJPALgyw+7FwelxRyiDeje3oP6hLxg=","768":"XzvWSIhUoNsk/Y2mWCGtDuPBcQTIo8ClLtcz2gyQAFg=","769":"Fa2PL2Z7r6SRjSic3f3hljpI+RYiA0srmR8emesyDl8=","770":"mY/z1aGXVrMUPzFVqGzZLpQHBvi4U6nfEii6/wVFwEM=","771":"/mVb3gokLCmH+nlLsghoLQDNia2SmDcbRCmnAxNeC+s=","772":"MsWTsus3Yyvh60koWUR4AVphwzufmROMQXjWx1R0140=","773":"NuR8Lb/RgAFGXJ6jQm31UXFpzbw0XWrT7MRgEZTqQ6w=","774":"lSQHJXzl1J/3x5ek6+5yRxJtVPtsBMB59g+iklfU6Cc=","775":"WfFx5yAJ4bDljENasvCy60N/U+5I81MohMf3AZ0jtNE=","776":"/AdPm2xzxvZMoJp+6e7MTl1oD+JvLDI9svRuA5PsD8M=","777":"It/eIF2MPXnJwbDNAqt7qdolLeC5u/vQDkuSL3PcZmk=","778":"XTr8lAWd9NZ3Z7SOgrnyhsC7zsbEIaw4PbJNlj0Zaak=","779":"tRHwTI4spF64p9HEKviPiGzoIUuP5IeOyHNzDdAARu4=","780":"GwGXzcH3eDqGLm9UZcuX0nqeIrCOPLLyzDni9S1AN4U=","781":"pFhXDGXQSvPiDOKWT9VuYcpqcLHZx6HTDrknIP5dY68=","782":"1fXt6QYRkC2fPydBactzgtadGw1VDTXjFFT+IVVE/DM=","783":"Px0/GI+VD3CzNeJbrel0W7+NWl/b41/bTbvgsrl/C5E=","784":"dnqH5s+CFgswfwFfchSb3lvZcnRF1aXjHB68WjqxZ7w=","785":"/fOs3b7XlGgEjPq4r1Jh3zCG6UksDYfyRiCnbKWyCS0=","786":"gQvx/B6VURO5wH+ojv23sEomwIAzxpOs7fAJVpZjeyY=","787":"Q57zPVjyGC7o4BmoL1fXDcBJp0bU5Uk9ZiBDx1oKRUY=","788":"HpYR08fnrF6j6ptJWABeM37zZQLo01wUQvHDpRwrRAQ=","789":"hymv3wQzDzlApaVxFsiPLZmW9kK4ajqr5gXLg1du6zE=","790":"z0phdUtnOWJ7y5WZ0PzdBQUtBLJAWmjcusViCcT1geA=","791":"v+0NIWwPzN/CcT2rTC8kv//BvABTps36S/AxzhWf9MI=","792":"Dork2zRlGXlpX1rlff6kckS+US3xTbAljJmIIZXxqY8=","793":"ERMKNKYzrOEmhAXT5WrX3b5FHwTDBh3NAL0VPIuOzLo=","794":"dYSK0P7uCSzFCJcdGHbHndfzXlft1qPd7dlWCslzmR0=","795":"Rgk3fuPqzJ5jp6HOd9gQ2zKVizUjY4EEDAuVPEWqqaU=","796":"WUp6HfH3x2R3ejwox7wOGWEbD5Xn2IoFw3Y55QrruQ4=","797":"yy0X5Qx8+HFCg7BGLfeDzoRS+uKRBKabxTh5Regr6oY=","798":"L1ukm4SH00hlC49qq9FBA1MLHipStlXERK7cohEHAVQ=","799":"mWtzixECDil5Y6FeIF4VXLJxw1vMrdGn52JU2XvfaQM=","800":"SRJVbhChL9VJMtbFfXA31MIeNtssv0hsvfyeRCoxc/U=","801":"jcNY6Faeq+wf2WpnbAvyKE0aqQ8MQB3Xerb1uWg+psQ=","802":"U0p/SzcwlHfWJWhhhTP+5vEVlzV0t6wZTYig6DC/BS0=","803":"YzQgQ4OkklsjXjLJgtFVg694MmwoGwk74a34z/aizOg=","804":"LzgYqAy6qkZknzfx7AyGy5R/eg9Z2A1hq04y69+y6R4=","805":"zWiZl22ZByXv/V715Gr03ETkwaSPYbaKKHbiS18t+hw=","806":"AfRrV6dd8Ikn9RCYqhdysiBL/OitvCj08C7VaBCUd/o=","807":"a+26Yx72VO0/evaotfJB+VckVG23vCXn6Vue+PpmoeU=","808":"7RRRD/oCqTJbkDJvFOxqgBpLx3i1RDWSKj9ErOzCgYI=","809":"wZ7p80Hd9aJp8CheEU4iu6QaXSbRoqdjS+eESHNl0hQ=","810":"Of9pxC53US8VAe2RFMBr61wO9PiMjZMb9HW2P8MpBdA=","811":"jyUaktKfH8NNe80/V5K+1wMOJvWL1aaemKkBqpUf0Is=","812":"hUCzfa/C7LlV0zcJDc+3fSD//h/nbZChu4LvI02kOaI=","813":"2gMm9qdQJ5v7Vpm/znuOkRTm5Vuxu6o910H2tWRyzbY=","814":"a/ZqfQbbp6VuOnywtug6KmGEpsZcxyr7RgioALPQSDQ=","815":"SJbrsmHP1hEVg4SvjJhV3YQjeYgliEwIlasOvxPrDNQ=","816":"iCYEZtC1v65OEdD9ZVaoMqwpDtGNuP51xCrPpG8/8MI=","817":"tP5YPvL8OBXhkEaoGnpc5xbgcoQM+x/tBdUmYJbVz0U=","818":"qqCtVJkNkBtGseKL9CA1zUfXPVBeUt3MrDHl/uMnRYI=","819":"Y6vJjxVg7k3acslhKpPFCwIjb4HREiWPRM+t56OHvaA=","820":"bKxZhaQefvbMFN7ME3+msJoG9R1lfYaH5wEWk7DM+ac=","821":"/1YZD67AgcsbRohLDxpDrt/ArSXdpGIdeYnbNyccz6o=","822":"SJY9NQzo6rtSjAj3dmCpnDECPlBHXuDzOoXUOYWtsZg=","823":"i7AMeA10bKZC0YYJvh4mB77LKtx+9ybNjuf7+lJdLaY=","824":"zavCL4DhI7/Ei0Bnac6dl/llMZ4+HWBgMAFBoojZoj4=","825":"vk3cd4xsraUN/kz/vpXN4hk7asiQaTBQs1FDdbFV1vI=","826":"7szjXtmvBM1qy5WXJvV+mAXWMwsEUYV8IKVE0YCvhZ8=","827":"zRHCfFc//jMwM1+Mk7YFTpNH2J9Rv1GAgBxJjN/y9gA=","828":"gtavANdtK6X4TbhE2g64zLR0AscXw0KOZRQ8OrziNjc=","829":"s+7bddWzsoIC0KOje/xodgMvt7RNpPZ5iSVTJV39y4A=","830":"c1ZHhw6y6SzJATp7h/qZH98tvZ5PX1HhQpiiDokA10g=","831":"h0De22qXmigMIyA59pMubLw8Jy9WlWcRGI7XmXWfbh8=","832":"WCdpkgipB/SQB+rTC0H7sL9b/GTZWiD9rZ70zQRIA/E=","833":"2WeoB91AtdtOf+HMFNkq5R6ST8wPrQdX6zd/My9jlsM=","834":"Omomde0XpaAsxSYDZvbbNUZZg2iCwI6q9yWMdK3Gt78=","835":"R9MKO2WZ6UwLyS1ckGRCJxwxtUhU6cga8BaqfpFeGaY=","836":"FxMbUGyXrGxQdcVoXXuSmALWaZT+LhPK0FeInjK40n8=","837":"8ucIGUneRtuzL00wudj79wWYX31bRdCbjGzrollJDVk=","838":"oGmbo5ev9mMJS6ua9AQkWYI8syMXqslImsvwNdbzJOU=","839":"F4NOdKYAHybv8Zz5MXt2SeiMzuiJF0gA3RyIOQ0zaKQ=","840":"8j8pMyBfYs6GSVZOtw4XdlKDuwzNGdB2uMjpUQTJZvk=","841":"lHBz5WZvLx7ChK2TQ330ERP+WyfvpNfIQz5w3ruLjls=","842":"k3aeMpdpZlFkpzjrC6nIlGPHcuXrg1Fmd1u7K/VJE7w=","843":"sRbbwnPYKA0W3328ipO01BfAGGurJV7p2cXNdi5vfxY=","844":"H16ZKP290E7BnHphw7j2IdimBBOS9QBC6jjExeucjmA=","845":"93+nRHGJtO+bNEIWb1Zz6y6oGUYWkM4Vinl6zXZwExI=","846":"BgZh5kP0jQCqg2hsGmI4B8gBOzhBv43Wqnu1BCk/9ZA=","847":"OAG+rLhMn8rx0+7U/dyL0Mk9EsQdlG++mrZPOO2QNPk=","848":"iwevr8GcHpDIpczvuobUXidwwRUuP4ESbI8ZFiOMu78=","849":"heOf322cli5OWwZ0Dz0vRh/z7+l6IlkOSS+g0CSxOVw=","850":"yTrkusUr5sNPh+KD298XQr7AapRObkgnY2JXp/jRFlY=","851":"2PAEhm3sicD1uqkwXKn59Pl236TKnT2HGP8rRrRtfu4=","852":"i8DsUrlnIGk8kWVdG0/bvVw+1NEhqCOrSFwDvrjJlkE=","853":"jL95576oLN2Y7Z3y76bS4JWZjw14nqqO93dlAv3r71o=","854":"RboEsJwYT9N52HDhKQR8xw0oBQuLj3kPQPcq7UKZ0ko=","855":"2Wkr8mdk6vq4fGVi99VR4vND8BhUE+XpscHyH8QdegQ=","856":"Qo8GQcdU3klfxqaydSq72/iMZI583I1UdyKKKmYsWng=","857":"J8/knejxnvLX9hgTtit1+iDM4E/9oxcWr0lAtFgDTfQ=","858":"Rl+R8EZ2z3Hw172EcKDQXl21bUZUJ9Zys+SXdQRpVQw=","859":"Hr7KmA+gd7YzM95PnSxw0VOMm8hStNFzvoEI0Dme5JQ=","860":"ScahwBGCFdrul3mw3wytEixjnISaxFLX9tdkR7OxcfU=","861":"CWPEBILTGN7LKpZJMfc8Y9ESrc8y8n/HkJgpxLSQ8wU=","862":"+nrNlQRH2Bon/5/CIPGXHfm/QPIIuAOANQkr6jnoMFs=","863":"rdKPw/QDKZyslFE6zCp7m4IRWnySZ1Gaj7rBB8pwXA8=","864":"c4jXFIZ2/4dwZVKtHqbvBeMdXapi1Qi7Xku5qEOYTVo=","865":"SqbubTnypvo7LfE8T5Lm50W7J2Y+IqVdhCv2uNwUD4g=","866":"EqEOXJ+ITJmFX+z3J5ccVHLKatexrC9Z8PZZkkQxZTk=","867":"4Brt/FVJSQPeg7p3WFOf6NA+HPmKMu5WJssksylVl3U=","868":"yfaujNZ/bJAQlpni7vUFtLu9mwwfxudW56/q6grSkqQ=","869":"z2bYRkDwY+VKXs9Qk7gxudor9O/ir/2kpkgfuL5ADx8=","870":"ImrLZx7FMspMXEr2I/7QUuXp3Tub9zV3UZ/ZO0CeD9o=","871":"AcCLt5B25hUhNzqd3itPExFBmRYxxSnDsc9uM4uXslU=","872":"LmjpRRyR1tLSazJ9EDi2Za0Wv1iXEru4ubtjxZRkaHw=","873":"Pq4/UpOFivdjpvi6HTVHVCs8lvRmNbRS0CqkKtxGxEo=","874":"WqN9HbCHLOJnpCvvzdvX2ybH8r4+JANI6L47zi8zDCw=","875":"3E5r3aXh0HbW0xhbRGcoKx0ta+Q9aODPsgt/tdNq41Q=","876":"9Zl2D7DZ5HZpmqC20Vj0vmeSBmXO3Hxo+/jEz6ECe5Y=","877":"y0LOwNMGFlgSds+LOD58anPt7M57fjL8AXocrA3p8GA=","878":"ZtIZRuM7kO7Vi94M5NeHY2wK9O1gp0xVErSUsCbenHQ=","879":"axqJp+viXje5MgmnzLBk3eKAwvgpc0jd+hzCda2NC1Q=","880":"MzlmibnmN16pHtFU/zLPLPs0C1EoI/iGgAEpsbxzjww=","881":"V5h6BJEq2GF4FuLfm1dlodAktLMApK3QI9kYUGm56iM=","882":"t0PIKQBm6B7wkeawYpE2PBkJ0H8zFUOeHRmYGz8SqnU=","883":"NNSAGq45PnX8RWLZ+0nKAnfJSIGLg9vDG0IrBDPd/Ig=","884":"kIa5vtRzlyVpOqHSqBCIOkPhXv1jt4KnOCdq/gEYgeU=","885":"G4C1SCDoZR1E+kLX/ru8Cwx1MJfZe+MEvr4HIy5BFoQ=","886":"6M76RKhozVLd7Vgzd3r4PFJ3wYtIyYBzVgH+2me2FUk=","887":"XJrN2vldh68jvx/TSBbZ9LddCUA7FZ1okjPOsMmNcOE=","888":"Ufd68PcrKxxdMG8KhSSqtDPNPoszz6wC2HqU2fVtPJY=","889":"VNCL3exV+WskTBtU6hrMaS+FfmMX1VfeH3F3rMStE9A=","890":"oiS2Y4CD3ndLUN8xJrDb97cslFRoO5RtrldggvImudo=","891":"QS3MPfPnV9Y+YiBjneqQMDmo/7xlJzL0E2bs/Y16rvk=","892":"+PUGHAqekLjbIMRA79T2sTpKJscB8uITCS6ZrS34zzA=","893":"65tgRQpSVpaY17jbHif7l1o2ZFE8WDdsVIYsyesCxOA=","894":"YL4OsxEILBLtLFu4ju6afESK1cjsVQ4mmZ9kv9u7R2s=","895":"I2lr+cixDOj6QbyiZjozJ3TLgPgP0Mi815mQUgTOSos=","896":"iwjgS1aw1oM6pM/qm4F0ab999DshX5zGq6OC1wNSWhw=","897":"l9BP+rRbXo9EMXCJ11VIk6DJNt2kgnLJw2iQPB9vijk=","898":"lTpzwdtSV81MWLA8DJ5W/f52OjPFSAu3fQE/O69T/Pw=","899":"A/7GHBWZZzPCcCQSF1UoSnYOfFXm7aQCqCExvWwQI9c=","900":"mtRAJ7L/JvYy8Z4l0TAcxwRO2+HVtomcs6HOh1VrVsQ=","901":"tLdCk1vRgPkrqjhyWcZ7azT4EI+F+vSyrPMIFZKMFbY=","902":"v0gXIXeJkg8HfuZNKnsDPbyE0qnDvt/PMohngenCMY4=","903":"Vq0MucRSg1uH+pwXnWUmhgZsAh+hg1QT7aArdU6qkAE=","904":"3Wp80udrOUHxvQ/346mQobxClXg1Q7BKkut5ryZdOOE=","905":"aRhFzHMN0ubiHtP6zTsgBMUPLDbsWvfAWPbsTryIbEU=","906":"/IPXJhS/xSFWV5zrKHOKfMqTZvZCNP4fsoWOyPAFkcM=","907":"5ZS2Mj1wkL5G8cSMe8CQwBBn6aKBXsSV94kAfFXwOko=","908":"rViv2J0vu0Kqe2pUIyb1sqyORq+ABgSpYBpV6Aus5bs=","909":"Tegyua0nQ9GUDew9Q1CEeeIRb0noxS9gsxktwh3iZ/c=","910":"Pq/E1UzLOHwVOj/sfP8mb1hl6/aGWMU7d1kwJj6BGEI=","911":"lwJZpb2Bss7wACTgiXq7hH4BmFfqPdxO0kNTPt9MkHg=","912":"5DZVtBwM+7gKMbZve11Ug13ol9BzYAT1X5KgYk6U3+g=","913":"Z8GK+AcHWtAOCXfzDjPtil1+wb9Mc9D/vUEaQ53NAJ8=","914":"/JSY2AfbTIVYuAA088OZQDe7k0UqIaEeqOTqcwiCRIo=","915":"EeQsK9YwtlV+gG/iJA9OvFk/OnOl7+nxcdvFMVQ+IVM=","916":"z4gPO/tFu0ywqhkCuWsl8cmFzvkUVhE6pd0niElw2m8=","917":"aRs+e6raPIMXwCUwnM+GTUjV8nPoQ40tb/9Bhfz4Lk8=","918":"0x4Ivo5gpR+MdyKD66vhEthvTRUfyJdR+LIKIjfzCcU=","919":"OgT48UHQFahuOV5KkcpIoQ9dR8Wq5IZmquUNNVom49o=","920":"MZT9k0vBxMFNFl8ktrZiurV8MxwilaFruLBo1FdcVTI=","921":"9k4pKBs2mFWvqeczH2zVniWZDRXHaKYbkxbhbPksd4s=","922":"UtfKGzvd70Vxr+lIC/1nOemBRSuzCe1pCNjtpNm+wMo=","923":"AWKRRx7GgyN30NV0HSFqe9Ndxz4dwogRQeNLDzA/RF0=","924":"cfha+QxD6MX3lDQJyLKnRaN2F9miwQcaHoRU2+aJB9A=","925":"J5Q/5qibyT6gJMybt5//shnmXWoxHrs+J2ZzjzLL/yk=","926":"DyKUaBrCGMoh9ORW/blD9WNzGJA2y1FYjFf/hFak1zA=","927":"gwMAsSNJ9g+OI33u4xJmW0bI1oFRjNt/OXHGJwraXPI=","928":"SGXEBBzkdWonnqAB9trPSC11ghx/Dy0BB7VLVV/95/c=","929":"b6d82tj0xsPV5eD9wAn9zGfFnhowmmHNyUrztmMsC2M=","930":"GAtfUfRzz3YorNl1zigkLlXemV0remi+jhb2Fv7jR4s=","931":"tOZ0t0H1yteK71SRc48gzB0ZNgYhaRymGFhywr6UMD8=","932":"kngJXgX3qTjohJCkEYQCVmafTZAPVuVqyEeQ1ivqSAQ=","933":"O/0WivpUgswgQQMQ8qMvbAcVAhKod+q8ILGuN44uO6U=","934":"lgFkRbW//ltpTPdztsQfYlde16wj6ogWfGSjeXiYLc8=","935":"EJyPlei8C3ZodpVM13jpAkpaMmDpLKSivkOLNwW/6wM=","936":"1YTqHDLYqi8MJ+WVsaGAeJV95cTL1yKDt6p8cs1zDQk=","937":"gS5MlgUDbvSjox7yGziYLoPrq6LTcuHKXSqOGfgSEQU=","938":"pwnzP7qNH02OzHPqPg3wp1oY3SI3nnrq/vX30ZB7+BA=","939":"v0SR2BxyAJh9jmmeY3yDxR3aMQj82qnxHDtqT89uKQo=","940":"TXNhwwSVjkXFDP373cd1omv926zC5xt7lPI9ObKEZIw=","941":"g4tgtq+aG7p9DGlv3EcUzu7kqExn5cQRtWhV/Yv/paw=","942":"t0xCreNfp1IDV9/i8xQqzZiVfCK+Ru3JoF1rm4sSO/c=","943":"TKEbP2U2IIjkzDeO3iqrUkPNRVJHFQZ5XrL3/HQ3bH0=","944":"hhPEE/8KTPEurKG/ZzkFOS7Gel5IONGZqZCGrDm84g4=","945":"XqmB2NNN2Fmvrz74UGDZFArtVGv3OWbSK6vl3VAp4JQ=","946":"cDdDFtXa856IC+PEJbPMMHtFSR9BDrCsHikJGqx5b2k=","947":"RlwKHWBxtzgGoqB/NAPPTsStDwlebMxQ8tLmFDtkaj4=","948":"eYFNiWOGeF4JPCIMJWT0DmdnWOLrbqZFzDAc/Sxris0=","949":"wNKHHtlsykSQdjPm/gb9WgtGbG2joeCAeHOjXddfVSE=","950":"QQKcAgPG7Lq+Ptu1eP59u/eo7qWV9uvmKIfca4ewiCM=","951":"K9kPnF+IMn86fMIDibFEblG1y/UdGYzZF3AiECkjhSY=","952":"lGh6t2uAaHYMQ7bqT8UVb4JfvdNk8sfaOT1wuLySgAE=","953":"0TaJ1Jn+v/3jHJewm2Gx0/yPwDOGrgE6x2rjp1VPy1c=","954":"i5TTC8UXkl5cDh+IhImAf9iiQISnHr7Oy6Yqcb5MNXk=","955":"tanmT/kf9vleDWzfaKSvapUWQQBo/vhEpguowLGzqPo=","956":"Fv5k9Mll/5wxBltF/eXDXRcXodAcwqSQk6QQpGE0GLw=","957":"IklJjp3dcPYHhHmOglueo143jW5aH26eADNZjeSXJ2Y=","958":"pLjRiisvR+7HabqP4t3au2zbo7H3AKrFHk1tzLF/sqI=","959":"Y/AvV7XweSEGF2NYKmtfYB9rNkYlJwOwzKlsk1bfld0=","960":"JrSDFZsEr6AmvmHAX1JDFPQTGOeQqJkpNmfC80RdbiI=","961":"Ol503w6e9RkHBJ2SEzwMywNrHpq9BkRZJe3zJ19CLMA=","962":"I8r0keW4LaDvM5tYqZCxLkfZkQUPxJ2yIulTyU7M504=","963":"cCVPUPgDavhizHxQbw6/MDbMYmD/D2HS3uDGVcWNcwg=","964":"/E2eHfwL+FHgh2LxoFXnZMpx9kZcZFNc/fnjz/yVhf8=","965":"d2R8Y6Bc3y5hwmrTIxb0V1rtYZjyeaL/81SM1qIO3Ks=","966":"JNCKOerTjqpDzc+2FalBxK5jPk19wDr9HBuMUaU9w1M=","967":"+52MC5NWBBjsFWoj5uxQKY9dT5VQ1G1qDNk0O2e99x8=","968":"V3jNTg1TZdUH3ik6eyxd54LdKAan0s27/iffwng3+Vs=","969":"PnV8njMKlyxbIaKDmk2wyr2Z+T6JDMk2hGuX+RDScxg=","970":"IbA9xEXU803NSpfSzsmAeNkJ/kLeC4dcq5CuIQlsfKI=","971":"jmrt3ZYVi2FjI+tdnsl/lG5dCDtVYwjKORR67YcoPzA=","972":"sSHdv0oZEfnX/SNGvo7gPnp/bpTS6yU5Qf2NbFSCJWk=","973":"qqTjmSuu63NSzTd/XzgyJR5M4EEyprM7y53VtANxeu0=","974":"OTnao4f9dsZq48H4UgUdLvYHVUwaBO3Wdir0oe86sRs=","975":"Ot68tWfsTtJCOKNpYpGPjon1MdJIKoZXXkrx0Ndsuow=","976":"ccDa4ICiuGC4Rw52HvxEH9NCQoDZgwitLE2uatZ9A1w=","977":"80kChkFP3CC1y89jXZPPBEp8e0Y3ceLaLLrqbb6psvw=","978":"88igZnsUas7AJzP2z9MPT8PCl+b9wnjBV/2a7QSA8dE=","979":"MJuN7jmGQCozxrLk1QBWbuTAw25/0GcFW3QJ94V+0To=","980":"3sxtFNa1bXt0+/QjGkcLBghFipJiHI/IpS3eZNp59jw=","981":"RmFktmUXotsIXV6qusSIZmxyHbCZTnZmMjZlZnCsQLY=","982":"6z3sUMR/mzTIoKehVO48WeIMc89aTdK8e0fKxzcn6ME=","983":"sDgKqJ3uAMqu+Gr9/uOQZeIno0UA8QsYfbdmhR3EsVM=","984":"HILUKb/yRlzhGBMv9ZoVXVmBk4caAAm4kyC+WdEXzQ8=","985":"mlxRJE+WuNcD35Xv4iyaajmvpK2bHQeNvTqDh1cI8iU=","986":"2awNmlq9QotFNTYBk7Z3bwaJ9E2xcLi4+TvFJ1hGDus=","987":"S++d1fOEhKd2pQEUpJxtKDdcugp6UzlEGS1bXEh8CZY=","988":"hoQajSyzHhTEwXXiQ1FOAR83r1wPDN0jCPfUOWduTpQ=","989":"Hw7a9n5QnvcU9ujCqFPBCFKHXDQILgXstyMtmcoepWY=","990":"JU4IlJkxC+nNkZLTkHHPN6xY7m2CAlE7A9XkEwT8goA=","991":"i6RmbDIJE09RRmAdvx3oZOd4NT0KokUDdyDb9LiCb5Y=","992":"CxYnjON2g+/6/uJGUaVn9L9tsfiMYKymVjeNrELik+U=","993":"f/DDVbAJB3obtBTJ5pzw/geRhyxQxV22WsvBKx/Z09U=","994":"7OPYnY1YXF0wR+gL3DRHMzfN7uOK3ndIS0FiPIU9sLY=","995":"bCB1D0ECf1kCqwvQcpBaLbJzcpIMk0KCTDGxQb9y9eg=","996":"TL9jK/5dkB8frz+is9nWH4ITRZdwtqfQbX/iWdDU8L4=","997":"6Dj/gSsVXtTXSyuBCLzpuEntZjo/RJ+nfGJ4aaZbklQ=","998":"oaWzi3+YDkbFsJlcCPI0YjpWWJ26FXM8pCdFLL8vcgQ=","999":"y+68FXFi+prDIqKTlCyvIFRu3MwWgHV46ZCFTizoEnM=","1000":"7DdKOC+Onzcuh2L47TlFRdcCRT1K1hqYSmCjonqeZrk=","1001":"GDcTLh0ZukaOKV7apDaABDkP8mrSzgOCfWU8E2a+dLY=","1002":"A2qcLycYXGQPZXTnXXasJSXupGaxXN4QmUXcnrTdc1U=","1003":"PY/MDXqJ2u+uMgAUKA67ZfuktRIzMlGkMJbQmI5LUnw=","1004":"AZgmXpzMk1qvuQMojbdE0axz78oy6+/jrqcwuUZ1F+M=","1005":"m8mqHbchAPSrMBTZEERfBPoXjrgmC04qqzxchUhuLk0=","1006":"K5sniKI7GOAogAF0lptDn38vyj2JaTMz9Mhar58vhxs=","1007":"/cKl5AupzgHlSDYNpP7v7TiytYLAcdJf0v545GSaU7A=","1008":"5iWLM7kn+kvsJDBqE/Q05Oy8SVU27GallHUpesMXwOo=","1009":"6+/DXLI0sDsMpDJ13xQiTQgQzYfWAy0Sczp2cFd05gc=","1010":"aaZkB0TOaHz5hmJwrgVxoYZJ2SrVjM7O20RsDKzaED4=","1011":"T12gP1S71DWr2PpcgYNNI3vkPwce4Benl6TvEr1BAGw=","1012":"mnIxiRBU7Hg6OUOMx849stRd6e6eq3VCaGiu7E9KaLI=","1013":"22lDczuLjIcmm3f0iYGL9wGLwjc88XVYI+qwpAbRqgQ=","1014":"2yrSCOAnhzWAz/U0qXvdzIGGQZk3hFXw33OxhG8iDQk=","1015":"dSzki2xELuobOzAcrxDD5++gAVMqGv3Rslc6Qf0qZSw=","1016":"iUDjTLjPD9Y8CRLAfLlPI8cFL0Y5yC86PQvQnY0/JXU=","1017":"SbmnkAToDEmwmiF1d47R0Wc+KwUpO5fCJhfj+gsXPQI=","1018":"Z/WlIYNpg3SXVlZug2V78UpXgeiy4XwinVsT6BnK2DY=","1019":"VN1VgMcoDVpuRNLpReM+DdeM19u4bxhhT6FanOAxKtU=","1020":"re3tYBAmG3GYNln/Ah+fjZaO2GyQ9cno496qljl7ngk=","1021":"n3Uw2KjTmUjG5A89JCJ8UCe7IZz1Q8pIxXwkZZkP2bg=","1022":"Qps+mmj0p6hXS7aOaqVT6zaBCiy+3Q7iXg2W9fiHuqU=","1023":"pd0b8JmrWpbcAHyfdfPblFkbwq0RCEkQ0o6yw/14P7U=","1024":"Cmy8bxlvNFXP49/tpx7uSSlcd49wCx07dinkWFbhtjk=","1025":"LIO9Dam+yCvI4z8LBen9J4Etjvqea8/xQKaEjclD9GM=","1026":"QwhzFmXDFwexMup4+NGweN+5L+vavpyfKQ/IsZSnKzY=","1027":"Qtn0eVF/I5NqLk0TERAM6J/jKXN02izhfhjJVKIsxq4=","1028":"x38scISK46AnDy1irnNsbEqMKiLx3kQN36/zGrBcTLM=","1029":"1PUd0MLtbboP+DYzq0ovs56zSFSpDeiUFQVH02dVo9s=","1030":"iA8+gytvOuMKCMhs0GkOsYn6GEcNvlQjIJ1IvL4lrUM=","1031":"aoNKbiHctAqWeETqutGwfWnBeBynsKWT9N7G5zm70uI=","1032":"Ewz3ZcgzGMoWQIUmt6QAS6fD92/92fyKgGxYnBSJUTU=","1033":"n8PYeGZRcfKuriFX9G+lqWYoCXSgWiBLWuzimrFzWf8=","1034":"HyUSm+cm09mVEc4+VARpq+1GAnXbKk+b1xTxyFiF3zM=","1035":"fIJBYkGBj1P2nEnNl20oaqJEBAhaTpKh+71jFgZNUXw=","1036":"WQmQ3JJj09memzR3DlCJM7tRk5i3V7Y0SgVPZWvrnsc=","1037":"hYTyZrj4RtUDTGUorE3K6WPZq0l+Po93POZM14TkvR0=","1038":"7gtu0e4jq7Eo3xDBFj1pjDP0yASXMYbVxSXGPUtd8wc=","1039":"5699EwcXnR3YoaK4SQldB0XIebQkTOtgNZm9HMuziZQ=","1040":"2+7WxyZOT6pcbmxgpnUeEgaYCcccyXUygHKVCsl9DpY=","1041":"rFo+7CaQ++YMaAHuvqpulZvXCKJmWKys5slFiGpGc8g=","1042":"pYsB00993AeA+MKlFKKaPP6FD4+sesCB1na17dLSMCs=","1043":"EjzeUI0VUQRI3wXK44LVYuxuo1ywHZBLDdF/svn10UQ=","1044":"1YdOLxAEXNWlmHYOsRK6vlwb5c6sITe5jcAoy7bj/kw=","1045":"ni6U0VBZFv0y8u/DFwz7tP1Qc+QVrXqotxpXDrfj/W0=","1046":"pCb/hgXS4g4SJxIAI5STIebLjiZo5HWy1vJRhVw1Ixs=","1047":"2Z/rCRuozQHW18s5IDTN4tP2PKM4nMinUcegJWf2H4o=","1048":"aXeqBbeag3VP4yzm+JjWvEIwRoORDCfmLSRQdE5WLlw=","1049":"GoTiTZFvEPyOYt+oP8dhvvRLlKMxkr7K6Do4mkfvzw4=","1050":"JrMt2/OTKQGI7OVulvMO/PS6YdUFPDoYmXnEi0+b6X8=","1051":"LASFQprUI/8uFsEWP3+gNYv20wITvOUeAhLjbRODqDQ=","1052":"mGbv0jQPrW2urLMKSzQfC4CMPJIQt3a/Li0GPflQYsQ=","1053":"lLtLZV0ZKvumuMMCY9lzVALcFyG/hVt02eiGg6R/HwA=","1054":"8izh2gI25+hG9PkLE7A6VGPFUnmRstTlj3+mtkKGQ34=","1055":"7nCslrrQSQDwyVVr/8cEKHG0vjSga+tPlXlm17Mg6WM=","1056":"DzW3ItQ4v6ERBsTU7Qyjg1puOStOpwKJQV0bGPy6Qr0=","1057":"KZYIa+TS90juJexOm9lLrZ3hcKPe7PBJ4MMXxWHO3Ro=","1058":"A2X0o73lApX7B3Q4p/8rk0Rskno4v+kszC23PtWTsu4=","1059":"BOWpkFOW1LLzCnQt4vTrOgGfel1jAYLHQLs3bgYlb9g=","1060":"ohSlu6YyKh3UdDLvkP0eT+p9bbW8eXZsYASBFkmUgK0=","1061":"A4V1fImJTPPrSlk+UbZG6mL6aPMBT7kOShl9iQbpFGM=","1062":"LrB2yGTDullgtY+/uYutOlaH439Lqi1jVImO7ncSuMw=","1063":"1IVGfAZszLPTwl/i8Ix38dSXQfLvu6EyFoqmq4Yrxic=","1064":"VvzWe9ITvE+d/l9kuAzM9OhJrzTjmBR4XOlVpP+/UTE=","1065":"FWikKSTiXokls7h8OAQetBhSGT/NYaUjzp9OSfK2PD8=","1066":"760vamN2CqvK2mlJuWN2uDkl2SgIMuiCHVmt6pw2b04=","1067":"ulJOxpErgldPYFeeeY+xLXs47KsU5oesbnapk0aQZKs=","1068":"/OCDrCkhMWeX0NfPln+x8gOCrCvPeNn/x1M5hfemlZk=","1069":"M6TB4uBaVuXIlkC715tKFM03l+HC14Deau4af9XYoC4=","1070":"ITER9WIevXnxriV4OFHtOuoTKboKxkFf8q/E6Qqy4tA=","1071":"Gs9Kc1gMCCq3k71of1dLZJl3uNajaD5Bh5r51LXUuH0=","1072":"hLJYbZ+Qax5zUzmxCWjgkK5lrYdQhaBuE/+NuwCOmuo=","1073":"H/rjus4QwOtaZn1yvOLUpRdxhtCKIRdohOcWcUZhnHY=","1074":"eNwLvryrVT7UrJt7E8dlAGx/6gv/l3PVympS/3g2gp8=","1075":"uFMxEsSekYU5fQFH2la1dn2Hr8zJ1v62PXIylRj5bO0=","1076":"CzzXG1+e3y8GM2Sqo8+xwWb4FbxTV+NEnguTVSq1KYU=","1077":"mzfnnH73DhqFYj4H6/yNXNSv99ghlV8Gm6TNcAORbDw=","1078":"CRDPtk5mFale0v74BH2CSG68nUzZhUQwZ/FVCDmZZN8=","1079":"kdHqLZUCNk78XABjFW1OJ34RPYfqbf8pYhhIWRYRiCM=","1080":"P8XVDg+nD7j9EMWTdjQvk3HDPKLlxWKFYeatt1OaSgg=","1081":"w83MHieaHC0mV90ADR+RAv9TXuHVkzHx8sDPDtEs5DY=","1082":"hi/5E7D1lm+qOo7XNwgWWFYtkvjMHc8Gk2pqxLNpg90=","1083":"2z/8+OeAixdPrJN0Wuc65F+7c6KgsVM1IAGZHCmLQa4=","1084":"7OANmkqeEBkrtA8RlmvqKnc0sPiNNwBOeQpmU+Aeemw=","1085":"n6NETXUyK8RSeg8Q1s+tKWvuN36GPCcYfoy/5ZPVK5E=","1086":"USOO61sf79MyNrWJOfXRfY0p+wadn6wUjXd0eR1zrM0=","1087":"t2voMGE6u+y/AgNmvoP8wXR6ivoQQBpa7GB48ZxwNZk=","1088":"9lXZWRfUP2vizszgxZ3lekH7GkFmQ968b569UlnR+DI=","1089":"MhQHHlBZn5E21Lui0bojwRlZvDgwdrIiNJzCyx/Ff0k=","1090":"0vQMBdkksgZDL/KkDUoGQwtpHogzHszHzrvcenjLh7w=","1091":"d0urGcuVkhJ7+LJSJ7FAKag5nynTsY5hyVeNQ6fPCNE=","1092":"6Ft5ww3K9Ym5aOUMhY+yMvNngVC/4Qke3jAtMVUBpCA=","1093":"x1GFE4FGD5Gk3me0wDhK1Zj9zCETYid4AFlCGT/D/II=","1094":"/mi9vBx6miCd0DqZ030oeShg7ZRFB8T/9Zo+9qYfmw0=","1095":"7457slL7xV8VwHkAAtszVyiOAvPc3CcTOEgXQNgZBa4=","1096":"tYj+cMlaLxPXUmT8Bq1yKBDOQTcPTIPHD5JyM0ECnS0=","1097":"mnWCG6DzkFPtFdIrNh5bXTwWE31RSxuI74U1Y3I5jKQ=","1098":"MF5XIQ5UtCZcIly5HSda2NqddK8+iI6YE8gzIyq8E8o=","1099":"mvu5gi4JVsETLBcOEoZ0UyrtyM4SMfdvWZQ6zMcGPy4=","1100":"L4vzwkqH7M0YQb+U2koLPyrEmRVoZ3NhksaT7A10V8o=","1101":"BOuhdyAyqti73HTf7L62HmH/x8zQ28lttZhHVlmNx+o=","1102":"H92U5h5JTNoi61xzeorhAlG2x0jB27EW0vvmTqKGQzc=","1103":"i9Fp2ibvC9bp9OjHabdVpXTcRcOKL8mWxiePMXQ97hQ=","1104":"FOBhwu8s7+ZmLxt/CHVa6dJJY5QgwzsKPSSylfUlzXs=","1105":"mo2QWfnKQ4QPX3wriBije8SFE2Go/0VGEygQD4FZdmY=","1106":"C6CbCp1PGX2lfmhrGLAlKF27T89NlDTvPMZUlE6y3fI=","1107":"DvjHurZXD6dGRe1bhxQ++jJM/neJVIYnIM/wy3tJg80=","1108":"Zn41dmBPhnAsNFj/gPuzpFvud/wqUIsJb/FrgZTlhv0=","1109":"VFFM1BUjpj/pKcVct0jdEnbaB5Js16JrJ3wUDccwNds=","1110":"8/1aIo2oUHRQwkdcc7u7ZLqBXE7ThHgst+FzaUlAlXo=","1111":"zFMRanwydP23mRcYgvvcCGC0Stnd9jbMuSdqQjXY/ds=","1112":"WJy0YGbWaueZ2nLn3Om9M8LxxGi2ChFX7b59igB3oBE=","1113":"cOW3R4HYpWGiIcnBs9wHNS2q+BkAw24lsUWqM7ityVA=","1114":"ds8+nifXvsoymoRTuiU9LxLtn4/rZOiRYNyD6V7+WRg=","1115":"AnhakuZBk7f1ymb2mfQwhc5BosveQsE/5VKUdfKtGQM=","1116":"Tkbs0PWHK3XjrgcG3fv87JMkIDc529MiEhVlng3x7a4=","1117":"DctFVBdXOinXvvA1oCTYCp6sSxoVmFZZ5q86Dmm9E84=","1118":"UOEMZM2RozT4h0rFEYqk+1aLhsusvXw5WJaeEClA15A=","1119":"N/v9Qh5qtfzYJqVnKe3QoAIJfvRYJWO48j0R9hl3hcw=","1120":"W+HFSlm+ziW5240bQC5g6IA+JdemhqpFHbp1CiqdEEw=","1121":"l8xyiTwx039eghAWnaW5Xg2XZ8qVEzoBIJsXfA/zIrI=","1122":"QwMAw8YR1AYH4prd4S37okZIqOX68UHrEb/YB8wRH/E=","1123":"1/VYsvIEHdTl20S9fn+1xqELEbiQofTtPe0bvlUShtQ=","1124":"eFyCacNXmbtC512cEv49CD5pzMfQsAl+xpEF+/inNv8=","1125":"AR8hRsbJIux4B/QiNX9OEhvgA0EYHmuXY3mukrXPumM=","1126":"wO5yW2cwJOsXiaQJ6DN79goNljaqRDYMX7wuvheNNYw=","1127":"Py7WJGtwED8ISogOf5beeG01+kdRc3eqJxkvy5bRBZ4=","1128":"5m9xEKbM8YzrY1wIBhHuh4wIVSpxUeX8js/g6T2k4ic=","1129":"Wwqt7xbzWleDLs/dpZnQES+vpSBCZQad9Ig9rXKzHpk=","1130":"Qbocwpu4VENRD3nb+bC2XGnjtfIWB8fB447KECZV23o=","1131":"W309uui6mUD210QzDs15TuGshSlHrsmo1SsauoRmdTM=","1132":"RWEI4NtYtN/Gkuxu3XjMA6wxZ3HpDye7DBcQ+0ygswM=","1133":"Bw8MzJIbAV7PcN37cNBpmlwNbYSgIMIzhe8o90vaVPI=","1134":"IdBe3UrQBx6PL40gMZxeDs0Y5yDuZkA3hmgcVr2hOhw=","1135":"Kzw31/yPWxlXnneZJsLbW/MNnzAe72iK5EwyLXHfT70=","1136":"XL2KX+NELcm1VSuoLuWxGSL7sfI1/7gHbyGjAJX4b/A=","1137":"GmG0wuV2ayUzfB/M33wVz1ljtIQbiDXbB6OT12KaxUk=","1138":"jhXgSbujZkwaJho7CCfeZFHzLzUGAcGTY4PANawJ8k0=","1139":"ox4t2Zmwu51PIx7V5Ua2i+u8o2mDddDUuAthHInIhTk=","1140":"CITsIBwIQ5y1z5dGalS8FVVvmUVvcWp9d6a03bvkN0Q=","1141":"qUymecrc7JiFHtXHyCPxvDFBUQn1wINR8mpPJMqvUVI=","1142":"09cQFOuXzf+uyXq1ohS1kqLaanpFfQGSYGoUlgJlkBk=","1143":"LEucg6JUug5LjNskEo/4Iz712/blazvOBOEFQSE/uC8=","1144":"bMlYr4ZaH5C+jvC5KNpsesUxwMTASfXZ9lATppt9Jlg=","1145":"brKALqFiA08+YOUbfKccJJ3uFqESyWhglXY1N5HEUXo=","1146":"v09wCH8IqqoIV/9q/80Wcj9q/wmyHS+wqJ013z7LRX4=","1147":"06XZVGDfTEB1rk3MWyNGmgKF6QaGH7MF8zgWy+n9LRM=","1148":"TuwMcb9SewzgXbJdg6NWjZZTbH4m8P7YRNGnshXMpIA=","1149":"Ybo9hCp6Y/9m4E1T4+IpxbFKcHogKU9APTKww4Kpu7M=","1150":"OWYN354Yk9G8TEo1hJZkpcw6pT0V8ET11pMa74bVxPE=","1151":"HuT7qe9Dj2B1ByzJ+rHDc2soNjDpnMKlb4pSP4+H7Mg=","1152":"Wciig6NX47vMhGqWTIb0cUJWoEiGQE5uJpH7rZfVTPg=","1153":"ok1pQ/eN7vZSEkCNei7LLTql+pLwzX0QwvUdUttbKRI=","1154":"eL1C/N0zuBcNmUHiO96QKEgvpvzEgFjSkLroi/efZY0=","1155":"tQard2UzpCaZl3gtSV45pTu5rgRUE01BwPZnsWylofQ=","1156":"jDKVFR9IDB8RaPXZUUUlXraR7xClI/JN+g7MihZSvLY=","1157":"uU2B4vxtn1pxT7/ijl8rFqP6Tm8YFOa7EnbXfd15tKc=","1158":"voKV8LmV3kjuY6RpANPhAuMsIUPu6sIQwohhxpEFG94=","1159":"XaNxwK9PHQ+EOW/T/HkpXhxyPMnaPygB+7X8lkLU2Pg=","1160":"onEyzG7foOANV+7k/pff6Xkt3XAsMXjor1XKOK7DB48=","1161":"pZqJFCoeLWHbIOmj6N9Bfh5Nzyb0HvRfEuD8LKaKVUk=","1162":"6zy3OlRVCw1zkyYdAPF7iX7klOJDnScnoMD0UPBV/pQ=","1163":"HkUtBSmglT7etuzIrxZWfmHuuc1UDlAoPJoRW5UTtc8=","1164":"7/QR92vsUilX0npfCTzopKNK4Pyn8X/+3uN1vjL63PY=","1165":"AdRzw6EHtGmTpY2DDqDY+fI1wxNE00Ekke0Cz2QiCfE=","1166":"JJMOrfrHJN4sLqQ4OHJxSN/oHyodgh2ZJM/0EpE0qjk=","1167":"8hSlWgvUwc2oHjZvGMpziS6b3WKOJ2Dis1mUZSnAS34=","1168":"KuPYc/Yzn+f4zD5RXAOb4KFJg7mmwkpxINB1C+REE2k=","1169":"+ypnJXziAjGj0VHKcITQCYmsgLRQbC4nVkXj5oHAq68=","1170":"H5FqgbSQ4ctdcoh6okiOGOLrpl+ucs70LTvxMqHxNMw=","1171":"VNYzfpqTri5s6XnRBIGuwTYA1qlndsxDgfdICnf5pFM=","1172":"NiCc9xuRtMsy3Nbur/B3lSccg2fqjMYGUiIRLrEGYdk=","1173":"UVnReKXXpqFfENpyY/zzxt6fmDv6XvGK6Kv2fRWa34c=","1174":"y4vCqGkdafx1QayPbAhobucHKWEjJrThU2AC10jwEHQ=","1175":"0vIHI2odBNR8hdSYuUri9AtEDm/r5owlstAdnyhg3JE=","1176":"p4jm1PauN40KMUXjHDGFTQetSzoau9Iyq87mDpXLnBA=","1177":"YciqwNx1ZeKEHu1Uo/A+xZ7yqHQaFhFrNTOoEuA2QkQ=","1178":"roNSwwPQhGsgSLAYIX7In5JgsUDuj7I4o8TA5qSekoE=","1179":"oFtv1CjCFIr+1UeWQJmxlxnz3e750WJBBWG+P+zHvnU=","1180":"rgMpfQVVLPmo8dNdYwSVMmr133aK8iKQvPxxDE2Pe04=","1181":"YdliZYP67IUpHxqr9QxIW0vGAqUjB0nvwZP19mFZQ0g=","1182":"LVP5wTFFJQlHoFpYhslhn1lJddghCSD5kdCqe4RjVh8=","1183":"w0dUwdV5oClSrxbmtscl+DAl+SOFtVoW/F4k5rKwK14=","1184":"T1+g2BEE/Yk1XaT4A+po9keE7GkYclBwlYxnOYGAAC4=","1185":"MmWZzu2rgAvoWqqL95NRHD80G3jXKlF7qiyqh7fT5wQ=","1186":"3gaU6UDQOf+f1+BZbSVavaA4NLk5hDm6MYaHvaI/+Kg=","1187":"KEKJr7hwPxbmm4HU/lo5Uf/fwdY3JB9B6FylXGV/4yw=","1188":"YK6pY2InGQEhMcNdT+jd7qOdKhEHu91MzzGQ+8FRKaE=","1189":"+YfXIrb7QJmerPTJBSDnkDYp/VKttB/vsQKM3Wo75JI=","1190":"RPycOvTifVx3g5rq//UR3MB6JLRqEuUD51mtXgmUE3I=","1191":"447z45GpBStttzu0Y94OMizctLtvDAM9cy83UjAPzXQ=","1192":"w5/WBeqi4yuFlaJCsOP6vwm2JIMGlicHGZoVEB0z3j4=","1193":"5VW+vs8ymalpHc3NmxbD3s2g4ZbpQnL75CYqJBdZQUs=","1194":"9IqfB6n+zbMMWB/bqi2tJXfxu+50hKtYxVnMLd4tYog=","1195":"llOGkg7JYyngEJDW1HkblUJGDaR3gD9ZKcNZDTfvcc8=","1196":"CoGlsMqdiNuFC1f080IfDLFOpMJImVLzNVFKrLL4q+o=","1197":"VPZNyH71X9bNsSZgA5u7wn/dMXV6lkHzFy26qs0llyE=","1198":"vgRISNsVRT9E1B2Fq6af/d/n4fswRFi5AJm1Oky01I8=","1199":"FTX7k3WGxj2uIwKqQKcIojApuVj1vz1AnEqF2bVhPS8=","1200":"J1Ify6syk1x8d8RnapOBJtkLb8yMwgbnimfJarzs66c=","1201":"xpesFNmwnHeL55GDwq2nbBT8fIhq0oE+WhaJU4ughKU=","1202":"P1wICQoWMEaInRMviHFaAUtnkZQTsklWwgc0eMLQJ/s=","1203":"zpZtLXNFLd1pLjD5g9I4UfVxsOYSypJ1iq7jEH3qujs=","1204":"9YdOFAbjdPipEY+xWn/2rnJoWMYLwvtK+b8gyT2X++c=","1205":"oAJlKgNVrG9pDgKnAB0QMh3VmcOtvcQU9PJ9Xk7ya0M=","1206":"Z+ZOCn6lO1oXpeflah/3rtLCMPKlfvac1I075Ac3Dl0=","1207":"Bgg4CU0P2I0sdCoRB9XwsF4SZ8rNBONWknL2C5zXyCk=","1208":"K35nfT+dZrk1E8RlWs90eGTPaN/AyqbiUbVj/lPkmNE=","1209":"nD0cB/eo5yUyRGRG5oMTWpDcHGUU5QkH38e2rSYhF+M=","1210":"BS4xVkt4iOaA5juR9fvAJ+wdMiGDrNupTEG9gN/MY+s=","1211":"IkinTVfo96di0S/aKnr6DiZ1eCFZ7GltdLUsoZbijFM=","1212":"xPM5ivbGxfFhF7Yje2xdBGCHO5NujKCuWIS7acyV3ms=","1213":"bosK+oupPRZ3ego2THwhlaX/M6wXvzkYRCuqh5mKEPA=","1214":"5YGaJGIJPgtiWA4RsEBZWysgJ3b7dQmqTCxluZ97cxY=","1215":"SQ1ztZYaifRUGm7rjGw/oBoFZq84+noAKCnAiq9DTEk=","1216":"WNvHKsAMg05SgJ+tsPlvewb2Q3GMne2ToJfFHpS29ao=","1217":"KqIZEjxnYicTJkBL6K+EBwFhexpN6XD6uCT9MENXp0I=","1218":"C2/9wOGmXUJUHFnk9HovmX6t6sKd1gbaZ2vskhYd2T8=","1219":"iHCMLtfWglw1T2WTB0npt3aLge3TS3z085UtJxK0kFY=","1220":"S5rk3c0QgwLdfhKgK2f8ae21+MsH5y3XNdTqZ/RW1Is=","1221":"4HoTcuqe3JgPNCSwQ5xzs8X1ABuuzixBQ6JTGFdDmrY=","1222":"wVJXwcAN3DoR9QZC1e+0AzhwBKxTVeyoGL6xqhFmQgw=","1223":"AjvkqUJMyE+3BhJHwCHd3nCnIwgB8eUR1Fw7uHgrPVs=","1224":"ykSoVt2EOj7dH4HJmF4BvzlHG2vQOim7P5SURJlf7Y4=","1225":"EbVMi9g7ZHbJbpYZk4avV23AsB7Xw2qR1JmwkRSt7Sk=","1226":"eBP5H+1nGcV9KDnSRRd+9HOvjWfqO5+VVS+xa3OZDIE=","1227":"P/7kqGBysNk0RjT5aQhQMsJfnqK8KgQeMQ4YBk3fdqc=","1228":"0SEK+P3aeNYcWE85YHzyfuhnXlD2i6N4lj4Pef4mNQ0=","1229":"nXHroRKxN6+Tzd/ma8A8+jNMKX1B/z4M7ah/3m3otfE=","1230":"6fQ2WjMNduioy4iET+Pa2li/UcH2TK1h6TcyzjlX3fA=","1231":"YPBt7c0sFK08sRQcvOAIQgXsfvRaGxD4pMoKUePBFkE=","1232":"TRpsThcwoa59qcpvMdqsMZx7hVT9MLNEDx/gvKSjt+E=","1233":"AdLjqLCenN3NBwkDpJfnLbywAQdcauhgS4Y6U7mFHYg=","1234":"rPcLJqg5uFrDwzljBE7Qnau/wvO/HXeXZbpQebtEjyw=","1235":"PVFWg6rH8+My+YDoPaUX53JFdNdFKCvs/l6Yqf2LLwk=","1236":"jIGd6JeMSqo9Upr3gFGPptYpY+A5/arw07qpAincLnk=","1237":"FHt+OrumjPC/lct1tXFSzvhmOn0NMIlmt3H4tkfYe18=","1238":"gtXjd5j8J8BBRgfI1Ndv5457lrOWkCB48e2+TjO3cMw=","1239":"7o5SQUM/gj7tbB2XXRzS9+JqVQBcHra6VPYy03GbOXs=","1240":"wdUsacUAUcy0xx8AaF+GEm666cTC1fwTvSKeGdEJWdU=","1241":"FE81Y7FCd+qKAq0RjDY0aMv9o83LI6BEAHUUaR2A+ng=","1242":"1z+PUaIRMXh4rYibMv1z3EvIpbTSW4YWh9MYabKCg2A=","1243":"84U+Pxa48VDazx2mcaqerGqg0pnc+kHAhlZ1TPyLhUA=","1244":"t9rcUN2xahYN+5qvpgyLWmsuzEoUH4rQbKzVLo40bfQ=","1245":"kwuQRwD9XwR2Vig2/HCsyltqzNIQsiMlARHTJYhBpgE=","1246":"j4FPzGpIU1ADtzmJ22bOZyXnI04lIiaalSMNXUMNvqg=","1247":"4GZfwrO5PhRLTVZrCGyTvpGdWZT7JcLgGP7r2oK4LAU=","1248":"EAUkgXzUGYPccROhc04RIw0ocl4P2PDGoxr7KG4i05A=","1249":"zxI7v8CvW1EgmB584J/91LD+BUsb5DpfO0BkFXp430s=","1250":"Y5bVpcyM2cL93vFEsf9Y771qM9KBK8sxKwNz4Wc85sk=","1251":"97lcIMdJP5FTm1uL+3vrPYwsQ2zYtz/ajLj/Pzql25Y=","1252":"kkPaAgP/N8zPskaMD7FjAGddlO0ZabwSdeQbjj1uovg=","1253":"eUMeqP7mDyOQ66If95zWmB0oIcDdz1Zk9JS2Ue1+3yQ=","1254":"G3vjQFAJHmKzcQ3XMSpeKU2R/e463ErqfQ8XYJP6ZOo=","1255":"S1gl6Yq4t1Y1YvK2CrK3rVfIdawYSSyIaOmuxH8hnns=","1256":"UsvBxTivRX5qE7MYiESL8hR/R1R+NNHdD2pmTcTHn/A=","1257":"HIxqV5zJdbOyCTqoU26YrI5ZjgN2DaXAEPsz0l18YzU=","1258":"V5x2KmnZU3I8v+vqYcghCjV2MrLvxRVJMYlNFXYVZ+Q=","1259":"quu6dJO4Ck5PlHUTeJ56/Jq6SttyDVYgkndcrBvcQ74=","1260":"nmqH5lOzh/5YARm15BjCGbOFE8Tp3p1EoOcaZjtotn4=","1261":"6L7K10gz/RASfOhmS+JEWrYRiBuY/CdoTZuiBoFiQI8=","1262":"BR5LbFerwXH82QReoPtsxilzwSU+r43EdWife516RYM=","1263":"fFPZ8vpawNxrmorYdAPSNdO/jhMhQmlIqeI/pRMlzY4=","1264":"Cl4IR2V0jEhcrQKAD/avQOTQg1JprdRhhCq+vjFQKb0=","1265":"dbPE2rWyHezGXZf5VsVxgpcFzi9JntANbF7FOnYs0Ts=","1266":"cKFJb3AG+nnvg+O8omD11b9RydqYgrJYoHXXdAJSktA=","1267":"m3Uf9MxKUbJSR3KDQwEeTMPt00vjHxqxkiYAU33o5CM=","1268":"/1aqM52KaIeYjJcPNKXLZfv91phDEqPaB/AiYRgubog=","1269":"zQ6TVlKR3Hcn3Q1+ImC/Hoy6jylB5oHirnagRlrnaXA=","1270":"K6eBLID8HHVhQ2fKf4UD//asjgvq7OpsBJWz57cIFZg=","1271":"tj6Rm5yQn66xsGqdhp0iL04cKXuK8v15TjRS5ZtddUU=","1272":"JLKkHzMCJQHPArtnvoGnQpOdFpGoUqbKsyjcMBy0/DY=","1273":"4HcbJTVhrurgBI2Znm9Om6xM0Ty1nqXM/p3OMxAUico=","1274":"Bl0xVnyShs8xCt1ylz8sEM/sYS8MF52eJMRzisTKM2U=","1275":"c3TjDOSYCU0wyynzALn3hN9ZEagzHfik8Gh49+/q3mw=","1276":"XDTRr26EGSoJm6bJzbBX/S3rLbr+zIAMqYqwshhR7yU=","1277":"iw1H/CzzALNrLzf5V7R7VdSJhGys6VyRXPpQ1yL1Om0=","1278":"Gy1JbinREtqgrMGrCjsDi8cADARv72LW+daj+2WVaPg=","1279":"7RITsY6+Rh05bjq3EpDK4XwcGrXX/8sE5gm5/feeT4A=","1280":"nWxUdrSdl8UQOiOffWIswHXAphtZY+epRc1S4nrJxVI=","1281":"Mdm5L+NW1dY01/8W7uAv2BdEzQ5tEE+PJyH7Cih3NWs=","1282":"NhGGpA6a1Z2SnZevDgFdcdrKmzdnTieKEoGEVGP4SK4=","1283":"wED5efxkFJVvGNjGe8s93YzQK6Q77L00ZNrypnQZ0w0=","1284":"Y/GJlTVF0YG1zUIbf5b3wfsNUoi0SiqSPryUW4YMuBc=","1285":"1MMjO8X4ov9WUYk5JZNnhmKd1Sb/tW9ZeurSZvVG5Go=","1286":"mZ8kEtd45gy7v7mggvYKUrKwAhiZ8qKExCZ+//pqz3I=","1287":"m2+iETzCPj3PNFOS9nlersMh944dIfUD5Had9xYAVJ8=","1288":"Gk78SycpioC/VnCRLANSpTs/sLd9qdzXYPKHWAyK+Ls=","1289":"o+UDm3I3DK9d9Nifd5DXWFH1lwuGAYCr6bavHMoYfY8=","1290":"+R6LpKmTl9Hhb3JcmaFt+UdAEQ0aSit1JSzKuCjfTKg=","1291":"U5M6dIZWcs96vWQS4TMagx2H4PYi1zG+sRncHeptpIg=","1292":"3kcrZPA+lpk14Dmf+hLlVN+4UyXQgp2adBGKcQ46GYM=","1293":"1eb7YELBeE1281HLAgIijVHl5LJXemWOToEcx+9BDeg=","1294":"k9b0grd8Pl/rT80vlmcHGkHj/lhMFC+vTi1aCMlNUw8=","1295":"wEbhEKpQlfae7b9avpkQxwSHhUH1O6ZZiEDx4KkmVlM=","1296":"25wFQke4E4BQbYo0HN4oF1dGbZxdhWQypJk/rdm+Z0M=","1297":"X5BJSZNRgvPxH+bqmLRU636SbX4APS8a5mbm6XdvjLE=","1298":"WOe4yFwjLFrb5QaxMbfOEdmgX+bh1Z6izh4k5DLUXSQ=","1299":"ifTE9Gy7pd4t3SjVSOtqrA3Ncki2Z5iY0cpiCWpDtl0=","1300":"uDk5fetanFobX1rF1ZWYKKNwnHYdl0ddOZkXK/StaKM=","1301":"orx2cSWZIdv2nyzYG5uYUXl9gx045GjGQVbSeteKyBs=","1302":"138RUYWO2GTfCaxCHIcHCVqQiyQn+KWOih0Ge++5Rmg=","1303":"Nd1aBV+l8V0M9L6pRgQtEzhv/Q9BpbOrqoI3xbx8Qhc=","1304":"DEUirrkLAOWoI7d3o9g1LtZjE8Vj5BcVfKwkP0KsZQk=","1305":"K4lrmPiMeMW2ypDo2EbVQgmra7uhnQdNa9khm1GQL+I=","1306":"IiIWNaEZuRKh/xeujEob2giElkgf0esj3Z5E4m53sh8=","1307":"x8hTfX9B7fUnlJ9vZtMjKMPJranHpX9KLaKG/hRjyto=","1308":"cNL6hk66uzx0KPGoqAnWCLHfPwMJuxVH6ngkdwdwJL0=","1309":"Y+B6H0h1qQHXRO2y67waxY8a4lnc3pwK9FRPpJ05vrg=","1310":"x9qTR9myp3k25q5R+bHs9JQRdhLCUEoeAsKmETN5nUs=","1311":"HENnwCaUDZLL1ydDQm9723nHdxBJlAgPBbLQn3Tkyl4=","1312":"QOWmvYRy6MhxQJFYm58p2mp/xVribX40hIR8uJw4EQE=","1313":"rddW2Zw6ypQeC8N1EEK6oqauz5P8nT/JUuuSwsc8d1I=","1314":"kyHpcdBbUax6pXTqx42P0iVnNf/WHHEC3n6YYtacQ2k=","1315":"DwfUwUoo5cS5Q/aPc6qLYyrLSTEVwSSUckHvneMk5bI=","1316":"Ijr7SWADvzAczPuxRMJiZaA3mWgF9ut+5k2wi+iG3Ag=","1317":"3ySZDT/iV3YTOT6pIghxSs0ByojFUpLsWrSXxPq9Cus=","1318":"ktgFj4f6Vt9350UM5fllyJItt37mkkbzovdtxgBupU0=","1319":"NkRNm39fKeVc/CAg1KszdwEnfG2QQ7DSMTnPxzprXPU=","1320":"Gs7kEZ5teuHUVSNNrvnnpf2gqvw7xDcr3Mf4WSpzxbQ=","1321":"JrekYMoFgdymvXB00r3ajSXh9DQFZ56ps55RkrF6gWo=","1322":"4DEBvF6QzcVK9xZMu2PXFpxjydQM/ktK7c+O8NW/gfE=","1323":"gwssjuly369FWdDjE1w1vpaGyDcLvUWXa/STbb5uwsY=","1324":"7DNUEDTe3V1hsg3nqGBOEVk+cit7PaibsqCTeNVCxNk=","1325":"MByMFYzBbaF8hVJid/5ZzjDX+Jb3OCfR03BVDRJdRos=","1326":"sng/RoWN+q8XOIcfKROuvYtN21ILFbgltfr0Mrvwcww=","1327":"N3TKKb7bqWVFnYKNK7GBcg5AbNURmJEVaYiepqFKXgk=","1328":"NjG1O1Dfn5vLI0TdbokG5srEeXjLYWb37t1TbNlHfs0=","1329":"7bX22U/uJ9cJR6x/pippKXVJX0qdn3InnmZhf1Cht2U=","1330":"0ZTCt7bw6uqOemgdJnqqcLJwgxUhnYMaKNPs6+nmA50=","1331":"DrHIN0Ah9rTDv2jcGSgULR3uP2GreQeGxG46tpv80IY=","1332":"r8f9QJU0w55IRD+J92yKxvjkX7QVsBGCM/fx5o0NbRg=","1333":"JlEQ8ZnmLBfUmUyOR9hKhbtwbAjoyQay2R/gNGTQzbo=","1334":"Qe3RCZeaaF6lQP6fOvghg0VWDOAb1gnR4ATDi0IxWDs=","1335":"LeiIfoa1GdiGhzPT8IcXvD7u2GClzCxGWUUGI+8MiW4=","1336":"svrG8RIS7uyfI0xSf5vey9z3BeFFRuSB38dfFw0yoDI=","1337":"3JJJNXZqLL69kuvVMVOuUqgi+H7xtLi5tu2XDtTGU2Q=","1338":"3aX7OFKjawj0QBwI16WxtAjT2NlbYpNDBYxw2DA1hg4=","1339":"Ih85f8Q8hEv2o3A/5dPDNk8jgvGDalIsWNUODuDpEik=","1340":"c8kmh5tylKwtCSg0KeAQE5NuYFFIoGHOLYbz2JDrC3w=","1341":"cFDyikqMqD2jIZLM+FNMF07ZyoMnZ75B7sbWPnZluTg=","1342":"esjU+2cs5wU91lMTrAtGp9MCIbhTHIehJF9FLcWJ1rg=","1343":"qLxW/SCDJloxVHIJhN09wMgsGwnG9BvB4TdwsnQVG2Q=","1344":"j1GLtybBrPBT1cUC6QmA7iYwK5BkFcLGWFPlsGxXHBg=","1345":"LJVk6jlnLIKDTmSQrcpDDaYmkqZEUrxFxLypaBNPqoI=","1346":"IbdNt90aOSjKc3rzusq21YD2ln5DhHxR0YzCMH7/UY4=","1347":"9rfAhMluYA606egWwNTdd1QoFTvTmJVRuw543gRlee8=","1348":"Bn4muMEnDOX07s4FI3YGE9o4hG+mwiOfnTWjD91AWHw=","1349":"Ubv8+mgT72Qb5M4MCeexAQPeNo9aA2BXF0l8h5b527M=","1350":"u+cG+nk4stBfnz6TvhrSSBv9uks4Bl+uLJBwj9K7Oks=","1351":"zAadPlxbQv2VlBEeY+RjGWfo7N5Qw8qwFSapjcMzxY4=","1352":"3O3jEWqffpXELGFZTtwXRmHWPYGqjXrM/6FNdZm58Tc=","1353":"+fYWdlfZm/zfzxH6luOOzohk8RT9CpO8uMzKGXxrldc=","1354":"DKyXDIb9YnGtAF0/vjn0Ad8QOmz86xLsv80DWbMqyrY=","1355":"YQd0PC7sW9BscWtNCnFkPNL7mKZszC6afKhNuGjTIXQ=","1356":"LOaMGuxRdHypvzWTDXAne/1U9X4kw2wqFJA/A3yljfg=","1357":"Y6cND8wkQjH875up016TU1AOWOAIhfjPDxBKEaYIDws=","1358":"88RTLTePfLVYdmjmd9jXe3gvjXxWcEDYQ3QizRnD6PI=","1359":"y1JMrTrZINbPGMXMU8aJzxHhjM9UPO7KChungWkqEI8=","1360":"Gz0GZbWaQFi89hRe1IM93rliC+jJ2n76YLlwfjwNgWc=","1361":"uzUQe1RT1TwEnWAYj1w7HImWf5Op6IsRrW8aFN91mq8=","1362":"ptyuWzCMKvd0HGdTiytfYq3DDWnRbc2VuYIGtEazKn0=","1363":"IuOXsDui2/arS1mY4B1ke28KAajUcuJd+X39BR+AnkM=","1364":"Cz+wp+9HK8urqTkDaLYH4u2Io7EnWvo76kqGs8gDSG8=","1365":"O05B0fvU4ROrx/E4YdyMYJy8xxANafGEZ+7aMBeEOfA=","1366":"9LBsknbag2C5Ny1ewBtgYgjTvhssfeHs2YpEmSLixdQ=","1367":"tdQjaGHf57BpcP8loVZqL8Tx5A+k1JzIXvZNbTB4LLg=","1368":"XlhsAovr3UwJkk9qGFBYB67dBelhzsyVOGTZg8CGVXM=","1369":"Hs3p/1J7hmnrR1etAWLzizO6mFsHaYpZOqEeNi5i0x4=","1370":"DVJWOzDMtYTZRq3az6IP3rCSTLfYBfSbAB5EyRxj7qg=","1371":"gyy8yN6/VO4kcXt5T2n/daRC2hcUA6UupGUidToEZRU=","1372":"9u9TTiBG+MP0rQT61y0bLc0MJrSFTaXq4IMO1P8hjw8=","1373":"cJdKyG0AqA48jQJCCZD/Wy/ci3FWvhuTSZ4NKF7M7QQ=","1374":"eytHFTcBnr9CoxLWAlCPb7GkZUhO/s0DopWRFw1i8U8=","1375":"ehyjRGjLaFnlyS0bFqa1+YtGZyHPwGYymgDqmYSofEE=","1376":"MLZNiMbc1iGABL2KRyoDwf/VUuln+hUKZy3IjdC4XXk=","1377":"4pugMy25SHOFqGH40EwV/0PHhOBoBw4fUPKMcnT/Trs=","1378":"cXFcpfhNYXO2G97DJWkCPofCmy+CpsPEyy4B3aAq01A=","1379":"KGg16soBKXVQ4xBqna8cE/oXC8b6SkKnid9pB6/MSTM=","1380":"auyagXjmwp3BO7q/sdx+8AafPw8Y5rGzg9xA9eOjIp4=","1381":"gglwevpqBL+tAPaE4Feoul3OQbTrvMhdZGna8sXxMYo=","1382":"N02F1bLIQBogHHCabUbONyjSB5RmUikDEp9ApJ6k+Y8=","1383":"h1+uufDCmRhksQaI7PGFHmNvUeitxCY8sTFdH0NGhjg=","1384":"cudc3f+XhZPd9tk9ifPjm2c6zyNJY3mnZ8tTZBuVgMY=","1385":"VeanH6nmX/gmJE4v5RWQUWPBSuEEZHXWTCSDF1CjtME=","1386":"8GfBDsSTmc1VNQWWmi1won3EbsHJ3Y529Gux4cyBH9I=","1387":"ED6bK8Wfmg/lebVAQFtGO7XKwjMzIhMEQ4FW6Fgqu5Q=","1388":"DZm8np3bdTC4SCBEGmqK0XsduyjM93H+0cY0uN52vKs=","1389":"bp7FEml6pL6H3NO5K1uW3GUr7DevLkiBenKUbedpklo=","1390":"Y8b+xwViZZxQfcpEQupcrnlSgYnPWcfadlQw9tqFbEw=","1391":"MGPtA51pOR9vRV8QUU1pIhFferoCG9azZxMrFIevOqE=","1392":"R+6lI5eaXs5CKGHmLVbD/8P+BcOhhlu3/+qi/QSmA/s=","1393":"ixf+FGO5cXt+l82rYLIto7gAIpKzy8AiyjjbzHeLHC0=","1394":"dc1WwDxp6f3b97I3Rm2Hc60WyhCw3+Q6xU/4L4jtgCM=","1395":"ixaqwMjxK86gZJ0Guz5cTChDdGRfZkTHhCOC59GpRps=","1396":"eZAbNEESDPHgWdD3w/wOFzePvoSVzDK+3MZrY1yppTk=","1397":"WS090u11CNTxD5urKTiyiecudPWs4wLcJ/g/bCzpqas=","1398":"DwZ1XY54X4lQ+uLjRls2cJEa9oJFUmMI3tgsfQbTwQQ=","1399":"AybKVFX81sI8kzLP9D10OaGcBDtxtvizZHILXZhqMsE=","1400":"xM1K45EwtI56/TmyaevBz+pFwnNoHYtqb19TA4iVSAg=","1401":"L4XK8VCHtQX7243PPiSwpzKvEfsH5s9fTldXeZQO5N0=","1402":"tRpB/QVtqgVkPHXC88rnXywwnow7JyFfCVUA9qTYVLU=","1403":"Q7Qj+EWu/MVNazfBt+NZ0W2Cv1WueNikbhs14yNjFFA=","1404":"OoNcyF9vB1fjzYonuP6YZ9rscxHjzUOasgFJbbThrP0=","1405":"KdI7SL7egZBmKLinkzBPi4UPRSTY1WkaHLuMeXQTBGY=","1406":"PUUyIU0J/AnSQDfMe76WgvmuzC4Y+JOD9eXC6KGjyx0=","1407":"6nXxustuYPESMwMLtuYROueQdX96S/FP1d9XLZHpc9E=","1408":"ka4E5wwGBOhlILdrI9YzMtWAqPm479JIXd+PiyQ2kzw=","1409":"+J0Fnnwbv0/vUYujsRcsr6dIvtVUe7Rt86cgbiw8604=","1410":"YvEutPCXBqwpj8dKDuNpo8/VOC8vH3UicPwP46pE1NY=","1411":"m1AZ19R68anbx1urpDHXSVDoO8FeWgcA7V8IiZdPM/c=","1412":"YCC6php9itdg0rnbTzLIAjls4P1j2NZjlBOgrhps3F0=","1413":"nWW/lvXYlBI3O+Uf39bTaiJwTHVnUl6bqemB4Wt7OsU=","1414":"lUXTrS47/hvfi3ZTNKikIqZbXFc1TlZxRS4+9GJcvJw=","1415":"sxHbegIc4T/yhhvi9PdHyJX+eHj9A7wzbYFobrd1ynE=","1416":"fD0J7kX6znSr45WTdvwxtE+/hzyct5aEj8ZXsqA3WOA=","1417":"StLg6V5evUKro5dp/TC3JXlvJPTA45tL16Dedd/QVTo=","1418":"kTKVIcD+aV28MzNmGg4heMcgAGehsvZJLTElpNJ/1i8=","1419":"ZM5qr/XNhbrT2WSpqBILtcboRHfvLpfYVOFqcvk9NmE=","1420":"C72oD6l/nFq/0TTwDh0mYm/oafKK8ezU4DfSDdhtdAk=","1421":"zqmJpqfSrVAuXz64JuhSa2fwA6TEd0+kWepGzSgYR0k=","1422":"DUjGklI6ythh431BiApbfpChbeMmVgiR+96OkKFJ2MA=","1423":"EVRAbZJ1IweJxdtYjSViYyQV2zgH9j60RfFgT9ns3Vs=","1424":"m5WEstpdS9vsLYazuPqzh/cS2rhvQCzxN9twLcOr7/w="}},"BQhNVEG80FIN+RJ2GnbwQ41Dr+KWRdj4iT1km3NmlN5Y":{"chainKey":{"counter":-1,"key":"d0xIMesoCi7oP6JK2UH90F+9tEMTHqSSaRlxWZYHHlA="},"chainType":1,"messageKeys":{}}}},"BVYFXe9KPHUJRVCZEJbDmu4AfMwzidFRHoYr14RljDws":{"registrationId":2035111986,"currentRatchet":{"ephemeralKeyPair":{"pubKey":"BcT7vZI3kAhdupdbK1QFugDgr0jyxJ8IuSlZOcCWlyVD","privKey":"GADrh7jhn0mJ1yFUiuYck3Ljmdor9E1558ythEy+YHs="},"lastRemoteEphemeralKey":"BdQ92kYjwA1bqTXiSnrWl8MLc65uwwg3Ddi29tl/guhN","previousCounter":0,"rootKey":"8YDszRucPVeuo+0efTzdVAxFIOGXz8y5qS7Q+RTKDxI="},"indexInfo":{"baseKey":"BVYFXe9KPHUJRVCZEJbDmu4AfMwzidFRHoYr14RljDws","baseKeyType":2,"closed":-1,"used":1739551998743,"created":1739551998743,"remoteIdentityKey":"BUCVN5y0WxjwErTSPGjFF/80wkPxx8ZeAXAqBCbpfAFu"},"_chains":{"BdQ92kYjwA1bqTXiSnrWl8MLc65uwwg3Ddi29tl/guhN":{"chainKey":{"counter":61,"key":"uQVKGOmot1/fHvaQM+byTupYNAkJYEOr1iR0bcUL7tw="},"chainType":2,"messageKeys":{"0":"lBVInhIgn1RLNbQ7GGoOUpPG8hnmpYtGbKaH5HE4uBI=","1":"PFyjFsmXeOwkk1oFpfGoZc0WbiC0Em317R8PTd0H7XA=","2":"gPGNNZFzupANenhY2HfD/mDugQzXcgEYX/cvXy9mcfc=","3":"ZTYvER5vapIk46g/cVgGQv5aWuK2cRCoLWKDuHQDI1c=","4":"D31W0din+F7so0Ddu03QVIyvTZR78vo4u9eRepkNoIY=","5":"fym3pWJb6f8s1sRXs6aodn5GzE2s3GCauWutpjrgwPo=","6":"auJvBUfykn5Voe4JHCuufl70S657w6zdym1YYJp2l2U=","7":"gM6yi0TQ0ZpQjzkJTdJW3xGsooc5FO++O8BTqjetlt0=","8":"xDww96oYjBZalmyhOU+wBTSrtE4c+4MnXxyGNUTGoPg=","9":"mcdICHBTASBAw+uou9Gel13PSP2/F7kuARdqgeX4fNQ=","10":"V5rUfo/rDdShplIiKDmJlgxxHT+kxOWCnspD6uedFTY=","11":"qNn4c3IcN2RA9exto2t72WoATQ2A6SsY4moHXB+nDgs=","12":"8Syl5Tp8aEsCubTN7OLNxApN/2niTqy5tlyoDKFemcs=","13":"lepxqaZ2FzUXfqx1OlkQjqDLmOSP3Nizsi+4uIgmmTM=","14":"ltYRaMhX7geWIIlnGUJ3yOqhQIR8FX6jQNcj8ClSdTE=","15":"x/JKiokhFe8keTzrpRMT8t3WGj2Omyz9IhFPkWhfcHk=","16":"gbgmHhgFwhwM6EB38ErJ5u0BQNP91Bq2IvZXDaPX+c0=","17":"PnkOxe1Yba7dxKSbmrtgSz0FUDp3TrdJqmijOG/i18Q=","18":"rFejjL7gyMEBvz3vnwRP3ZGs5J4Y3tzqOze1yQzpobk=","19":"0xD292twOcgSRPJ0oEf8D+mkdsULRHPjbZduyzeZNgE=","20":"/DcpOYCVbOEAhyv/v4JV/BZLkTIRragNGG4HezNuzBw=","21":"cooDOhMFoh0BHoSbN7QVdRE480PFQQ+NldUp8Z5OVwk=","22":"mi0FfJih4jKN6eOdzGGoSxwIXSkRlGfxPerslKeJMZ8=","23":"vt8l80fmo9KwYNhckL6EKPPRQ6v51RfB8DC5B4vscyc=","24":"jAf99D/5AvRyByYrZ1A0SGLc6nclFEBs/+rE8xD1I4k=","25":"fy8MIrr4rVWQspd8qOHBWUaa0m1Uu3AdLLEL1JH57Ac=","26":"5jY7G3O8QDVUsc3/MMHZJ2DOHaTvXtPH+fc1aNLg9Gs=","27":"xiiqWXjn/35JemAnKyshm0xIIz670zjM8f6wWbXKUik=","28":"b+k6ma1P4iteWlRBBcC2+QTP39H+rTtOyG9tGaTfLhs=","29":"/4PvMGGELatkD9i0GxikskPGm+NFnDiUQAFUne5GeEM=","30":"I32AdMXiZhYntybqB4YTHTI2lJXglJrHW4cWZ/MCKvo=","31":"iWy+3VFC9ZMCWPUJBpC0nOGVeogWLyDYozWiTGsjins=","32":"l+T7zfFg705AAei/QNJvujkkn3YaYeR1FI2DHxVuWBI=","33":"6+bF9by0HvtfkAvFtbf666zvrxOnHeao6+DhmjLqtiM=","34":"jxJUHRH2gg+Sp+8ZbxeYUI94O8fAGGvoBbh5Fg97gQo=","35":"VD3geZKbqgvfRGJ6FX/UCP1mzUbsYzjLUui1xMjG7x0=","36":"+vLKJMAVRluMxA74qTv8zYgmFBx842UfIkAje5e1HgM=","37":"kMmR/r2ppK9dUXTFX11up+OM5Z8TeI9qpkf7/MIxH+A=","38":"AG8dJ/r+0Sxc/wNEEEpRFlNUNCdMAoaB5KM+DlSBL4I=","39":"CaZ3Zh5vepR0VmyBOdjxJOH53fiso0URDj0wl8Vm0Ho=","40":"2Aly8BzQyAolp0du4n5R6r3IaAcwmI1a7CGQ9nw9Gfk=","41":"aZw06/oYDJVCC4WBsfx3TLP/S98Ru8c0UW4Et9uPLqQ=","42":"4rlVS+Te641BKwEcmWdIEwCEix4Hwg+5Bc0YOwhWLRw=","43":"Ki/nwNtb4g6GWmPXAIl8D8UIkAv4aLMCPSzsV/JjROc=","44":"RXyYFKQzHCPQKqknHds/hVcVD6kNJskKcDa/fPI9qQk=","45":"XDssboPxZZWmKBj62ogaYUjrBpkOlX39KXlokMC/1t8=","46":"BtHHG+AqHLO5HoViExZAsbOGqekJc/UPxsF2137K3Ws=","47":"FsqD60QUdTdC5wYFUZNErUxEbhH4Z6Hv9/rlSoQqQMY=","48":"Fxwy0W95MVuFtmkrPWrCKpQJC7vjQHN5SMHvK2/gtSw=","49":"WvUlZzZhManQhEYkzlm08NdHD+cdsHT+2WNXMU79/OA=","50":"0knfLLARV/95WX+VvVBqMZMEVsGAzaZ9KCKkglhKMUo=","51":"O6nDjI42UNfVjANb6IN2ooEMnPbq4fnqqCaTpXZTY4U=","52":"Y/XWSVFNarfXc9d34j9UgofuUynPWHdNHWfwkRsyQx8=","53":"fv/mALgnPXDRZfKMJkLcC/me2MtVbbcBbJ0O6CNQc6k=","54":"RefFvd8qnKcqakCDeI2xGHEOr7/G3N4yI80ZVlKRCiw=","55":"YrDilAiViWawCRVZjMm9N2e73YZAAVFTKrvU2AN+JKk=","56":"EmJhSRvLhsyNp5MZE5tq8eS7oyfJbV/dev2bS7F9IDc=","57":"O6j1s3S3CumEq/s/Y4Vf/KMx1sY7mQWBWMkzveDC/6c=","58":"wAVEJDE3eL1O7Xq+T+X7oLUQYC62ebnkShmZAS3+rlA=","59":"OxwIBLrYA3fJ2ERJdk0Z6a8XNLfc5aPHHuN+8/HuwWY=","60":"nYkStNGqxKk787H2ezbDWuiiDeLXBqAP2PPFVLxWuB8="}},"BcT7vZI3kAhdupdbK1QFugDgr0jyxJ8IuSlZOcCWlyVD":{"chainKey":{"counter":-1,"key":"vCnfQeKLWBWk0X5ld0fcl1ngxGE+dpbb6M8nMMqAu98="},"chainType":1,"messageKeys":{}}}}},"version":"v1"}