{"_sessions":{"BXJ5ZpHRd50VfaHjqWm2DY4ASswkS98lOGOTWA05Oxk5":{"registrationId":836143828,"currentRatchet":{"ephemeralKeyPair":{"pubKey":"BerTrsfOkRpNfTWBV2x8H2CsA7fPqZEv3HZgFm+bJ08z","privKey":"cKf5QB9GcMq2n8ZyhYj+t+EQvfV/e/qZxr3hYQWN1nY="},"lastRemoteEphemeralKey":"BZaKviapJZn/pG3JJSKKLXy77ftjYV88MV9n6C9Tmlxj","previousCounter":39,"rootKey":"p3fO12QG79D21Arlen/v3fenMfBHhci1Ckci2dneFKI="},"indexInfo":{"baseKey":"BXJ5ZpHRd50VfaHjqWm2DY4ASswkS98lOGOTWA05Oxk5","baseKeyType":2,"closed":-1,"used":1741383992690,"created":1727196620830,"remoteIdentityKey":"BUw4yXdx2rMAKp+gMqAtVVtzm4EM59GwRagtEGRiwPcU"},"_chains":{"BfJsC5r89cl7R1isuvszLo6baMAqJieM3Ndf6j/giGk1":{"chainKey":{"counter":7},"chainType":2,"messageKeys":{}},"BT4ode/wHwW2rpj3+0pjf7c4p0HPJasXNXM/bNg3O51Q":{"chainKey":{"counter":0},"chainType":2,"messageKeys":{}},"BX/AbqKKVsZm9u9EzSEiaJuyGmegNPkQLAyx7NJvXlB5":{"chainKey":{"counter":1},"chainType":2,"messageKeys":{}},"BaE8G/7b9g/FbqtCqv62xuAFeodBxSAg1uOJkApv2S9V":{"chainKey":{"counter":2},"chainType":2,"messageKeys":{"0":"+pM1tTKQUXEl/EHlnM6qm50GVJst5jvQaDTVYUJR7rA=","1":"0SdfvkmL06rbB3olR2AeG+aRqSCd5V6uGTLlAMxIHX8="}},"BRiQPsChhDz+l5TUH731bZUxtH6JY1v/cfKBBlL1tOdY":{"chainKey":{"counter":0},"chainType":2,"messageKeys":{}},"BVrAkIBS/c6rou8Q8SjShkreexXFrnEb0jidl3zeKHMv":{"chainKey":{"counter":0},"chainType":2,"messageKeys":{}},"Ba+N6whKUEhkfHqAbBLhVrDJS+R9za5ad0Swho6D3FQy":{"chainKey":{"counter":0},"chainType":2,"messageKeys":{}},"BZdLPFC6e9Oog/kVvQIFftwkqPqoKtmY1N6T8XSlD8oU":{"chainKey":{"counter":0},"chainType":2,"messageKeys":{}},"Bcn2vlV+gjLdUExje84+zAdRlNd0TwxrWmCvLQdwPQd8":{"chainKey":{"counter":0},"chainType":2,"messageKeys":{}},"Be1dtMewXqrHg6pR7Zcig40G+QVdmNidL+zRUzXT728t":{"chainKey":{"counter":1},"chainType":2,"messageKeys":{}},"BQsRD6/2Px42RNXEfEh6gE2yWMIjsiWvCfd19qi8WopT":{"chainKey":{"counter":1},"chainType":2,"messageKeys":{}},"BbSXJvbppXvzX/lWpwDrpuzT1VCa2bj31LkGn5GFgHpa":{"chainKey":{"counter":1},"chainType":2,"messageKeys":{"1":"GrPa2NmzNHqss+gez5Wn12o9biv3skrnmkCHAt/gFo0="}},"BdGrvQExY9OdyfVFNPDXKsH5iyniyGFvVgGjceWVv29k":{"chainKey":{"counter":0},"chainType":2,"messageKeys":{}},"BeqU5OxhBzfgGBiBDvy7rJMkrfMViucDYwW087W7jXN1":{"chainKey":{"counter":2},"chainType":2,"messageKeys":{}},"BeP38oeXnlDx+x9tIfZdKrr9+gCJHPZrVbwDMwR6jQBU":{"chainKey":{"counter":2},"chainType":2,"messageKeys":{}},"BWCivCh+M79V4TmXyaOlK3exJs8DWJq/E3LmpzUdHUld":{"chainKey":{"counter":3},"chainType":2,"messageKeys":{}},"BfF0+d9n/w0ONafLQAoxjPDAk6iZirf8EvMwunkCyaBa":{"chainKey":{"counter":1},"chainType":2,"messageKeys":{}},"BcGUCPS0P/tnd31ZU/y0XQ/vEZqZu/uZaZ0peCG1quRw":{"chainKey":{"counter":1},"chainType":2,"messageKeys":{}},"BZnfCE+AbtWFHP4YcD724jujvJh/WQ1OSNYBMUd68FkX":{"chainKey":{"counter":1},"chainType":2,"messageKeys":{}},"BVXrsLT6bHz26IfDvbu7QZ7JD1eYBAWuoQWarXEVyqt0":{"chainKey":{"counter":2},"chainType":2,"messageKeys":{}},"Be8v6TB/TfL4T2g6RveMiZk5uyj1JTVXnhohBrneKWga":{"chainKey":{"counter":0},"chainType":2,"messageKeys":{}},"BeYua9t0ZYHHHwaOQL1irqhy4xX9x+pwNg6/njmQgL4P":{"chainKey":{"counter":1},"chainType":2,"messageKeys":{}},"BfkrgPBXSpivGETabm9+oVHpL1clGrf+hTUcnOWe1pZm":{"chainKey":{"counter":1},"chainType":2,"messageKeys":{}},"BepMVbiZFIxVRd7Ibihodb22T3Cr/e0648IoHCClgLoN":{"chainKey":{"counter":1},"chainType":2,"messageKeys":{}},"BacDE0qHFoLRuiKvjCe324aac73gnSnlijIVEFyN78NA":{"chainKey":{"counter":0},"chainType":2,"messageKeys":{}},"BZefPuxyzGQqrepTx2srAem7KZLIiTtI/qk+CYPiu4dl":{"chainKey":{"counter":0},"chainType":2,"messageKeys":{}},"BT3EF80z01xTTatk1gHa3fTdIDPuOdN5gJ9rFVSziEdG":{"chainKey":{"counter":1},"chainType":2,"messageKeys":{}},"BfwafFh+qnK5yL45hXSCXw2H3WXlCoJ+OclkDyBqPSVf":{"chainKey":{"counter":2},"chainType":2,"messageKeys":{}},"BWrFA83IqOJqUOvXjewdOsxR7jCQqDkaAfvPtk1APMUz":{"chainKey":{"counter":0},"chainType":2,"messageKeys":{}},"BV+AwtWGKEvkjZ4lm+sLs2E07fLR4FhVOHuGm+lfpcZx":{"chainKey":{"counter":1},"chainType":2,"messageKeys":{}},"BazvEEbp4WfffzxL73bwxJQU+YcU4VmI3SaLR07z4hdX":{"chainKey":{"counter":2},"chainType":2,"messageKeys":{}},"BeorzwDOg3AJCHdJ0H9X3AU5QC1XPMMBtL/TkCyZqG8k":{"chainKey":{"counter":0},"chainType":2,"messageKeys":{}},"BZTKHJ2g643QJxiMom/53UTuF1Z+xL4Y5ebkkcrNbMNB":{"chainKey":{"counter":0},"chainType":2,"messageKeys":{}},"BSv8cI3uavDyhA4QaiH9MKaSc1rLuiEpmLNHpo6dQyks":{"chainKey":{"counter":3},"chainType":2,"messageKeys":{}},"BQuaklvip5apP7XWdvGLa/v0tKL1yREo5tAYOMgmsmId":{"chainKey":{"counter":0},"chainType":2,"messageKeys":{}},"BXBc0s6VZRPYWDatv4JEO+rI+6D93QbjNpdoYYKlKcUb":{"chainKey":{"counter":1},"chainType":2,"messageKeys":{"0":"2kuK6xz4JSddwvFWV69Yo/E3PgmS8rLKor1+lXFAyAs="}},"BdFdtG6RxlzsNLCsVhKPKNV2O7P3bu04qMT6vayFLfdI":{"chainKey":{"counter":0},"chainType":2,"messageKeys":{}},"BfPrkPK8ek+tlV8/zvzSbQpuOpoCPUS0MxV1PtU0NWcP":{"chainKey":{"counter":0},"chainType":2,"messageKeys":{}},"BXOPxWQOxHSIE1tcgPFLyNwbZh7yPQ7pJZp1nhp6jtA9":{"chainKey":{"counter":0},"chainType":2,"messageKeys":{}},"BVw8OCwEgr1wCMZxvvw7BzYbfHIWQVrChxRMPG1ucW0N":{"chainKey":{"counter":0},"chainType":2,"messageKeys":{}},"BRSfz9qlUC0KWzXDzdW56iuHFGg+GsHdmKjbafYF87tk":{"chainKey":{"counter":0},"chainType":2,"messageKeys":{}},"BZ3WHetCUOiB6RGIIZMOqtnoc+9A9Pzgz+ymFE/6nkgK":{"chainKey":{"counter":0},"chainType":2,"messageKeys":{}},"Baoq+ESKyC8WVS/xyIn1DrFX8CAds0WehPBXD4F0LOcb":{"chainKey":{"counter":0},"chainType":2,"messageKeys":{}},"BaNn37D9ANrLThuIV9FV/BoCUjasVgEhQ0rcI6E406A6":{"chainKey":{"counter":0},"chainType":2,"messageKeys":{}},"BZaKviapJZn/pG3JJSKKLXy77ftjYV88MV9n6C9Tmlxj":{"chainKey":{"counter":0,"key":"MoidWxGoNJ3vcaCwF6ZIKERmHNAda549EdWRNgpWRds="},"chainType":2,"messageKeys":{}},"BerTrsfOkRpNfTWBV2x8H2CsA7fPqZEv3HZgFm+bJ08z":{"chainKey":{"counter":37,"key":"ejvFr32y8T8VOUCTDjWuAESNzhxkLlBkdyg475+2ZAY="},"chainType":1,"messageKeys":{}}}}},"version":"v1"}