{"_sessions":{"BZGy78D+9wjIkPE6DBwZ8Pd/JUSC2xgmSZ9GdQc9/3k2":{"registrationId":1847,"currentRatchet":{"ephemeralKeyPair":{"pubKey":"BWJDeEnfo2D7NBuz8+4inb5iPHllCqhrhzBjfKP2RbYV","privKey":"uPn16SvT5S4oSDe52RRgNrT3c8XjJpq3p/tG7gtBEn0="},"lastRemoteEphemeralKey":"BZysTJQwkwj1amcNuXUn8/XYTwXaNMpcVOSmM8Sw/r1P","previousCounter":0,"rootKey":"rXyqJx/kpBI2c4BPf/0r9JZtWjjl3NVr8E01DRp1Cwg="},"indexInfo":{"baseKey":"BZGy78D+9wjIkPE6DBwZ8Pd/JUSC2xgmSZ9GdQc9/3k2","baseKeyType":1,"closed":-1,"used":1731074298263,"created":1731074298262,"remoteIdentityKey":"BZGETQKDrvCELvbK+Pt1m8O7tFQjOw+71t5taiqQ9pQ1"},"_chains":{"BWJDeEnfo2D7NBuz8+4inb5iPHllCqhrhzBjfKP2RbYV":{"chainKey":{"counter":134,"key":"u0Gi5zR84hxuv48Q2QuuE0E12Sz368WvrfDt+9PwBgM="},"chainType":1,"messageKeys":{}}},"pendingPreKey":{"signedKeyId":1,"baseKey":"BZGy78D+9wjIkPE6DBwZ8Pd/JUSC2xgmSZ9GdQc9/3k2","preKeyId":822}}},"version":"v1"}