{"_sessions":{"BRAJpVBHomXiE6SSfG3blDo/uFNEAkwXQ0ZGcmYDa7hf":{"registrationId":1260025105,"currentRatchet":{"ephemeralKeyPair":{"pubKey":"BZMO7lZ57eLv/JUqBBqFt/z9AmfEi47yM6TbnPmSdZ0o","privKey":"UB+eo6NC1qNywwg4tilvpLcfVVtuG9FXdCJlVvoJxlA="},"lastRemoteEphemeralKey":"BXbD37o6w/BI3NoV/lb4VIDzFsCgt4ZxTaDqb6DaOZED","previousCounter":0,"rootKey":"UVKIaOOWtYZllJUdbV0znzWkXDJTArY8J3kEOzAn8Pk="},"indexInfo":{"baseKey":"BRAJpVBHomXiE6SSfG3blDo/uFNEAkwXQ0ZGcmYDa7hf","baseKeyType":1,"closed":-1,"used":1727197275389,"created":1727197275389,"remoteIdentityKey":"Bdr1s8TMeeGhDbD4GTmBD6lAKcimZ37r4uT0y4rsJjUw"},"_chains":{"BZMO7lZ57eLv/JUqBBqFt/z9AmfEi47yM6TbnPmSdZ0o":{"chainKey":{"counter":80,"key":"pFWM7OKLBWI5b27fzLsDOAosjBosWAJQ2cQWHI/NXDQ="},"chainType":1,"messageKeys":{}}},"pendingPreKey":{"signedKeyId":2,"baseKey":"BRAJpVBHomXiE6SSfG3blDo/uFNEAkwXQ0ZGcmYDa7hf","preKeyId":13498033}}},"version":"v1"}