{"_sessions":{"BTdmk6wpE6UIjKj/kKsndgisJMVRS2O4v5BqoV823G8y":{"registrationId":9341,"currentRatchet":{"ephemeralKeyPair":{"pubKey":"BYUSdFy6emmMf1fPIGVMgRKQ0CASwiCEtjhTa4RbmN9H","privKey":"+CbwhP1UwEnrfoey5c6wzzBDJhc5u0j0u8JBNWv5EFM="},"lastRemoteEphemeralKey":"BQYFINxBDZQEThxVgk4KGlW2oCLJIX5n9Dzmm5+N6rlv","previousCounter":13,"rootKey":"ZTjG9vq8psQPj1q6fzXgWDIgyq6SohoUUGS0wx5feFc="},"indexInfo":{"baseKey":"BTdmk6wpE6UIjKj/kKsndgisJMVRS2O4v5BqoV823G8y","baseKeyType":2,"closed":-1,"used":1734532070983,"created":1734099407887,"remoteIdentityKey":"Ba83r9nvE0rKuUh/O9gDZn6wvERgU0CdMH0e1ZqnYCJd"},"_chains":{"BbxFa4Vw5LcFyOlcFSAhWvBBSItCDQwnZCBx0B7z5CR1":{"chainKey":{"counter":0},"chainType":2,"messageKeys":{}},"BQYFINxBDZQEThxVgk4KGlW2oCLJIX5n9Dzmm5+N6rlv":{"chainKey":{"counter":0,"key":"zC5cCnAPxPuZyi7LY8nJyLKgS/lcMvJPHi3EdjgnEqo="},"chainType":2,"messageKeys":{}},"BYUSdFy6emmMf1fPIGVMgRKQ0CASwiCEtjhTa4RbmN9H":{"chainKey":{"counter":5,"key":"Tmor8sEXDgEy9d5EOOPlX932oQ+RcJXXd6TnWwqbnvE="},"chainType":1,"messageKeys":{}}}}},"version":"v1"}