{"_sessions":{"BYjOidMkjrXrgOoee/5IEY8BZq5Q6AZJa0JLRzvXKExj":{"registrationId":10964,"currentRatchet":{"ephemeralKeyPair":{"pubKey":"BdCfLdHDQ0BYz4xNsKakreoegDdi4oeDo9GDdMxm+c1G","privKey":"2C7plIAKbnT95ddyx0VuZoQIOrDbtEhYDLWW06HpkmQ="},"lastRemoteEphemeralKey":"BS/+Gv0VYrgcv9Shvv+GlbpDINOWnvIESFfBL8DqsKEs","previousCounter":66,"rootKey":"GSFLdiyfwjuovzeHOtQoXZ6IJMIRTy0mY4fOb8JhoGw="},"indexInfo":{"baseKey":"BYjOidMkjrXrgOoee/5IEY8BZq5Q6AZJa0JLRzvXKExj","baseKeyType":1,"closed":-1,"used":1737587347892,"created":1734442994468,"remoteIdentityKey":"BcJNyiBPdtSxpo01sBuloII/Cd0ZGU/k6gSe7cXTghx9"},"_chains":{"BS/+Gv0VYrgcv9Shvv+GlbpDINOWnvIESFfBL8DqsKEs":{"chainKey":{"counter":0,"key":"AZzG8/N55/c8SIwwYo14Gu4CEIIe54Zv+woJnhJfbBs="},"chainType":2,"messageKeys":{}},"BdCfLdHDQ0BYz4xNsKakreoegDdi4oeDo9GDdMxm+c1G":{"chainKey":{"counter":41,"key":"TanLqneOG6LXhfEzP6RTK9Ew3EIhAoWP2shE1HCmNw4="},"chainType":1,"messageKeys":{}}}}},"version":"v1"}