{"_sessions":{"BXR/hbshsGB7o88sR5ov4m4xS5ZNdQsRJRJdCQOHRiNF":{"registrationId":4752,"currentRatchet":{"ephemeralKeyPair":{"pubKey":"BT/q1tM4yXaj5EcJBYmxZbXzFcXzK6BBxXTpym6rXKR4","privKey":"gOwyIHovea2/ttkOWs7gY+0Lrxclhbja9lbs/jUNY2A="},"lastRemoteEphemeralKey":"BUM+AOA1FpC2d5U0ur7Wj00GDCZfX/hmD4dNnLZ9MJFD","previousCounter":0,"rootKey":"RCHlLXWc6+4bXRfxmQhBXTNCR4gH4l5h4vmterH+1qE="},"indexInfo":{"baseKey":"BXR/hbshsGB7o88sR5ov4m4xS5ZNdQsRJRJdCQOHRiNF","baseKeyType":1,"closed":-1,"used":1730394308482,"created":1730394308482,"remoteIdentityKey":"BVBmV/ee2p/ZhJwzZzfODUiuHaPSXg/U3fGJjiYJtQIq"},"_chains":{"BT/q1tM4yXaj5EcJBYmxZbXzFcXzK6BBxXTpym6rXKR4":{"chainKey":{"counter":2,"key":"Ul7PmrKj3Fguv9li4gQjeIeMl6uchkYtN9DezsyDELU="},"chainType":1,"messageKeys":{}}},"pendingPreKey":{"signedKeyId":1,"baseKey":"BXR/hbshsGB7o88sR5ov4m4xS5ZNdQsRJRJdCQOHRiNF"}}},"version":"v1"}