{"_sessions":{"BVXJlvJF05EhikLHMMJC9UQKCZzM8OJ1Xmj8pFQWXvYG":{"registrationId":5609,"currentRatchet":{"ephemeralKeyPair":{"pubKey":"BXUx+sNCNvilJIKXJyJgqZwNftyRuZkFuC+hzej7ok0A","privKey":"eFSbcxqG3FovaVjPiahfuLXmiGUHpPu8h70M0y/b5Xo="},"lastRemoteEphemeralKey":"BZeUcMINGZ1MW9uxaPQ1VisWoWwW1WEndYQmWW1I6ZgY","previousCounter":0,"rootKey":"vQND06w2yPzANMSsH5S3o1gtysKbXkQWHuKD2iPzJoc="},"indexInfo":{"baseKey":"BVXJlvJF05EhikLHMMJC9UQKCZzM8OJ1Xmj8pFQWXvYG","baseKeyType":1,"closed":-1,"used":1730394308476,"created":1730394308476,"remoteIdentityKey":"BYcJODj61oF5XGmff5vMpOr3oE4Jr0cvo+c1fUP3fgBG"},"_chains":{"BXUx+sNCNvilJIKXJyJgqZwNftyRuZkFuC+hzej7ok0A":{"chainKey":{"counter":2,"key":"i3vNnOf8wMM6pmlc6tnoT1PwgmOxLxi35x1j2O2S1Qc="},"chainType":1,"messageKeys":{}}},"pendingPreKey":{"signedKeyId":1,"baseKey":"BVXJlvJF05EhikLHMMJC9UQKCZzM8OJ1Xmj8pFQWXvYG","preKeyId":1890}}},"version":"v1"}