{"_sessions":{"BeSwCLmuoPPzt8yLo33jbrpjmVC734g9KReyFP4a0TB4":{"registrationId":666987937,"currentRatchet":{"ephemeralKeyPair":{"pubKey":"BcxA7cPRjxSs2FmmEgZ8IRtEuTBVbLNTh0nsc3uk29d8","privKey":"8Jy1w+TGjdms3VGSOTnGxDrzQivy3u0Wbei2BDMQqUQ="},"lastRemoteEphemeralKey":"BQfz0GVPxUs2xDyHzcEUui8wFuPiWk8IgEJQNcTx+WZb","previousCounter":0,"rootKey":"9RPO9nkaEBT1uJuBL/O6Vy+8QehwdoIQJ/23hoQsUKI="},"indexInfo":{"baseKey":"BeSwCLmuoPPzt8yLo33jbrpjmVC734g9KReyFP4a0TB4","baseKeyType":1,"closed":-1,"used":1731090345631,"created":1731090345630,"remoteIdentityKey":"BY+KH8wK6klaZz8phu7nAMICm7Onu4UDSQWuQjh0njBJ"},"_chains":{"BcxA7cPRjxSs2FmmEgZ8IRtEuTBVbLNTh0nsc3uk29d8":{"chainKey":{"counter":7,"key":"mHn972NYyQOXt2AFkXbEZSckAq2mZMUIKKSBgspAtZM="},"chainType":1,"messageKeys":{}}},"pendingPreKey":{"signedKeyId":1,"baseKey":"BeSwCLmuoPPzt8yLo33jbrpjmVC734g9KReyFP4a0TB4","preKeyId":175}}},"version":"v1"}