{"_sessions":{"Be1P1PYtK089hPjmF5vZYWYcdTpY82ln6CAnnXKF1KJF":{"registrationId":8612,"currentRatchet":{"ephemeralKeyPair":{"pubKey":"BV/OAr5rrx4QuaO/Rv6lLPmgGtno5TTxDhYQUWcO1mUB","privKey":"cKg4Kdbezn1BMQxeL+Mi9QKafbFCSFg0KwqJzEKbJ2w="},"lastRemoteEphemeralKey":"BW3pXnoGoV9QRwXQKrZFfsZJyNHi7SuiSUFahHBIvsFC","previousCounter":0,"rootKey":"kkkEKJpr6VWekHae2IoXhLQxX+sjqDCjZXdLVJgO0vA="},"indexInfo":{"baseKey":"Be1P1PYtK089hPjmF5vZYWYcdTpY82ln6CAnnXKF1KJF","baseKeyType":1,"closed":-1,"used":1730125094195,"created":1730125094195,"remoteIdentityKey":"BXss0KQy8mFyk2iQKGXwlQh+OT3f2T6N62BWDxJpPKl7"},"_chains":{"BV/OAr5rrx4QuaO/Rv6lLPmgGtno5TTxDhYQUWcO1mUB":{"chainKey":{"counter":1,"key":"i2FzAWSp45Z5stYDoPHDtmP+zWWGSkwviJ1TG1io6Yo="},"chainType":1,"messageKeys":{}}},"pendingPreKey":{"signedKeyId":1,"baseKey":"Be1P1PYtK089hPjmF5vZYWYcdTpY82ln6CAnnXKF1KJF","preKeyId":364}}},"version":"v1"}