{"_sessions":{"BV0Pjao0bp97Tj8DLToOEOPFXNGLj0F3QAc8qDENnOod":{"registrationId":99971879,"currentRatchet":{"ephemeralKeyPair":{"pubKey":"BfEvad5ZLGTGFvrmyNcwMbNy8QlbBYdsim8SgasIf0QS","privKey":"0MYWi56cB8IsJh8T6XQLLE4UHD9nVnw7nJvMxhejyGY="},"lastRemoteEphemeralKey":"BU3xGU2NGJzAYWSPeV5nR6het9ovKiLbQFgEQevkJAYS","previousCounter":0,"rootKey":"ToDUBLG3bgfLn/eQ2Cw6nN+43rMtEMdosvL5DLBit1M="},"indexInfo":{"baseKey":"BV0Pjao0bp97Tj8DLToOEOPFXNGLj0F3QAc8qDENnOod","baseKeyType":1,"closed":-1,"used":1731093296394,"created":1731093296394,"remoteIdentityKey":"BaileMmsPm8X+H8vV3mUV+9gt5hUvHcXBoidnsPJTOsh"},"_chains":{"BfEvad5ZLGTGFvrmyNcwMbNy8QlbBYdsim8SgasIf0QS":{"chainKey":{"counter":7,"key":"g/BtOIgJkSpSxmk2xAblt451nbUHkth5RbPgy2jBI3U="},"chainType":1,"messageKeys":{}}},"pendingPreKey":{"signedKeyId":5114085,"baseKey":"BV0Pjao0bp97Tj8DLToOEOPFXNGLj0F3QAc8qDENnOod"}}},"version":"v1"}