{"_sessions":{"BXqQFwyeDiTTJYJTIKBdiQA771Z1B0XPsgYVp0IIcbBy":{"registrationId":3578,"currentRatchet":{"ephemeralKeyPair":{"pubKey":"BZINWPfJnUtJ0Kkd3nwBugyc+s1ahSpWRsTLnllh9NR/","privKey":"WJ3B4LsmoL8bJ3mT/bD429ma6FkqIRkWvn03no1k90c="},"lastRemoteEphemeralKey":"Beq3fq0I6XKzA6vGbpSqs5qYhcR1c/M5yt16D+4ZKzg5","previousCounter":0,"rootKey":"ucOH0ikOcvsfTep0gscFwI5UHW872AX/1BnfZGutGNM="},"indexInfo":{"baseKey":"BXqQFwyeDiTTJYJTIKBdiQA771Z1B0XPsgYVp0IIcbBy","baseKeyType":1,"closed":-1,"used":1733414810214,"created":1733414810214,"remoteIdentityKey":"BToojnq/1iOWQiqTRvdX0BsANH+AsFOmSPYmKxc/0CoG"},"_chains":{"BZINWPfJnUtJ0Kkd3nwBugyc+s1ahSpWRsTLnllh9NR/":{"chainKey":{"counter":22,"key":"tF0zTcw8sZlRsdCyuyF7xMwdyMxKZODTXPTcZv7FUX4="},"chainType":1,"messageKeys":{}}},"pendingPreKey":{"signedKeyId":1,"baseKey":"BXqQFwyeDiTTJYJTIKBdiQA771Z1B0XPsgYVp0IIcbBy"}}},"version":"v1"}