{"_sessions":{"BVLOkcZjRvSs56XoRAXAz7Mt6m5CEGgCGHgo7gifOd45":{"registrationId":4610,"currentRatchet":{"ephemeralKeyPair":{"pubKey":"BVoVx5Gai1QpFFlLAsP+7QLdvRLseov4DuLOH71ShUwx","privKey":"MMGQDumD+CAetK4blirqxlB4G8inCwgXu1Ae6lu2Lmc="},"lastRemoteEphemeralKey":"BV8YhGbwwSMZtU8v3qEx7KGWyoXCfNz1OJwpFWB56ltN","previousCounter":0,"rootKey":"Rb2JeSFqlgRTZsGxOb23u0WC0p51YHgAhHGofzOqTcM="},"indexInfo":{"baseKey":"BVLOkcZjRvSs56XoRAXAz7Mt6m5CEGgCGHgo7gifOd45","baseKeyType":1,"closed":-1,"used":1728338482504,"created":1728338482504,"remoteIdentityKey":"Bdjktly+9fwNmmTbTDFZLMiFzAhd4BTMKSAGZphs4M0n"},"_chains":{"BVoVx5Gai1QpFFlLAsP+7QLdvRLseov4DuLOH71ShUwx":{"chainKey":{"counter":11,"key":"JBjg1cGtYvSNscyNpxeT5Gju0pjrUqbzRvNQFD0wVr8="},"chainType":1,"messageKeys":{}}},"pendingPreKey":{"signedKeyId":2,"baseKey":"BVLOkcZjRvSs56XoRAXAz7Mt6m5CEGgCGHgo7gifOd45","preKeyId":7899}}},"version":"v1"}