{"_sessions":{"BV/jbVApKAKn2EcLejuFyPyl7Y/c64nFRCOA8k7NZzYK":{"registrationId":2457,"currentRatchet":{"ephemeralKeyPair":{"pubKey":"BWncSodmWo+7650CvEvQ36TySJQdUWjZ5ACCalzoGVB6","privKey":"kE4IrKplvH5Hq4ZU3X3ynEUm/MtiH9u14IA+A8uHBWc="},"lastRemoteEphemeralKey":"BTjYY9+O7/II+bq1Q1XqKMthVit+OUzcigpA1PyrNIRZ","previousCounter":106,"rootKey":"89fYxUbQ17FhGTDOqAv5MkSNkz5aAGK2+avb7x3sJ4I="},"indexInfo":{"baseKey":"BV/jbVApKAKn2EcLejuFyPyl7Y/c64nFRCOA8k7NZzYK","baseKeyType":1,"closed":-1,"used":1741383981385,"created":1740243562886,"remoteIdentityKey":"Bao6kwM2lCV5wYOClZweCauujXlK76XYS7W/SIDGxkMo"},"_chains":{"BTjYY9+O7/II+bq1Q1XqKMthVit+OUzcigpA1PyrNIRZ":{"chainKey":{"counter":0,"key":"fcPBy9heiu8hLfsszO3LRwhP6064JxF2KLDO9ywOMYg="},"chainType":2,"messageKeys":{}},"BWncSodmWo+7650CvEvQ36TySJQdUWjZ5ACCalzoGVB6":{"chainKey":{"counter":-1,"key":"7ZbZHgcbfE+c9OvHzVNGwG706tKxc9OrH0xd7fsS9oc="},"chainType":1,"messageKeys":{}}}}},"version":"v1"}