{"_sessions":{"BWoNMbeRPzfHEJjGA7hG5XC41KyzBNdADaOcxNUzIZJj":{"registrationId":13658,"currentRatchet":{"ephemeralKeyPair":{"pubKey":"BSINJw86DVg1Hc1jHJ7ws00kCKITDj6Y5tlnW2XZjWtS","privKey":"cG7FyTngxuZ4XqjXGT75x+oDEA/EipsNPRZjdqd45E4="},"lastRemoteEphemeralKey":"BTmZlqpAq3tcwPNBATr1bbzsipNaiVG1l1gp0Bdbz/V4","previousCounter":0,"rootKey":"M1nbRo6Y3JjxCRlDYA0fs3oeAPPwXMX1S3BDo+ttZbc="},"indexInfo":{"baseKey":"BWoNMbeRPzfHEJjGA7hG5XC41KyzBNdADaOcxNUzIZJj","baseKeyType":1,"closed":-1,"used":1738181545248,"created":1738181545248,"remoteIdentityKey":"BWy8ugqnYn+hFQjfLxcm7ILtLhczkD3RIJzF1Ery1hZh"},"_chains":{"BSINJw86DVg1Hc1jHJ7ws00kCKITDj6Y5tlnW2XZjWtS":{"chainKey":{"counter":5,"key":"1mWRCo0PV0s2P6cZ4k3wnQVtvrFhfb1NUwD9kJS/K2Y="},"chainType":1,"messageKeys":{}}},"pendingPreKey":{"signedKeyId":1,"baseKey":"BWoNMbeRPzfHEJjGA7hG5XC41KyzBNdADaOcxNUzIZJj","preKeyId":178}}},"version":"v1"}