{"_sessions":{"BVuK4IINCNXIi68SWcf95G91Si7rnlezw5V6yEddkFRV":{"registrationId":7265,"currentRatchet":{"ephemeralKeyPair":{"pubKey":"BciXYSk/bx4a2d/RV3++DdQF5HMkjRW2zIWlJ7+R7GQm","privKey":"2BUc19qQ9OrKd7+0bYVeelgbGteEyKNyVNekc64BrH4="},"lastRemoteEphemeralKey":"BWVwcdu1pOH4v0r8OhM3NqZU90aiTK6XOPrHto2WJl8p","previousCounter":0,"rootKey":"EhYwBcstz3+EQolC9eRKOtA0dOSf8GbT4cixG1QTPeI="},"indexInfo":{"baseKey":"BVuK4IINCNXIi68SWcf95G91Si7rnlezw5V6yEddkFRV","baseKeyType":1,"closed":-1,"used":1728337906056,"created":1728337906056,"remoteIdentityKey":"BZW/KxiXRK18HoGOlfFrIsYsE4UCq5XK9yJHecE0PUtE"},"_chains":{"BciXYSk/bx4a2d/RV3++DdQF5HMkjRW2zIWlJ7+R7GQm":{"chainKey":{"counter":15,"key":"HRMLA89Z+a5k3ATv2UyngCg3sce/YDodH6fG5GSCqeE="},"chainType":1,"messageKeys":{}}},"pendingPreKey":{"signedKeyId":1,"baseKey":"BVuK4IINCNXIi68SWcf95G91Si7rnlezw5V6yEddkFRV","preKeyId":32}}},"version":"v1"}