{"_sessions":{"BRQ3k6V/qdROHyJF7Oz3EQRMyirJFzL0xyVGhX7+7Exi":{"registrationId":702854283,"currentRatchet":{"ephemeralKeyPair":{"pubKey":"BfMUVYY6+BqTSqYOyGYcuTzmpR5rL3uQ5j5resAfV4d9","privKey":"iPDHHz9qaHZ8ubBYSiYHmNswko+q2x9OhidITgpP+Uc="},"lastRemoteEphemeralKey":"BQ1bWf77d0y1Hd5s05RABn7T1b2qJfTCp82tpIE0rax2","previousCounter":0,"rootKey":"xD1CIHWYWFuKIogcMSuZPfltTzIPbabGBB4m4jEsUIU="},"indexInfo":{"baseKey":"BRQ3k6V/qdROHyJF7Oz3EQRMyirJFzL0xyVGhX7+7Exi","baseKeyType":2,"closed":-1,"used":1736902389940,"created":1736902389940,"remoteIdentityKey":"BUrksgR5tkjizTJ8uLg1go3gf8DnB52aIBy39ZqOcuMb"},"_chains":{"BQ1bWf77d0y1Hd5s05RABn7T1b2qJfTCp82tpIE0rax2":{"chainKey":{"counter":46,"key":"zAWIydkYTucZzlRS+reiS4MeeZV2fYEPNLzu056JfQg="},"chainType":2,"messageKeys":{"0":"02BMD2hEQ0XVOoMh/N5hh/RVl+Lnq7h+QSAP4t1KpR0=","1":"27fr6v3/ox8IwwxCriZa9dyCJSPXnjHDMyeZbCQRREA=","2":"h5cOse4DFPqCl0iXwgS8qZtLjvWTAeQLjRFf6CPrrb8=","3":"52tfEnmfgjSW8dDqCrtZdwhOJxs2ZK2+JDy0IovmRwg=","4":"Ymmg4MqoC/VBjSm+7cfkHuou61mZkt8X/SyiBtW2fns=","5":"R56OkfY4XydCaqiU4pwkvXAyefMWs3kACkyTVoI6LBM=","6":"9gT99+1WOhfSj/6MBeOKrh0GANx54nyBNQXZr/pzQyE=","7":"rbfS32g7386RjmRhwuCvQn42QwzlEEg3Lv2781oooYc=","8":"cHGY40i4LD0xx3+HB9NSdcZKuxm2/D0snyxJmYh437k=","9":"EAzrLXi023J30/vgZh0smULX2FlyYxB58fD9So3YxvQ=","10":"+8yd8RnBhZLG4vwQ1GgXWfYEd2Psj/Rt1+QU11HpKEM=","11":"sDjqln8CUeW6/8t3axvygguduZ2iR7SSuT36UDGydRo=","12":"o03rvYZohWbGtfVUthBtoNhQbTpFvhVzoUEY8pLozXQ=","13":"3Lp2R5pSOPwUXlJHpng3zNdSuPocKnbByHnFI4FGLyc=","14":"TE29itZBEbwAV8ERmopR0d07vLIzSNGuPwsqx0BhLlA=","15":"ZL6mUOigPQaXlUjVH8Yx00zTZQ0lw1UF8QEmaTNqb1I=","16":"BWRFDk8EDnRfri2okx/+gWQtehWieEzhhWOIZ0OyKQE=","17":"c1hWgtjlpLNmm7OcJbet4s6a9xeMgTQfUOYx7+Rayzk=","18":"dWwwrBGhijGhFCT102OMOOIwyAGW3E5aQzwBuCcsvwU=","19":"/zyoJtdPhKlIHz9wM8pUmGzzbfc6tr6/A41Rtck8Sx4=","20":"nTFDyQtv7BIahErbHSsQ8foP69lNz98/nk3airQFeDA=","21":"v9Cfu4fo8hcW+lQRw8Le/vUsGAZfBtwupyNpqQEhxlg=","22":"PhRap33oGWQDhDpx1ni2gEA8CUDm41sruLWsvg18a0Y=","23":"M7iC2LxiTm020n8HIwgzliwREbkMaSDWhDOjKZnBEqg=","24":"1zzkspijLlr//1pavdrcdOqtp6YFWUAPY9g3XxdxEj4=","25":"n/4AaSI9qx/hTsfpU/9F9utXihbdEr4B7iR2F5oSmDg=","26":"Knt80Vrc7loexU9VpMdRkdktZOF2KoZgkrF+13hi2pM=","27":"sxaPExzTfnsw/01jcF7ZEoDZ1JDRDeFxGCZtincdpbw=","28":"4z2bZirzisJDXQ9yNIPV/CJwzHCU5clcJ5ckEoLJDmQ=","29":"AqWbrsQD3d3+WwyoaqycQUzK/Dnu0rGTjFdirxKwZQg=","30":"liLNEI3G8FvFJ69lrh7cZmeBVtij16bwbRGVSuLUGAs=","31":"kyyIDMuoHp3cpXVoN0e9k9KfAFwJPUz1hIN3HSLP91Q=","32":"uCuSbMwnab8i9/CYwbOK/4we2Yes0m+WZvXZMYi9ce8=","33":"uI8qzeBUS/iT7fmBkMJwdoCt0h9crtZ3nvwfMWOkjWs=","34":"SAMmV0cIrnCOtT7aJtmYWHDW3r6CX3arqZzKc6zRrRM=","35":"z7JK8CnUN/W2M7DgcvYAEUJ1RjgbCvWBaZad/nnNEAE=","36":"97u4aUSfhF5/5VmiJkNpLYbxjyndDL53+E2eUw1G5e8=","37":"29C6dtQbZoZWTtU+nsyUvoIK0Ha/QIbCxDxnjO44vbY=","38":"v9iIC4PkP49OzXvOFiGvOORx+f1WJCen703lEZ+t7/A=","39":"WR3GbzDHdOqnXy2PDBv/RuQOfg0SF6VuqqBOYtjUsRE=","40":"a1vswbR45JTE7kJw2GQUvukYFMYgri3f3N9NJHC3wFk=","41":"EPedtIPZI42k33IEK7w+jQKRTOYzaQI+SI233GF1l3U=","42":"lL90pNz+c3RAq2iZCZjBdu5JkfWtAE/QEqWczJBYHvo=","43":"o22MVwRbjsJzXU20iCFSD8VqiWV9Yq4BvpuyypdOcDc=","44":"dDccvaT4MMwHzdKqbOxOMzI7vKOCtTwDdLnVBxfA3rE=","45":"EYOYpqV+MPTUfSVBumGd2HlNtd34L9E/4kNoxmXMDtw="}},"BfMUVYY6+BqTSqYOyGYcuTzmpR5rL3uQ5j5resAfV4d9":{"chainKey":{"counter":0,"key":"/NKgrEtuMGrjmEF+kyH96uPwnvnAA8Vq4EUuH8qtctA="},"chainType":1,"messageKeys":{}}}}},"version":"v1"}