{"_sessions":{"BUojjL4xEPxxAa9uTS7SsMjLUbN+VLvz/stv4yre5CtV":{"registrationId":462703979,"currentRatchet":{"ephemeralKeyPair":{"pubKey":"BUwf69D0MTygc2bxTQFjBB3AGOGXhNyrTdQS+rrrxsQN","privKey":"UGKVjB5uv+w++xnZTYPLIbmApJzlqGY3lN/UAR8gBk8="},"lastRemoteEphemeralKey":"BRQQmDZEApeCCIhvQGTy04Hb/T5zYzpqOBugSqidMrAa","previousCounter":0,"rootKey":"LikJ1iQwAMhW6l2I6zLqt4O3yZvLvclUowIaGKan8A4="},"indexInfo":{"baseKey":"BUojjL4xEPxxAa9uTS7SsMjLUbN+VLvz/stv4yre5CtV","baseKeyType":1,"closed":-1,"used":1732137453779,"created":1732137453779,"remoteIdentityKey":"BYCGvR8NG5ViRyEfL/3Gj8hW+oQVWmUbKzhNpozkl3QG"},"_chains":{"BUwf69D0MTygc2bxTQFjBB3AGOGXhNyrTdQS+rrrxsQN":{"chainKey":{"counter":31,"key":"zARsmTfsxeqafFKOe4JiRwFfz8tdsUlXhAZ9rzvTfvE="},"chainType":1,"messageKeys":{}}},"pendingPreKey":{"signedKeyId":30,"baseKey":"BUojjL4xEPxxAa9uTS7SsMjLUbN+VLvz/stv4yre5CtV","preKeyId":15688043}}},"version":"v1"}