{"_sessions":{"BarMdRgQB+ZpA+qnhhiauiVVxE66S+LeJJjxFL073eg5":{"registrationId":807861497,"currentRatchet":{"ephemeralKeyPair":{"pubKey":"BRHHQSkLZG07q/d21S8LyPtYYR3Cgw3IoNrAyUiR/4Rx","privKey":"QCbkVCLxu2NgEsv5cCpJWyIKiu77UouJaMZVd4hUul0="},"lastRemoteEphemeralKey":"BefYY4xzGO0tlSruOnuYWiiiTvGfvlz23EkOmZSE1VRB","previousCounter":0,"rootKey":"/vwaCynt01EAMO6f6uHTApgZ4WN9hj+RVem2k1HjQv4="},"indexInfo":{"baseKey":"BarMdRgQB+ZpA+qnhhiauiVVxE66S+LeJJjxFL073eg5","baseKeyType":1,"closed":-1,"used":1737036835688,"created":1737036835688,"remoteIdentityKey":"BZ2qkDt3DGJ9rSYGe7fxEZ+FUrrtOIiG3zSjoTASVGE8"},"_chains":{"BRHHQSkLZG07q/d21S8LyPtYYR3Cgw3IoNrAyUiR/4Rx":{"chainKey":{"counter":1,"key":"J/OO/QFN63IKwlswx1Bjjp0HJtlYDNec5kB6xNi0GHY="},"chainType":1,"messageKeys":{}}},"pendingPreKey":{"signedKeyId":21,"baseKey":"BarMdRgQB+ZpA+qnhhiauiVVxE66S+LeJJjxFL073eg5","preKeyId":704594}}},"version":"v1"}