{"assets/audios/alerta.mp3":["assets/audios/alerta.mp3"],"assets/audios/alerta.ogg":["assets/audios/alerta.ogg"],"assets/audios/favicon.png":["assets/audios/favicon.png"],"assets/fonts/favicon.png":["assets/fonts/favicon.png"],"assets/images/favicon.png":["assets/images/favicon.png"],"assets/images/ff_Experts_Logo_onDark@2x.png":["assets/images/ff_Experts_Logo_onDark@2x.png"],"assets/images/logo-sos-final.png":["assets/images/logo-sos-final.png"],"assets/images/solcuionescsi.png":["assets/images/solcuionescsi.png"],"assets/images/vnimc_1.png":["assets/images/vnimc_1.png"],"assets/lottie_animations/favicon.png":["assets/lottie_animations/favicon.png"],"assets/pdfs/favicon.png":["assets/pdfs/favicon.png"],"assets/rive_animations/favicon.png":["assets/rive_animations/favicon.png"],"assets/videos/favicon.png":["assets/videos/favicon.png"],"packages/cupertino_icons/assets/CupertinoIcons.ttf":["packages/cupertino_icons/assets/CupertinoIcons.ttf"],"packages/flutter_map/lib/assets/flutter_map_logo.png":["packages/flutter_map/lib/assets/flutter_map_logo.png"],"packages/font_awesome_flutter/lib/fonts/fa-brands-400.ttf":["packages/font_awesome_flutter/lib/fonts/fa-brands-400.ttf"],"packages/font_awesome_flutter/lib/fonts/fa-regular-400.ttf":["packages/font_awesome_flutter/lib/fonts/fa-regular-400.ttf"],"packages/font_awesome_flutter/lib/fonts/fa-solid-900.ttf":["packages/font_awesome_flutter/lib/fonts/fa-solid-900.ttf"],"packages/material_design_icons_flutter/lib/fonts/materialdesignicons-webfont.ttf":["packages/material_design_icons_flutter/lib/fonts/materialdesignicons-webfont.ttf"]}